Command line invocation:
    /Applications/Xcode.app/Contents/Developer/usr/bin/xcodebuild -project Lectern.xcodeproj -scheme Lectern -configuration Debug -destination platform=macOS -derivedDataPath /tmp/lectern-transitions21-worker-xcode CODE_SIGN_STYLE=Manual "CODE_SIGN_IDENTITY=Apple Development: Local Developer" test "-only-testing:LecternAppTests/LibraryTableTransitionsAppTests/nativeTableTransitionsReachInspectorAndExport(alternative:)"

Build settings from command line:
    CODE_SIGN_IDENTITY = Apple Development: Local Developer
    CODE_SIGN_STYLE = Manual

Resolve Package Graph


Resolved source packages:
  Rostrum: /path/to/user/.codex/worktrees/rostrum-metadata/rostrum
  LecternCore: /path/to/user/.codex/worktrees/rostrum-metadata/rostrum/Lectern

--- xcodebuild: WARNING: Using the first of multiple matching destinations:
{ platform:macOS, arch:arm64, id:00006050-001E081E3E31401C, name:My Mac }
{ platform:macOS, arch:x86_64, id:00006050-001E081E3E31401C, name:My Mac }
note: Using codesigning identity override: Apple Development: Local Developer
ComputePackagePrebuildTargetDependencyGraph

Prepare packages

CreateBuildRequest

SendProjectDescription

CreateBuildOperation

ComputeTargetDependencyGraph
note: Building targets in dependency order
note: Target dependency graph (9 targets)
    Target 'LecternAppTests' in project 'Lectern'
        ➜ Explicit dependency on target 'Lectern' in project 'Lectern'
        ➜ Explicit dependency on target 'LecternCore-product' in project 'LecternCore'
        ➜ Explicit dependency on target 'Rostrum-product' in project 'Rostrum'
    Target 'Lectern' in project 'Lectern'
        ➜ Explicit dependency on target 'LecternCore-product' in project 'LecternCore'
        ➜ Explicit dependency on target 'Rostrum-product' in project 'Rostrum'
    Target 'LecternCore-product' in project 'LecternCore'
        ➜ Explicit dependency on target 'LecternCore' in project 'LecternCore'
        ➜ Explicit dependency on target 'LecternCore_LecternCore' in project 'LecternCore'
        ➜ Explicit dependency on target 'Rostrum-product' in project 'Rostrum'
        ➜ Explicit dependency on target 'RostrumLayout-product' in project 'Rostrum'
    Target 'LecternCore' in project 'LecternCore'
        ➜ Explicit dependency on target 'LecternCore_LecternCore' in project 'LecternCore'
        ➜ Explicit dependency on target 'Rostrum-product' in project 'Rostrum'
        ➜ Explicit dependency on target 'RostrumLayout-product' in project 'Rostrum'
    Target 'RostrumLayout-product' in project 'Rostrum'
        ➜ Explicit dependency on target 'RostrumLayout' in project 'Rostrum'
        ➜ Explicit dependency on target 'Rostrum' in project 'Rostrum'
    Target 'RostrumLayout' in project 'Rostrum'
        ➜ Explicit dependency on target 'Rostrum' in project 'Rostrum'
    Target 'Rostrum-product' in project 'Rostrum'
        ➜ Explicit dependency on target 'Rostrum' in project 'Rostrum'
    Target 'Rostrum' in project 'Rostrum' (no dependencies)
    Target 'LecternCore_LecternCore' in project 'LecternCore' (no dependencies)

GatherProvisioningInputs

CreateBuildDescription

ExecuteExternalTool /Applications/Xcode.app/Contents/Developer/Toolchains/XcodeDefault.xctoolchain/usr/bin/swiftc --version

ExecuteExternalTool /Applications/Xcode.app/Contents/Developer/usr/bin/actool --version --output-format xml1

ExecuteExternalTool /Applications/Xcode.app/Contents/Developer/Toolchains/XcodeDefault.xctoolchain/usr/bin/clang -v -E -dM -isysroot /Applications/Xcode.app/Contents/Developer/Platforms/MacOSX.platform/Developer/SDKs/MacOSX27.0.sdk -x c -c /dev/null

ExecuteExternalTool /Applications/Xcode.app/Contents/Developer/Toolchains/XcodeDefault.xctoolchain/usr/bin/ld -version_details

Build description signature: 31b542b28d0d3622395a710f25baa9d0
Build description path: /tmp/lectern-transitions21-worker-xcode/Build/Intermediates.noindex/XCBuildData/31b542b28d0d3622395a710f25baa9d0.xcbuilddata
CreateBuildDirectory /tmp/lectern-transitions21-worker-xcode/SDKExplicitPrecompiledModules
    cd /path/to/user/.codex/worktrees/rostrum-metadata/rostrum/Lectern/Lectern.xcodeproj
    builtin-create-build-directory /tmp/lectern-transitions21-worker-xcode/SDKExplicitPrecompiledModules

CreateBuildDirectory /tmp/lectern-transitions21-worker-xcode/CompilationCache.noindex
    cd /path/to/user/.codex/worktrees/rostrum-metadata/rostrum/Lectern/Lectern.xcodeproj
    builtin-create-build-directory /tmp/lectern-transitions21-worker-xcode/CompilationCache.noindex

CreateBuildDirectory /tmp/lectern-transitions21-worker-xcode/ModuleCache.noindex
    cd /path/to/user/.codex/worktrees/rostrum-metadata/rostrum/Lectern/Lectern.xcodeproj
    builtin-create-build-directory /tmp/lectern-transitions21-worker-xcode/ModuleCache.noindex

ClangStatCache /Applications/Xcode.app/Contents/Developer/Toolchains/XcodeDefault.xctoolchain/usr/bin/clang-stat-cache /Applications/Xcode.app/Contents/Developer/Platforms/MacOSX.platform/Developer/SDKs/MacOSX27.0.sdk /tmp/lectern-transitions21-worker-xcode/SDKStatCaches.noindex/macosx27.0-26A425-e829b21a6f8c9b70876ba0858053c0447231f6df4def33e022ae2eb8f782df1a.sdkstatcache
    cd /path/to/user/.codex/worktrees/rostrum-metadata/rostrum/Lectern/Lectern.xcodeproj
    /Applications/Xcode.app/Contents/Developer/Toolchains/XcodeDefault.xctoolchain/usr/bin/clang-stat-cache /Applications/Xcode.app/Contents/Developer/Platforms/MacOSX.platform/Developer/SDKs/MacOSX27.0.sdk -o /tmp/lectern-transitions21-worker-xcode/SDKStatCaches.noindex/macosx27.0-26A425-e829b21a6f8c9b70876ba0858053c0447231f6df4def33e022ae2eb8f782df1a.sdkstatcache

CreateBuildDirectory /tmp/lectern-transitions21-worker-xcode/Build/Products
    cd /path/to/user/.codex/worktrees/rostrum-metadata/rostrum/Lectern/Lectern.xcodeproj
    builtin-create-build-directory /tmp/lectern-transitions21-worker-xcode/Build/Products

CreateBuildDirectory /tmp/lectern-transitions21-worker-xcode/Build/Intermediates.noindex
    cd /path/to/user/.codex/worktrees/rostrum-metadata/rostrum/Lectern/Lectern.xcodeproj
    builtin-create-build-directory /tmp/lectern-transitions21-worker-xcode/Build/Intermediates.noindex

CreateBuildDirectory /tmp/lectern-transitions21-worker-xcode/Build/Intermediates.noindex/SwiftExplicitPrecompiledModules
    cd /path/to/user/.codex/worktrees/rostrum-metadata/rostrum/Lectern/Lectern.xcodeproj
    builtin-create-build-directory /tmp/lectern-transitions21-worker-xcode/Build/Intermediates.noindex/SwiftExplicitPrecompiledModules

CreateBuildDirectory /tmp/lectern-transitions21-worker-xcode/Build/Products/Debug
    cd /path/to/user/.codex/worktrees/rostrum-metadata/rostrum/Lectern/Lectern.xcodeproj
    builtin-create-build-directory /tmp/lectern-transitions21-worker-xcode/Build/Products/Debug

CreateBuildDirectory /tmp/lectern-transitions21-worker-xcode/Build/Intermediates.noindex/PrecompiledHeaders
    cd /path/to/user/.codex/worktrees/rostrum-metadata/rostrum/Lectern/Lectern.xcodeproj
    builtin-create-build-directory /tmp/lectern-transitions21-worker-xcode/Build/Intermediates.noindex/PrecompiledHeaders

CreateBuildDirectory /tmp/lectern-transitions21-worker-xcode/Build/Intermediates.noindex/ExplicitPrecompiledModules
    cd /path/to/user/.codex/worktrees/rostrum-metadata/rostrum/Lectern/Lectern.xcodeproj
    builtin-create-build-directory /tmp/lectern-transitions21-worker-xcode/Build/Intermediates.noindex/ExplicitPrecompiledModules

CreateBuildDirectory /tmp/lectern-transitions21-worker-xcode/Build/Intermediates.noindex/EagerLinkingTBDs/Debug
    cd /path/to/user/.codex/worktrees/rostrum-metadata/rostrum/Lectern/Lectern.xcodeproj
    builtin-create-build-directory /tmp/lectern-transitions21-worker-xcode/Build/Intermediates.noindex/EagerLinkingTBDs/Debug

WriteAuxiliaryFile /tmp/lectern-transitions21-worker-xcode/Build/Intermediates.noindex/Lectern.build/Debug/Lectern-81dd8c5d5ffef3ab3b9caa0531f1f110-VFS/all-product-headers.yaml
    cd /path/to/user/.codex/worktrees/rostrum-metadata/rostrum/Lectern/Lectern.xcodeproj
    write-file /tmp/lectern-transitions21-worker-xcode/Build/Intermediates.noindex/Lectern.build/Debug/Lectern-81dd8c5d5ffef3ab3b9caa0531f1f110-VFS/all-product-headers.yaml

CreateBuildDirectory /tmp/lectern-transitions21-worker-xcode/Build/Products/Debug/PackageFrameworks
    cd /path/to/user/.codex/worktrees/rostrum-metadata/rostrum/Lectern/Lectern.xcodeproj
    builtin-create-build-directory /tmp/lectern-transitions21-worker-xcode/Build/Products/Debug/PackageFrameworks

WriteAuxiliaryFile /tmp/lectern-transitions21-worker-xcode/Build/Intermediates.noindex/Rostrum.build/Debug/Rostrum-t.build/Rostrum.modulemap (in target 'Rostrum' from project 'Rostrum')
    cd /path/to/user/.codex/worktrees/rostrum-metadata/rostrum
    write-file /tmp/lectern-transitions21-worker-xcode/Build/Intermediates.noindex/Rostrum.build/Debug/Rostrum-t.build/Rostrum.modulemap

WriteAuxiliaryFile /tmp/lectern-transitions21-worker-xcode/Build/Intermediates.noindex/Rostrum.build/Debug/RostrumLayout-product-t.build/empty-RostrumLayout_41E2EB293FB7CC87_PackageProduct.plist (in target 'RostrumLayoutdynamic-product' from project 'Rostrum')
    cd /path/to/user/.codex/worktrees/rostrum-metadata/rostrum
    write-file /tmp/lectern-transitions21-worker-xcode/Build/Intermediates.noindex/Rostrum.build/Debug/RostrumLayout-product-t.build/empty-RostrumLayout_41E2EB293FB7CC87_PackageProduct.plist

WriteAuxiliaryFile /tmp/lectern-transitions21-worker-xcode/Build/Intermediates.noindex/Rostrum.build/Debug/Rostrum-t.build/Rostrum.DependencyMetadataFileList (in target 'Rostrum' from project 'Rostrum')
    cd /path/to/user/.codex/worktrees/rostrum-metadata/rostrum
    write-file /tmp/lectern-transitions21-worker-xcode/Build/Intermediates.noindex/Rostrum.build/Debug/Rostrum-t.build/Rostrum.DependencyMetadataFileList

WriteAuxiliaryFile /tmp/lectern-transitions21-worker-xcode/Build/Intermediates.noindex/Rostrum.build/Debug/RostrumLayout-t.build/RostrumLayout.DependencyStaticMetadataFileList (in target 'RostrumLayout' from project 'Rostrum')
    cd /path/to/user/.codex/worktrees/rostrum-metadata/rostrum
    write-file /tmp/lectern-transitions21-worker-xcode/Build/Intermediates.noindex/Rostrum.build/Debug/RostrumLayout-t.build/RostrumLayout.DependencyStaticMetadataFileList

WriteAuxiliaryFile /tmp/lectern-transitions21-worker-xcode/Build/Intermediates.noindex/Rostrum.build/Debug/RostrumLayout-product-t.build/RostrumLayout_41E2EB293FB7CC87_PackageProduct.DependencyMetadataFileList (in target 'RostrumLayoutdynamic-product' from project 'Rostrum')
    cd /path/to/user/.codex/worktrees/rostrum-metadata/rostrum
    write-file /tmp/lectern-transitions21-worker-xcode/Build/Intermediates.noindex/Rostrum.build/Debug/RostrumLayout-product-t.build/RostrumLayout_41E2EB293FB7CC87_PackageProduct.DependencyMetadataFileList

WriteAuxiliaryFile /tmp/lectern-transitions21-worker-xcode/Build/Intermediates.noindex/Rostrum.build/Debug/RostrumLayout-t.build/RostrumLayout.DependencyMetadataFileList (in target 'RostrumLayout' from project 'Rostrum')
    cd /path/to/user/.codex/worktrees/rostrum-metadata/rostrum
    write-file /tmp/lectern-transitions21-worker-xcode/Build/Intermediates.noindex/Rostrum.build/Debug/RostrumLayout-t.build/RostrumLayout.DependencyMetadataFileList

WriteAuxiliaryFile /tmp/lectern-transitions21-worker-xcode/Build/Intermediates.noindex/Rostrum.build/Debug/Rostrum-t.build/Rostrum.DependencyStaticMetadataFileList (in target 'Rostrum' from project 'Rostrum')
    cd /path/to/user/.codex/worktrees/rostrum-metadata/rostrum
    write-file /tmp/lectern-transitions21-worker-xcode/Build/Intermediates.noindex/Rostrum.build/Debug/Rostrum-t.build/Rostrum.DependencyStaticMetadataFileList

WriteAuxiliaryFile /tmp/lectern-transitions21-worker-xcode/Build/Intermediates.noindex/Rostrum.build/Debug/RostrumLayout-product-t.build/RostrumLayout_41E2EB293FB7CC87_PackageProduct.DependencyStaticMetadataFileList (in target 'RostrumLayoutdynamic-product' from project 'Rostrum')
    cd /path/to/user/.codex/worktrees/rostrum-metadata/rostrum
    write-file /tmp/lectern-transitions21-worker-xcode/Build/Intermediates.noindex/Rostrum.build/Debug/RostrumLayout-product-t.build/RostrumLayout_41E2EB293FB7CC87_PackageProduct.DependencyStaticMetadataFileList

WriteAuxiliaryFile /tmp/lectern-transitions21-worker-xcode/Build/Intermediates.noindex/Rostrum.build/Debug/Rostrum-t.build/empty-Rostrum.plist (in target 'Rostrum' from project 'Rostrum')
    cd /path/to/user/.codex/worktrees/rostrum-metadata/rostrum
    write-file /tmp/lectern-transitions21-worker-xcode/Build/Intermediates.noindex/Rostrum.build/Debug/Rostrum-t.build/empty-Rostrum.plist

WriteAuxiliaryFile /tmp/lectern-transitions21-worker-xcode/Build/Intermediates.noindex/Rostrum.build/Debug/RostrumLayout-t.build/RostrumLayout.modulemap (in target 'RostrumLayout' from project 'Rostrum')
    cd /path/to/user/.codex/worktrees/rostrum-metadata/rostrum
    write-file /tmp/lectern-transitions21-worker-xcode/Build/Intermediates.noindex/Rostrum.build/Debug/RostrumLayout-t.build/RostrumLayout.modulemap

WriteAuxiliaryFile /tmp/lectern-transitions21-worker-xcode/Build/Intermediates.noindex/Rostrum.build/Debug/RostrumLayout-t.build/Objects-normal/arm64/RostrumLayout.SwiftConstValuesFileList (in target 'RostrumLayout' from project 'Rostrum')
    cd /path/to/user/.codex/worktrees/rostrum-metadata/rostrum
    write-file /tmp/lectern-transitions21-worker-xcode/Build/Intermediates.noindex/Rostrum.build/Debug/RostrumLayout-t.build/Objects-normal/arm64/RostrumLayout.SwiftConstValuesFileList

WriteAuxiliaryFile /tmp/lectern-transitions21-worker-xcode/Build/Intermediates.noindex/Rostrum.build/Debug/RostrumLayout-t.build/Objects-normal/arm64/RostrumLayout.SwiftFileList (in target 'RostrumLayout' from project 'Rostrum')
    cd /path/to/user/.codex/worktrees/rostrum-metadata/rostrum
    write-file /tmp/lectern-transitions21-worker-xcode/Build/Intermediates.noindex/Rostrum.build/Debug/RostrumLayout-t.build/Objects-normal/arm64/RostrumLayout.SwiftFileList

WriteAuxiliaryFile /tmp/lectern-transitions21-worker-xcode/Build/Intermediates.noindex/Rostrum.build/Debug/RostrumLayout-t.build/Objects-normal/arm64/RostrumLayout-OutputFileMap.json (in target 'RostrumLayout' from project 'Rostrum')
    cd /path/to/user/.codex/worktrees/rostrum-metadata/rostrum
    write-file /tmp/lectern-transitions21-worker-xcode/Build/Intermediates.noindex/Rostrum.build/Debug/RostrumLayout-t.build/Objects-normal/arm64/RostrumLayout-OutputFileMap.json

WriteAuxiliaryFile /tmp/lectern-transitions21-worker-xcode/Build/Intermediates.noindex/Rostrum.build/Debug/RostrumLayout-t.build/Objects-normal/arm64/RostrumLayout_const_extract_protocols.json (in target 'RostrumLayout' from project 'Rostrum')
    cd /path/to/user/.codex/worktrees/rostrum-metadata/rostrum
    write-file /tmp/lectern-transitions21-worker-xcode/Build/Intermediates.noindex/Rostrum.build/Debug/RostrumLayout-t.build/Objects-normal/arm64/RostrumLayout_const_extract_protocols.json

WriteAuxiliaryFile /tmp/lectern-transitions21-worker-xcode/Build/Intermediates.noindex/Rostrum.build/Debug/RostrumLayout-t.build/Objects-normal/arm64/RostrumLayout.LinkFileList (in target 'RostrumLayout' from project 'Rostrum')
    cd /path/to/user/.codex/worktrees/rostrum-metadata/rostrum
    write-file /tmp/lectern-transitions21-worker-xcode/Build/Intermediates.noindex/Rostrum.build/Debug/RostrumLayout-t.build/Objects-normal/arm64/RostrumLayout.LinkFileList

WriteAuxiliaryFile /tmp/lectern-transitions21-worker-xcode/Build/Intermediates.noindex/Rostrum.build/Debug/RostrumLayout-product-t.build/Objects-normal/arm64/RostrumLayout_41E2EB293FB7CC87_PackageProduct.LinkFileList (in target 'RostrumLayoutdynamic-product' from project 'Rostrum')
    cd /path/to/user/.codex/worktrees/rostrum-metadata/rostrum
    write-file /tmp/lectern-transitions21-worker-xcode/Build/Intermediates.noindex/Rostrum.build/Debug/RostrumLayout-product-t.build/Objects-normal/arm64/RostrumLayout_41E2EB293FB7CC87_PackageProduct.LinkFileList

WriteAuxiliaryFile /tmp/lectern-transitions21-worker-xcode/Build/Intermediates.noindex/Rostrum.build/Debug/Rostrum-t.build/Objects-normal/arm64/Rostrum_const_extract_protocols.json (in target 'Rostrum' from project 'Rostrum')
    cd /path/to/user/.codex/worktrees/rostrum-metadata/rostrum
    write-file /tmp/lectern-transitions21-worker-xcode/Build/Intermediates.noindex/Rostrum.build/Debug/Rostrum-t.build/Objects-normal/arm64/Rostrum_const_extract_protocols.json

WriteAuxiliaryFile /tmp/lectern-transitions21-worker-xcode/Build/Intermediates.noindex/Rostrum.build/Debug/Rostrum-t.build/Objects-normal/arm64/Rostrum.SwiftFileList (in target 'Rostrum' from project 'Rostrum')
    cd /path/to/user/.codex/worktrees/rostrum-metadata/rostrum
    write-file /tmp/lectern-transitions21-worker-xcode/Build/Intermediates.noindex/Rostrum.build/Debug/Rostrum-t.build/Objects-normal/arm64/Rostrum.SwiftFileList

WriteAuxiliaryFile /tmp/lectern-transitions21-worker-xcode/Build/Intermediates.noindex/Rostrum.build/Debug/Rostrum-t.build/Objects-normal/arm64/Rostrum.SwiftConstValuesFileList (in target 'Rostrum' from project 'Rostrum')
    cd /path/to/user/.codex/worktrees/rostrum-metadata/rostrum
    write-file /tmp/lectern-transitions21-worker-xcode/Build/Intermediates.noindex/Rostrum.build/Debug/Rostrum-t.build/Objects-normal/arm64/Rostrum.SwiftConstValuesFileList

WriteAuxiliaryFile /tmp/lectern-transitions21-worker-xcode/Build/Intermediates.noindex/Rostrum.build/Debug/Rostrum-t.build/Objects-normal/arm64/Rostrum.LinkFileList (in target 'Rostrum' from project 'Rostrum')
    cd /path/to/user/.codex/worktrees/rostrum-metadata/rostrum
    write-file /tmp/lectern-transitions21-worker-xcode/Build/Intermediates.noindex/Rostrum.build/Debug/Rostrum-t.build/Objects-normal/arm64/Rostrum.LinkFileList

WriteAuxiliaryFile /tmp/lectern-transitions21-worker-xcode/Build/Intermediates.noindex/Rostrum.build/Debug/Rostrum-t.build/Objects-normal/arm64/Rostrum-OutputFileMap.json (in target 'Rostrum' from project 'Rostrum')
    cd /path/to/user/.codex/worktrees/rostrum-metadata/rostrum
    write-file /tmp/lectern-transitions21-worker-xcode/Build/Intermediates.noindex/Rostrum.build/Debug/Rostrum-t.build/Objects-normal/arm64/Rostrum-OutputFileMap.json

Copy /tmp/lectern-transitions21-worker-xcode/Build/Intermediates.noindex/GeneratedModuleMaps/Rostrum.modulemap /tmp/lectern-transitions21-worker-xcode/Build/Intermediates.noindex/Rostrum.build/Debug/Rostrum-t.build/Rostrum.modulemap (in target 'Rostrum' from project 'Rostrum')
    cd /path/to/user/.codex/worktrees/rostrum-metadata/rostrum
    builtin-copy -exclude .DS_Store -exclude CVS -exclude .svn -exclude .git -exclude .hg -resolve-src-symlinks /tmp/lectern-transitions21-worker-xcode/Build/Intermediates.noindex/Rostrum.build/Debug/Rostrum-t.build/Rostrum.modulemap /tmp/lectern-transitions21-worker-xcode/Build/Intermediates.noindex/GeneratedModuleMaps

WriteAuxiliaryFile /tmp/lectern-transitions21-worker-xcode/Build/Intermediates.noindex/LecternCore.build/Debug/LecternCore-product-t.build/empty-LecternCore_44D1C1332000B761_PackageProduct.plist (in target 'LecternCoredynamic-product' from project 'LecternCore')
    cd /path/to/user/.codex/worktrees/rostrum-metadata/rostrum/Lectern
    write-file /tmp/lectern-transitions21-worker-xcode/Build/Intermediates.noindex/LecternCore.build/Debug/LecternCore-product-t.build/empty-LecternCore_44D1C1332000B761_PackageProduct.plist

WriteAuxiliaryFile /tmp/lectern-transitions21-worker-xcode/Build/Intermediates.noindex/LecternCore.build/Debug/LecternCore-product-t.build/LecternCore_44D1C1332000B761_PackageProduct.DependencyStaticMetadataFileList (in target 'LecternCoredynamic-product' from project 'LecternCore')
    cd /path/to/user/.codex/worktrees/rostrum-metadata/rostrum/Lectern
    write-file /tmp/lectern-transitions21-worker-xcode/Build/Intermediates.noindex/LecternCore.build/Debug/LecternCore-product-t.build/LecternCore_44D1C1332000B761_PackageProduct.DependencyStaticMetadataFileList

WriteAuxiliaryFile /tmp/lectern-transitions21-worker-xcode/Build/Intermediates.noindex/LecternCore.build/Debug/LecternCore_LecternCore-b.build/empty-LecternCore_LecternCore.plist (in target 'LecternCore_LecternCore' from project 'LecternCore')
    cd /path/to/user/.codex/worktrees/rostrum-metadata/rostrum/Lectern
    write-file /tmp/lectern-transitions21-worker-xcode/Build/Intermediates.noindex/LecternCore.build/Debug/LecternCore_LecternCore-b.build/empty-LecternCore_LecternCore.plist

WriteAuxiliaryFile /tmp/lectern-transitions21-worker-xcode/Build/Intermediates.noindex/LecternCore.build/Debug/LecternCore_LecternCore-b.build/LecternCore_LecternCore.DependencyStaticMetadataFileList (in target 'LecternCore_LecternCore' from project 'LecternCore')
    cd /path/to/user/.codex/worktrees/rostrum-metadata/rostrum/Lectern
    write-file /tmp/lectern-transitions21-worker-xcode/Build/Intermediates.noindex/LecternCore.build/Debug/LecternCore_LecternCore-b.build/LecternCore_LecternCore.DependencyStaticMetadataFileList

WriteAuxiliaryFile /tmp/lectern-transitions21-worker-xcode/Build/Intermediates.noindex/LecternCore.build/Debug/LecternCore-product-t.build/LecternCore_44D1C1332000B761_PackageProduct.DependencyMetadataFileList (in target 'LecternCoredynamic-product' from project 'LecternCore')
    cd /path/to/user/.codex/worktrees/rostrum-metadata/rostrum/Lectern
    write-file /tmp/lectern-transitions21-worker-xcode/Build/Intermediates.noindex/LecternCore.build/Debug/LecternCore-product-t.build/LecternCore_44D1C1332000B761_PackageProduct.DependencyMetadataFileList

WriteAuxiliaryFile /tmp/lectern-transitions21-worker-xcode/Build/Intermediates.noindex/LecternCore.build/Debug/LecternCore-product-t.build/Objects-normal/arm64/LecternCore_44D1C1332000B761_PackageProduct.LinkFileList (in target 'LecternCoredynamic-product' from project 'LecternCore')
    cd /path/to/user/.codex/worktrees/rostrum-metadata/rostrum/Lectern
    write-file /tmp/lectern-transitions21-worker-xcode/Build/Intermediates.noindex/LecternCore.build/Debug/LecternCore-product-t.build/Objects-normal/arm64/LecternCore_44D1C1332000B761_PackageProduct.LinkFileList

Copy /tmp/lectern-transitions21-worker-xcode/Build/Intermediates.noindex/GeneratedModuleMaps/RostrumLayout.modulemap /tmp/lectern-transitions21-worker-xcode/Build/Intermediates.noindex/Rostrum.build/Debug/RostrumLayout-t.build/RostrumLayout.modulemap (in target 'RostrumLayout' from project 'Rostrum')
    cd /path/to/user/.codex/worktrees/rostrum-metadata/rostrum
    builtin-copy -exclude .DS_Store -exclude CVS -exclude .svn -exclude .git -exclude .hg -resolve-src-symlinks /tmp/lectern-transitions21-worker-xcode/Build/Intermediates.noindex/Rostrum.build/Debug/RostrumLayout-t.build/RostrumLayout.modulemap /tmp/lectern-transitions21-worker-xcode/Build/Intermediates.noindex/GeneratedModuleMaps

WriteAuxiliaryFile /tmp/lectern-transitions21-worker-xcode/Build/Intermediates.noindex/LecternCore.build/Debug/LecternCore_LecternCore-b.build/LecternCore_LecternCore.DependencyMetadataFileList (in target 'LecternCore_LecternCore' from project 'LecternCore')
    cd /path/to/user/.codex/worktrees/rostrum-metadata/rostrum/Lectern
    write-file /tmp/lectern-transitions21-worker-xcode/Build/Intermediates.noindex/LecternCore.build/Debug/LecternCore_LecternCore-b.build/LecternCore_LecternCore.DependencyMetadataFileList

WriteAuxiliaryFile /tmp/lectern-transitions21-worker-xcode/Build/Intermediates.noindex/LecternCore.build/Debug/LecternCore-t.build/Objects-normal/arm64/LecternCore.SwiftFileList (in target 'LecternCore' from project 'LecternCore')
    cd /path/to/user/.codex/worktrees/rostrum-metadata/rostrum/Lectern
    write-file /tmp/lectern-transitions21-worker-xcode/Build/Intermediates.noindex/LecternCore.build/Debug/LecternCore-t.build/Objects-normal/arm64/LecternCore.SwiftFileList

WriteAuxiliaryFile /tmp/lectern-transitions21-worker-xcode/Build/Intermediates.noindex/LecternCore.build/Debug/LecternCore-t.build/Objects-normal/arm64/LecternCore_const_extract_protocols.json (in target 'LecternCore' from project 'LecternCore')
    cd /path/to/user/.codex/worktrees/rostrum-metadata/rostrum/Lectern
    write-file /tmp/lectern-transitions21-worker-xcode/Build/Intermediates.noindex/LecternCore.build/Debug/LecternCore-t.build/Objects-normal/arm64/LecternCore_const_extract_protocols.json

WriteAuxiliaryFile /tmp/lectern-transitions21-worker-xcode/Build/Intermediates.noindex/LecternCore.build/Debug/LecternCore-t.build/Objects-normal/arm64/LecternCore.SwiftConstValuesFileList (in target 'LecternCore' from project 'LecternCore')
    cd /path/to/user/.codex/worktrees/rostrum-metadata/rostrum/Lectern
    write-file /tmp/lectern-transitions21-worker-xcode/Build/Intermediates.noindex/LecternCore.build/Debug/LecternCore-t.build/Objects-normal/arm64/LecternCore.SwiftConstValuesFileList

WriteAuxiliaryFile /tmp/lectern-transitions21-worker-xcode/Build/Intermediates.noindex/LecternCore.build/Debug/LecternCore-t.build/Objects-normal/arm64/LecternCore.LinkFileList (in target 'LecternCore' from project 'LecternCore')
    cd /path/to/user/.codex/worktrees/rostrum-metadata/rostrum/Lectern
    write-file /tmp/lectern-transitions21-worker-xcode/Build/Intermediates.noindex/LecternCore.build/Debug/LecternCore-t.build/Objects-normal/arm64/LecternCore.LinkFileList

WriteAuxiliaryFile /tmp/lectern-transitions21-worker-xcode/Build/Intermediates.noindex/LecternCore.build/Debug/LecternCore-t.build/Objects-normal/arm64/LecternCore-OutputFileMap.json (in target 'LecternCore' from project 'LecternCore')
    cd /path/to/user/.codex/worktrees/rostrum-metadata/rostrum/Lectern
    write-file /tmp/lectern-transitions21-worker-xcode/Build/Intermediates.noindex/LecternCore.build/Debug/LecternCore-t.build/Objects-normal/arm64/LecternCore-OutputFileMap.json

WriteAuxiliaryFile /tmp/lectern-transitions21-worker-xcode/Build/Intermediates.noindex/LecternCore.build/Debug/LecternCore-t.build/LecternCore.modulemap (in target 'LecternCore' from project 'LecternCore')
    cd /path/to/user/.codex/worktrees/rostrum-metadata/rostrum/Lectern
    write-file /tmp/lectern-transitions21-worker-xcode/Build/Intermediates.noindex/LecternCore.build/Debug/LecternCore-t.build/LecternCore.modulemap

WriteAuxiliaryFile /tmp/lectern-transitions21-worker-xcode/Build/Intermediates.noindex/LecternCore.build/Debug/LecternCore-t.build/LecternCore.DependencyStaticMetadataFileList (in target 'LecternCore' from project 'LecternCore')
    cd /path/to/user/.codex/worktrees/rostrum-metadata/rostrum/Lectern
    write-file /tmp/lectern-transitions21-worker-xcode/Build/Intermediates.noindex/LecternCore.build/Debug/LecternCore-t.build/LecternCore.DependencyStaticMetadataFileList

WriteAuxiliaryFile /tmp/lectern-transitions21-worker-xcode/Build/Intermediates.noindex/LecternCore.build/Debug/LecternCore-t.build/LecternCore.DependencyMetadataFileList (in target 'LecternCore' from project 'LecternCore')
    cd /path/to/user/.codex/worktrees/rostrum-metadata/rostrum/Lectern
    write-file /tmp/lectern-transitions21-worker-xcode/Build/Intermediates.noindex/LecternCore.build/Debug/LecternCore-t.build/LecternCore.DependencyMetadataFileList

WriteAuxiliaryFile /tmp/lectern-transitions21-worker-xcode/Build/Intermediates.noindex/LecternCore.build/Debug/LecternCore-t.build/DerivedSources/resource_bundle_accessor.swift (in target 'LecternCore' from project 'LecternCore')
    cd /path/to/user/.codex/worktrees/rostrum-metadata/rostrum/Lectern
    write-file /tmp/lectern-transitions21-worker-xcode/Build/Intermediates.noindex/LecternCore.build/Debug/LecternCore-t.build/DerivedSources/resource_bundle_accessor.swift

WriteAuxiliaryFile /tmp/lectern-transitions21-worker-xcode/Build/Intermediates.noindex/Lectern.build/Debug/LecternAppTests.build/empty-LecternAppTests.plist (in target 'LecternAppTests' from project 'Lectern')
    cd /path/to/user/.codex/worktrees/rostrum-metadata/rostrum/Lectern
    write-file /tmp/lectern-transitions21-worker-xcode/Build/Intermediates.noindex/Lectern.build/Debug/LecternAppTests.build/empty-LecternAppTests.plist

WriteAuxiliaryFile /tmp/lectern-transitions21-worker-xcode/Build/Intermediates.noindex/Lectern.build/Debug/LecternAppTests.build/Objects-normal/arm64/LecternAppTests.SwiftFileList (in target 'LecternAppTests' from project 'Lectern')
    cd /path/to/user/.codex/worktrees/rostrum-metadata/rostrum/Lectern
    write-file /tmp/lectern-transitions21-worker-xcode/Build/Intermediates.noindex/Lectern.build/Debug/LecternAppTests.build/Objects-normal/arm64/LecternAppTests.SwiftFileList

WriteAuxiliaryFile /tmp/lectern-transitions21-worker-xcode/Build/Intermediates.noindex/Lectern.build/Debug/LecternAppTests.build/Objects-normal/arm64/LecternAppTests.LinkFileList (in target 'LecternAppTests' from project 'Lectern')
    cd /path/to/user/.codex/worktrees/rostrum-metadata/rostrum/Lectern
    write-file /tmp/lectern-transitions21-worker-xcode/Build/Intermediates.noindex/Lectern.build/Debug/LecternAppTests.build/Objects-normal/arm64/LecternAppTests.LinkFileList

WriteAuxiliaryFile /tmp/lectern-transitions21-worker-xcode/Build/Intermediates.noindex/Lectern.build/Debug/LecternAppTests.build/Objects-normal/arm64/LecternAppTests-OutputFileMap.json (in target 'LecternAppTests' from project 'Lectern')
    cd /path/to/user/.codex/worktrees/rostrum-metadata/rostrum/Lectern
    write-file /tmp/lectern-transitions21-worker-xcode/Build/Intermediates.noindex/Lectern.build/Debug/LecternAppTests.build/Objects-normal/arm64/LecternAppTests-OutputFileMap.json

WriteAuxiliaryFile /tmp/lectern-transitions21-worker-xcode/Build/Intermediates.noindex/Lectern.build/Debug/LecternAppTests.build/LecternAppTests.hmap (in target 'LecternAppTests' from project 'Lectern')
    cd /path/to/user/.codex/worktrees/rostrum-metadata/rostrum/Lectern
    write-file /tmp/lectern-transitions21-worker-xcode/Build/Intermediates.noindex/Lectern.build/Debug/LecternAppTests.build/LecternAppTests.hmap

WriteAuxiliaryFile /tmp/lectern-transitions21-worker-xcode/Build/Intermediates.noindex/Lectern.build/Debug/LecternAppTests.build/Objects-normal/arm64/LecternAppTests_const_extract_protocols.json (in target 'LecternAppTests' from project 'Lectern')
    cd /path/to/user/.codex/worktrees/rostrum-metadata/rostrum/Lectern
    write-file /tmp/lectern-transitions21-worker-xcode/Build/Intermediates.noindex/Lectern.build/Debug/LecternAppTests.build/Objects-normal/arm64/LecternAppTests_const_extract_protocols.json

WriteAuxiliaryFile /tmp/lectern-transitions21-worker-xcode/Build/Intermediates.noindex/Lectern.build/Debug/LecternAppTests.build/Objects-normal/arm64/LecternAppTests.SwiftConstValuesFileList (in target 'LecternAppTests' from project 'Lectern')
    cd /path/to/user/.codex/worktrees/rostrum-metadata/rostrum/Lectern
    write-file /tmp/lectern-transitions21-worker-xcode/Build/Intermediates.noindex/Lectern.build/Debug/LecternAppTests.build/Objects-normal/arm64/LecternAppTests.SwiftConstValuesFileList

WriteAuxiliaryFile /tmp/lectern-transitions21-worker-xcode/Build/Intermediates.noindex/Lectern.build/Debug/LecternAppTests.build/LecternAppTests.DependencyStaticMetadataFileList (in target 'LecternAppTests' from project 'Lectern')
    cd /path/to/user/.codex/worktrees/rostrum-metadata/rostrum/Lectern
    write-file /tmp/lectern-transitions21-worker-xcode/Build/Intermediates.noindex/Lectern.build/Debug/LecternAppTests.build/LecternAppTests.DependencyStaticMetadataFileList

WriteAuxiliaryFile /tmp/lectern-transitions21-worker-xcode/Build/Intermediates.noindex/Lectern.build/Debug/LecternAppTests.build/LecternAppTests.DependencyMetadataFileList (in target 'LecternAppTests' from project 'Lectern')
    cd /path/to/user/.codex/worktrees/rostrum-metadata/rostrum/Lectern
    write-file /tmp/lectern-transitions21-worker-xcode/Build/Intermediates.noindex/Lectern.build/Debug/LecternAppTests.build/LecternAppTests.DependencyMetadataFileList

WriteAuxiliaryFile /tmp/lectern-transitions21-worker-xcode/Build/Intermediates.noindex/Lectern.build/Debug/LecternAppTests.build/LecternAppTests-project-headers.hmap (in target 'LecternAppTests' from project 'Lectern')
    cd /path/to/user/.codex/worktrees/rostrum-metadata/rostrum/Lectern
    write-file /tmp/lectern-transitions21-worker-xcode/Build/Intermediates.noindex/Lectern.build/Debug/LecternAppTests.build/LecternAppTests-project-headers.hmap

WriteAuxiliaryFile /tmp/lectern-transitions21-worker-xcode/Build/Intermediates.noindex/Lectern.build/Debug/LecternAppTests.build/LecternAppTests-own-target-headers.hmap (in target 'LecternAppTests' from project 'Lectern')
    cd /path/to/user/.codex/worktrees/rostrum-metadata/rostrum/Lectern
    write-file /tmp/lectern-transitions21-worker-xcode/Build/Intermediates.noindex/Lectern.build/Debug/LecternAppTests.build/LecternAppTests-own-target-headers.hmap

WriteAuxiliaryFile /tmp/lectern-transitions21-worker-xcode/Build/Intermediates.noindex/Lectern.build/Debug/LecternAppTests.build/LecternAppTests-generated-files.hmap (in target 'LecternAppTests' from project 'Lectern')
    cd /path/to/user/.codex/worktrees/rostrum-metadata/rostrum/Lectern
    write-file /tmp/lectern-transitions21-worker-xcode/Build/Intermediates.noindex/Lectern.build/Debug/LecternAppTests.build/LecternAppTests-generated-files.hmap

WriteAuxiliaryFile /tmp/lectern-transitions21-worker-xcode/Build/Intermediates.noindex/Lectern.build/Debug/LecternAppTests.build/LecternAppTests-all-target-headers.hmap (in target 'LecternAppTests' from project 'Lectern')
    cd /path/to/user/.codex/worktrees/rostrum-metadata/rostrum/Lectern
    write-file /tmp/lectern-transitions21-worker-xcode/Build/Intermediates.noindex/Lectern.build/Debug/LecternAppTests.build/LecternAppTests-all-target-headers.hmap

WriteAuxiliaryFile /tmp/lectern-transitions21-worker-xcode/Build/Intermediates.noindex/Lectern.build/Debug/LecternAppTests.build/LecternAppTests-all-non-framework-target-headers.hmap (in target 'LecternAppTests' from project 'Lectern')
    cd /path/to/user/.codex/worktrees/rostrum-metadata/rostrum/Lectern
    write-file /tmp/lectern-transitions21-worker-xcode/Build/Intermediates.noindex/Lectern.build/Debug/LecternAppTests.build/LecternAppTests-all-non-framework-target-headers.hmap

Copy /tmp/lectern-transitions21-worker-xcode/Build/Intermediates.noindex/GeneratedModuleMaps/LecternCore.modulemap /tmp/lectern-transitions21-worker-xcode/Build/Intermediates.noindex/LecternCore.build/Debug/LecternCore-t.build/LecternCore.modulemap (in target 'LecternCore' from project 'LecternCore')
    cd /path/to/user/.codex/worktrees/rostrum-metadata/rostrum/Lectern
    builtin-copy -exclude .DS_Store -exclude CVS -exclude .svn -exclude .git -exclude .hg -resolve-src-symlinks /tmp/lectern-transitions21-worker-xcode/Build/Intermediates.noindex/LecternCore.build/Debug/LecternCore-t.build/LecternCore.modulemap /tmp/lectern-transitions21-worker-xcode/Build/Intermediates.noindex/GeneratedModuleMaps

WriteAuxiliaryFile /tmp/lectern-transitions21-worker-xcode/Build/Intermediates.noindex/Lectern.build/Debug/Lectern.build/empty-Lectern.plist (in target 'Lectern' from project 'Lectern')
    cd /path/to/user/.codex/worktrees/rostrum-metadata/rostrum/Lectern
    write-file /tmp/lectern-transitions21-worker-xcode/Build/Intermediates.noindex/Lectern.build/Debug/Lectern.build/empty-Lectern.plist

WriteAuxiliaryFile /tmp/lectern-transitions21-worker-xcode/Build/Intermediates.noindex/Lectern.build/Debug/Lectern.build/Objects-normal/arm64/Lectern_const_extract_protocols.json (in target 'Lectern' from project 'Lectern')
    cd /path/to/user/.codex/worktrees/rostrum-metadata/rostrum/Lectern
    write-file /tmp/lectern-transitions21-worker-xcode/Build/Intermediates.noindex/Lectern.build/Debug/Lectern.build/Objects-normal/arm64/Lectern_const_extract_protocols.json

WriteAuxiliaryFile /tmp/lectern-transitions21-worker-xcode/Build/Intermediates.noindex/Lectern.build/Debug/Lectern.build/Objects-normal/arm64/Lectern.SwiftFileList (in target 'Lectern' from project 'Lectern')
    cd /path/to/user/.codex/worktrees/rostrum-metadata/rostrum/Lectern
    write-file /tmp/lectern-transitions21-worker-xcode/Build/Intermediates.noindex/Lectern.build/Debug/Lectern.build/Objects-normal/arm64/Lectern.SwiftFileList

WriteAuxiliaryFile /tmp/lectern-transitions21-worker-xcode/Build/Intermediates.noindex/Lectern.build/Debug/Lectern.build/Objects-normal/arm64/Lectern.SwiftConstValuesFileList (in target 'Lectern' from project 'Lectern')
    cd /path/to/user/.codex/worktrees/rostrum-metadata/rostrum/Lectern
    write-file /tmp/lectern-transitions21-worker-xcode/Build/Intermediates.noindex/Lectern.build/Debug/Lectern.build/Objects-normal/arm64/Lectern.SwiftConstValuesFileList

WriteAuxiliaryFile /tmp/lectern-transitions21-worker-xcode/Build/Intermediates.noindex/Lectern.build/Debug/Lectern.build/Objects-normal/arm64/Lectern.LinkFileList (in target 'Lectern' from project 'Lectern')
    cd /path/to/user/.codex/worktrees/rostrum-metadata/rostrum/Lectern
    write-file /tmp/lectern-transitions21-worker-xcode/Build/Intermediates.noindex/Lectern.build/Debug/Lectern.build/Objects-normal/arm64/Lectern.LinkFileList

WriteAuxiliaryFile /tmp/lectern-transitions21-worker-xcode/Build/Intermediates.noindex/Lectern.build/Debug/Lectern.build/Objects-normal/arm64/Lectern-OutputFileMap.json (in target 'Lectern' from project 'Lectern')
    cd /path/to/user/.codex/worktrees/rostrum-metadata/rostrum/Lectern
    write-file /tmp/lectern-transitions21-worker-xcode/Build/Intermediates.noindex/Lectern.build/Debug/Lectern.build/Objects-normal/arm64/Lectern-OutputFileMap.json

WriteAuxiliaryFile /tmp/lectern-transitions21-worker-xcode/Build/Intermediates.noindex/Lectern.build/Debug/Lectern.build/Lectern.hmap (in target 'Lectern' from project 'Lectern')
    cd /path/to/user/.codex/worktrees/rostrum-metadata/rostrum/Lectern
    write-file /tmp/lectern-transitions21-worker-xcode/Build/Intermediates.noindex/Lectern.build/Debug/Lectern.build/Lectern.hmap

WriteAuxiliaryFile /tmp/lectern-transitions21-worker-xcode/Build/Intermediates.noindex/Lectern.build/Debug/Lectern.build/Lectern.DependencyStaticMetadataFileList (in target 'Lectern' from project 'Lectern')
    cd /path/to/user/.codex/worktrees/rostrum-metadata/rostrum/Lectern
    write-file /tmp/lectern-transitions21-worker-xcode/Build/Intermediates.noindex/Lectern.build/Debug/Lectern.build/Lectern.DependencyStaticMetadataFileList

WriteAuxiliaryFile /tmp/lectern-transitions21-worker-xcode/Build/Intermediates.noindex/Lectern.build/Debug/Lectern.build/Lectern.DependencyMetadataFileList (in target 'Lectern' from project 'Lectern')
    cd /path/to/user/.codex/worktrees/rostrum-metadata/rostrum/Lectern
    write-file /tmp/lectern-transitions21-worker-xcode/Build/Intermediates.noindex/Lectern.build/Debug/Lectern.build/Lectern.DependencyMetadataFileList

WriteAuxiliaryFile /tmp/lectern-transitions21-worker-xcode/Build/Intermediates.noindex/Lectern.build/Debug/Lectern.build/Lectern-project-headers.hmap (in target 'Lectern' from project 'Lectern')
    cd /path/to/user/.codex/worktrees/rostrum-metadata/rostrum/Lectern
    write-file /tmp/lectern-transitions21-worker-xcode/Build/Intermediates.noindex/Lectern.build/Debug/Lectern.build/Lectern-project-headers.hmap

WriteAuxiliaryFile /tmp/lectern-transitions21-worker-xcode/Build/Intermediates.noindex/Lectern.build/Debug/Lectern.build/Lectern-own-target-headers.hmap (in target 'Lectern' from project 'Lectern')
    cd /path/to/user/.codex/worktrees/rostrum-metadata/rostrum/Lectern
    write-file /tmp/lectern-transitions21-worker-xcode/Build/Intermediates.noindex/Lectern.build/Debug/Lectern.build/Lectern-own-target-headers.hmap

WriteAuxiliaryFile /tmp/lectern-transitions21-worker-xcode/Build/Intermediates.noindex/Lectern.build/Debug/Lectern.build/Lectern-generated-files.hmap (in target 'Lectern' from project 'Lectern')
    cd /path/to/user/.codex/worktrees/rostrum-metadata/rostrum/Lectern
    write-file /tmp/lectern-transitions21-worker-xcode/Build/Intermediates.noindex/Lectern.build/Debug/Lectern.build/Lectern-generated-files.hmap

WriteAuxiliaryFile /tmp/lectern-transitions21-worker-xcode/Build/Intermediates.noindex/Lectern.build/Debug/Lectern.build/Lectern-all-target-headers.hmap (in target 'Lectern' from project 'Lectern')
    cd /path/to/user/.codex/worktrees/rostrum-metadata/rostrum/Lectern
    write-file /tmp/lectern-transitions21-worker-xcode/Build/Intermediates.noindex/Lectern.build/Debug/Lectern.build/Lectern-all-target-headers.hmap

WriteAuxiliaryFile /tmp/lectern-transitions21-worker-xcode/Build/Intermediates.noindex/Lectern.build/Debug/Lectern.build/Lectern-all-non-framework-target-headers.hmap (in target 'Lectern' from project 'Lectern')
    cd /path/to/user/.codex/worktrees/rostrum-metadata/rostrum/Lectern
    write-file /tmp/lectern-transitions21-worker-xcode/Build/Intermediates.noindex/Lectern.build/Debug/Lectern.build/Lectern-all-non-framework-target-headers.hmap

WriteAuxiliaryFile /tmp/lectern-transitions21-worker-xcode/Build/Intermediates.noindex/Lectern.build/Debug/Lectern.build/Lectern-DebugDylibPath-normal-arm64.txt (in target 'Lectern' from project 'Lectern')
    cd /path/to/user/.codex/worktrees/rostrum-metadata/rostrum/Lectern
    write-file /tmp/lectern-transitions21-worker-xcode/Build/Intermediates.noindex/Lectern.build/Debug/Lectern.build/Lectern-DebugDylibPath-normal-arm64.txt

WriteAuxiliaryFile /tmp/lectern-transitions21-worker-xcode/Build/Intermediates.noindex/Lectern.build/Debug/Lectern.build/Lectern-DebugDylibInstallName-normal-arm64.txt (in target 'Lectern' from project 'Lectern')
    cd /path/to/user/.codex/worktrees/rostrum-metadata/rostrum/Lectern
    write-file /tmp/lectern-transitions21-worker-xcode/Build/Intermediates.noindex/Lectern.build/Debug/Lectern.build/Lectern-DebugDylibInstallName-normal-arm64.txt

WriteAuxiliaryFile /tmp/lectern-transitions21-worker-xcode/Build/Intermediates.noindex/Lectern.build/Debug/Lectern.build/DerivedSources/Entitlements.plist (in target 'Lectern' from project 'Lectern')
    cd /path/to/user/.codex/worktrees/rostrum-metadata/rostrum/Lectern
    write-file /tmp/lectern-transitions21-worker-xcode/Build/Intermediates.noindex/Lectern.build/Debug/Lectern.build/DerivedSources/Entitlements.plist

SymLink /tmp/lectern-transitions21-worker-xcode/Build/Products/Debug/PackageFrameworks/RostrumLayout_41E2EB293FB7CC87_PackageProduct.framework/RostrumLayout_41E2EB293FB7CC87_PackageProduct Versions/Current/RostrumLayout_41E2EB293FB7CC87_PackageProduct (in target 'RostrumLayoutdynamic-product' from project 'Rostrum')
    cd /path/to/user/.codex/worktrees/rostrum-metadata/rostrum
    /bin/ln -sfh Versions/Current/RostrumLayout_41E2EB293FB7CC87_PackageProduct /tmp/lectern-transitions21-worker-xcode/Build/Products/Debug/PackageFrameworks/RostrumLayout_41E2EB293FB7CC87_PackageProduct.framework/RostrumLayout_41E2EB293FB7CC87_PackageProduct

SymLink /tmp/lectern-transitions21-worker-xcode/Build/Products/Debug/PackageFrameworks/RostrumLayout_41E2EB293FB7CC87_PackageProduct.framework/Versions/Current A (in target 'RostrumLayoutdynamic-product' from project 'Rostrum')
    cd /path/to/user/.codex/worktrees/rostrum-metadata/rostrum
    /bin/ln -sfh A /tmp/lectern-transitions21-worker-xcode/Build/Products/Debug/PackageFrameworks/RostrumLayout_41E2EB293FB7CC87_PackageProduct.framework/Versions/Current

SymLink /tmp/lectern-transitions21-worker-xcode/Build/Products/Debug/PackageFrameworks/RostrumLayout_41E2EB293FB7CC87_PackageProduct.framework/Resources Versions/Current/Resources (in target 'RostrumLayoutdynamic-product' from project 'Rostrum')
    cd /path/to/user/.codex/worktrees/rostrum-metadata/rostrum
    /bin/ln -sfh Versions/Current/Resources /tmp/lectern-transitions21-worker-xcode/Build/Products/Debug/PackageFrameworks/RostrumLayout_41E2EB293FB7CC87_PackageProduct.framework/Resources

MkDir /tmp/lectern-transitions21-worker-xcode/Build/Products/Debug/PackageFrameworks/RostrumLayout_41E2EB293FB7CC87_PackageProduct.framework/Versions/A (in target 'RostrumLayoutdynamic-product' from project 'Rostrum')
    cd /path/to/user/.codex/worktrees/rostrum-metadata/rostrum
    /bin/mkdir -p /tmp/lectern-transitions21-worker-xcode/Build/Products/Debug/PackageFrameworks/RostrumLayout_41E2EB293FB7CC87_PackageProduct.framework/Versions/A

MkDir /tmp/lectern-transitions21-worker-xcode/Build/Products/Debug/PackageFrameworks/RostrumLayout_41E2EB293FB7CC87_PackageProduct.framework/Versions (in target 'RostrumLayoutdynamic-product' from project 'Rostrum')
    cd /path/to/user/.codex/worktrees/rostrum-metadata/rostrum
    /bin/mkdir -p /tmp/lectern-transitions21-worker-xcode/Build/Products/Debug/PackageFrameworks/RostrumLayout_41E2EB293FB7CC87_PackageProduct.framework/Versions

MkDir /tmp/lectern-transitions21-worker-xcode/Build/Products/Debug/PackageFrameworks/RostrumLayout_41E2EB293FB7CC87_PackageProduct.framework (in target 'RostrumLayoutdynamic-product' from project 'Rostrum')
    cd /path/to/user/.codex/worktrees/rostrum-metadata/rostrum
    /bin/mkdir -p /tmp/lectern-transitions21-worker-xcode/Build/Products/Debug/PackageFrameworks/RostrumLayout_41E2EB293FB7CC87_PackageProduct.framework

MkDir /tmp/lectern-transitions21-worker-xcode/Build/Products/Debug/PackageFrameworks/RostrumLayout_41E2EB293FB7CC87_PackageProduct.framework/Versions/A/Resources (in target 'RostrumLayoutdynamic-product' from project 'Rostrum')
    cd /path/to/user/.codex/worktrees/rostrum-metadata/rostrum
    /bin/mkdir -p /tmp/lectern-transitions21-worker-xcode/Build/Products/Debug/PackageFrameworks/RostrumLayout_41E2EB293FB7CC87_PackageProduct.framework/Versions/A/Resources

SymLink /tmp/lectern-transitions21-worker-xcode/Build/Products/Debug/PackageFrameworks/Rostrum.framework/Rostrum Versions/Current/Rostrum (in target 'Rostrum' from project 'Rostrum')
    cd /path/to/user/.codex/worktrees/rostrum-metadata/rostrum
    /bin/ln -sfh Versions/Current/Rostrum /tmp/lectern-transitions21-worker-xcode/Build/Products/Debug/PackageFrameworks/Rostrum.framework/Rostrum

SymLink /tmp/lectern-transitions21-worker-xcode/Build/Products/Debug/PackageFrameworks/Rostrum.framework/Versions/Current A (in target 'Rostrum' from project 'Rostrum')
    cd /path/to/user/.codex/worktrees/rostrum-metadata/rostrum
    /bin/ln -sfh A /tmp/lectern-transitions21-worker-xcode/Build/Products/Debug/PackageFrameworks/Rostrum.framework/Versions/Current

SymLink /tmp/lectern-transitions21-worker-xcode/Build/Products/Debug/PackageFrameworks/Rostrum.framework/Resources Versions/Current/Resources (in target 'Rostrum' from project 'Rostrum')
    cd /path/to/user/.codex/worktrees/rostrum-metadata/rostrum
    /bin/ln -sfh Versions/Current/Resources /tmp/lectern-transitions21-worker-xcode/Build/Products/Debug/PackageFrameworks/Rostrum.framework/Resources

SymLink /tmp/lectern-transitions21-worker-xcode/Build/Products/Debug/PackageFrameworks/Rostrum.framework/Modules Versions/Current/Modules (in target 'Rostrum' from project 'Rostrum')
    cd /path/to/user/.codex/worktrees/rostrum-metadata/rostrum
    /bin/ln -sfh Versions/Current/Modules /tmp/lectern-transitions21-worker-xcode/Build/Products/Debug/PackageFrameworks/Rostrum.framework/Modules

MkDir /tmp/lectern-transitions21-worker-xcode/Build/Products/Debug/PackageFrameworks/Rostrum.framework/Versions/A (in target 'Rostrum' from project 'Rostrum')
    cd /path/to/user/.codex/worktrees/rostrum-metadata/rostrum
    /bin/mkdir -p /tmp/lectern-transitions21-worker-xcode/Build/Products/Debug/PackageFrameworks/Rostrum.framework/Versions/A

MkDir /tmp/lectern-transitions21-worker-xcode/Build/Products/Debug/PackageFrameworks/Rostrum.framework/Versions/A/Resources (in target 'Rostrum' from project 'Rostrum')
    cd /path/to/user/.codex/worktrees/rostrum-metadata/rostrum
    /bin/mkdir -p /tmp/lectern-transitions21-worker-xcode/Build/Products/Debug/PackageFrameworks/Rostrum.framework/Versions/A/Resources

MkDir /tmp/lectern-transitions21-worker-xcode/Build/Products/Debug/PackageFrameworks/Rostrum.framework/Versions (in target 'Rostrum' from project 'Rostrum')
    cd /path/to/user/.codex/worktrees/rostrum-metadata/rostrum
    /bin/mkdir -p /tmp/lectern-transitions21-worker-xcode/Build/Products/Debug/PackageFrameworks/Rostrum.framework/Versions

MkDir /tmp/lectern-transitions21-worker-xcode/Build/Products/Debug/PackageFrameworks/Rostrum.framework (in target 'Rostrum' from project 'Rostrum')
    cd /path/to/user/.codex/worktrees/rostrum-metadata/rostrum
    /bin/mkdir -p /tmp/lectern-transitions21-worker-xcode/Build/Products/Debug/PackageFrameworks/Rostrum.framework

SymLink /tmp/lectern-transitions21-worker-xcode/Build/Products/Debug/PackageFrameworks/LecternCore_44D1C1332000B761_PackageProduct.framework/Resources Versions/Current/Resources (in target 'LecternCoredynamic-product' from project 'LecternCore')
    cd /path/to/user/.codex/worktrees/rostrum-metadata/rostrum/Lectern
    /bin/ln -sfh Versions/Current/Resources /tmp/lectern-transitions21-worker-xcode/Build/Products/Debug/PackageFrameworks/LecternCore_44D1C1332000B761_PackageProduct.framework/Resources

SymLink /tmp/lectern-transitions21-worker-xcode/Build/Products/Debug/PackageFrameworks/LecternCore_44D1C1332000B761_PackageProduct.framework/Versions/Current A (in target 'LecternCoredynamic-product' from project 'LecternCore')
    cd /path/to/user/.codex/worktrees/rostrum-metadata/rostrum/Lectern
    /bin/ln -sfh A /tmp/lectern-transitions21-worker-xcode/Build/Products/Debug/PackageFrameworks/LecternCore_44D1C1332000B761_PackageProduct.framework/Versions/Current

SymLink /tmp/lectern-transitions21-worker-xcode/Build/Products/Debug/PackageFrameworks/LecternCore_44D1C1332000B761_PackageProduct.framework/LecternCore_44D1C1332000B761_PackageProduct Versions/Current/LecternCore_44D1C1332000B761_PackageProduct (in target 'LecternCoredynamic-product' from project 'LecternCore')
    cd /path/to/user/.codex/worktrees/rostrum-metadata/rostrum/Lectern
    /bin/ln -sfh Versions/Current/LecternCore_44D1C1332000B761_PackageProduct /tmp/lectern-transitions21-worker-xcode/Build/Products/Debug/PackageFrameworks/LecternCore_44D1C1332000B761_PackageProduct.framework/LecternCore_44D1C1332000B761_PackageProduct

MkDir /tmp/lectern-transitions21-worker-xcode/Build/Products/Debug/PackageFrameworks/LecternCore_44D1C1332000B761_PackageProduct.framework/Versions/A (in target 'LecternCoredynamic-product' from project 'LecternCore')
    cd /path/to/user/.codex/worktrees/rostrum-metadata/rostrum/Lectern
    /bin/mkdir -p /tmp/lectern-transitions21-worker-xcode/Build/Products/Debug/PackageFrameworks/LecternCore_44D1C1332000B761_PackageProduct.framework/Versions/A

MkDir /tmp/lectern-transitions21-worker-xcode/Build/Products/Debug/PackageFrameworks/LecternCore_44D1C1332000B761_PackageProduct.framework/Versions (in target 'LecternCoredynamic-product' from project 'LecternCore')
    cd /path/to/user/.codex/worktrees/rostrum-metadata/rostrum/Lectern
    /bin/mkdir -p /tmp/lectern-transitions21-worker-xcode/Build/Products/Debug/PackageFrameworks/LecternCore_44D1C1332000B761_PackageProduct.framework/Versions

MkDir /tmp/lectern-transitions21-worker-xcode/Build/Products/Debug/PackageFrameworks/LecternCore_44D1C1332000B761_PackageProduct.framework/Versions/A/Resources (in target 'LecternCoredynamic-product' from project 'LecternCore')
    cd /path/to/user/.codex/worktrees/rostrum-metadata/rostrum/Lectern
    /bin/mkdir -p /tmp/lectern-transitions21-worker-xcode/Build/Products/Debug/PackageFrameworks/LecternCore_44D1C1332000B761_PackageProduct.framework/Versions/A/Resources

MkDir /tmp/lectern-transitions21-worker-xcode/Build/Products/Debug/PackageFrameworks/LecternCore_44D1C1332000B761_PackageProduct.framework (in target 'LecternCoredynamic-product' from project 'LecternCore')
    cd /path/to/user/.codex/worktrees/rostrum-metadata/rostrum/Lectern
    /bin/mkdir -p /tmp/lectern-transitions21-worker-xcode/Build/Products/Debug/PackageFrameworks/LecternCore_44D1C1332000B761_PackageProduct.framework

MkDir /tmp/lectern-transitions21-worker-xcode/Build/Products/Debug/LecternCore_LecternCore.bundle/Contents/Resources (in target 'LecternCore_LecternCore' from project 'LecternCore')
    cd /path/to/user/.codex/worktrees/rostrum-metadata/rostrum/Lectern
    /bin/mkdir -p /tmp/lectern-transitions21-worker-xcode/Build/Products/Debug/LecternCore_LecternCore.bundle/Contents/Resources

MkDir /tmp/lectern-transitions21-worker-xcode/Build/Products/Debug/LecternCore_LecternCore.bundle/Contents (in target 'LecternCore_LecternCore' from project 'LecternCore')
    cd /path/to/user/.codex/worktrees/rostrum-metadata/rostrum/Lectern
    /bin/mkdir -p /tmp/lectern-transitions21-worker-xcode/Build/Products/Debug/LecternCore_LecternCore.bundle/Contents

MkDir /tmp/lectern-transitions21-worker-xcode/Build/Products/Debug/LecternCore_LecternCore.bundle (in target 'LecternCore_LecternCore' from project 'LecternCore')
    cd /path/to/user/.codex/worktrees/rostrum-metadata/rostrum/Lectern
    /bin/mkdir -p /tmp/lectern-transitions21-worker-xcode/Build/Products/Debug/LecternCore_LecternCore.bundle

MkDir /tmp/lectern-transitions21-worker-xcode/Build/Products/Debug/Lectern.app/Contents/PlugIns/LecternAppTests.xctest/Contents (in target 'LecternAppTests' from project 'Lectern')
    cd /path/to/user/.codex/worktrees/rostrum-metadata/rostrum/Lectern
    /bin/mkdir -p /tmp/lectern-transitions21-worker-xcode/Build/Products/Debug/Lectern.app/Contents/PlugIns/LecternAppTests.xctest/Contents

MkDir /tmp/lectern-transitions21-worker-xcode/Build/Products/Debug/Lectern.app/Contents/PlugIns/LecternAppTests.xctest (in target 'LecternAppTests' from project 'Lectern')
    cd /path/to/user/.codex/worktrees/rostrum-metadata/rostrum/Lectern
    /bin/mkdir -p /tmp/lectern-transitions21-worker-xcode/Build/Products/Debug/Lectern.app/Contents/PlugIns/LecternAppTests.xctest

MkDir /tmp/lectern-transitions21-worker-xcode/Build/Products/Debug/Lectern.app/Contents/PlugIns/LecternAppTests.xctest/Contents/Resources (in target 'LecternAppTests' from project 'Lectern')
    cd /path/to/user/.codex/worktrees/rostrum-metadata/rostrum/Lectern
    /bin/mkdir -p /tmp/lectern-transitions21-worker-xcode/Build/Products/Debug/Lectern.app/Contents/PlugIns/LecternAppTests.xctest/Contents/Resources

MkDir /tmp/lectern-transitions21-worker-xcode/Build/Products/Debug/Lectern.app/Contents/PlugIns/LecternAppTests.xctest/Contents/MacOS (in target 'LecternAppTests' from project 'Lectern')
    cd /path/to/user/.codex/worktrees/rostrum-metadata/rostrum/Lectern
    /bin/mkdir -p /tmp/lectern-transitions21-worker-xcode/Build/Products/Debug/Lectern.app/Contents/PlugIns/LecternAppTests.xctest/Contents/MacOS

MkDir /tmp/lectern-transitions21-worker-xcode/Build/Products/Debug/Lectern.app/Contents/PlugIns/LecternAppTests.xctest/Contents/Frameworks (in target 'LecternAppTests' from project 'Lectern')
    cd /path/to/user/.codex/worktrees/rostrum-metadata/rostrum/Lectern
    /bin/mkdir -p /tmp/lectern-transitions21-worker-xcode/Build/Products/Debug/Lectern.app/Contents/PlugIns/LecternAppTests.xctest/Contents/Frameworks

MkDir /tmp/lectern-transitions21-worker-xcode/Build/Products/Debug/Lectern.app/Contents/Resources (in target 'Lectern' from project 'Lectern')
    cd /path/to/user/.codex/worktrees/rostrum-metadata/rostrum/Lectern
    /bin/mkdir -p /tmp/lectern-transitions21-worker-xcode/Build/Products/Debug/Lectern.app/Contents/Resources

MkDir /tmp/lectern-transitions21-worker-xcode/Build/Products/Debug/Lectern.app/Contents/PlugIns (in target 'Lectern' from project 'Lectern')
    cd /path/to/user/.codex/worktrees/rostrum-metadata/rostrum/Lectern
    /bin/mkdir -p /tmp/lectern-transitions21-worker-xcode/Build/Products/Debug/Lectern.app/Contents/PlugIns

MkDir /tmp/lectern-transitions21-worker-xcode/Build/Products/Debug/Lectern.app/Contents/MacOS (in target 'Lectern' from project 'Lectern')
    cd /path/to/user/.codex/worktrees/rostrum-metadata/rostrum/Lectern
    /bin/mkdir -p /tmp/lectern-transitions21-worker-xcode/Build/Products/Debug/Lectern.app/Contents/MacOS

MkDir /tmp/lectern-transitions21-worker-xcode/Build/Products/Debug/Lectern.app/Contents/Frameworks (in target 'Lectern' from project 'Lectern')
    cd /path/to/user/.codex/worktrees/rostrum-metadata/rostrum/Lectern
    /bin/mkdir -p /tmp/lectern-transitions21-worker-xcode/Build/Products/Debug/Lectern.app/Contents/Frameworks

MkDir /tmp/lectern-transitions21-worker-xcode/Build/Products/Debug/Lectern.app/Contents (in target 'Lectern' from project 'Lectern')
    cd /path/to/user/.codex/worktrees/rostrum-metadata/rostrum/Lectern
    /bin/mkdir -p /tmp/lectern-transitions21-worker-xcode/Build/Products/Debug/Lectern.app/Contents

MkDir /tmp/lectern-transitions21-worker-xcode/Build/Products/Debug/Lectern.app (in target 'Lectern' from project 'Lectern')
    cd /path/to/user/.codex/worktrees/rostrum-metadata/rostrum/Lectern
    /bin/mkdir -p /tmp/lectern-transitions21-worker-xcode/Build/Products/Debug/Lectern.app

ProcessInfoPlistFile /tmp/lectern-transitions21-worker-xcode/Build/Products/Debug/PackageFrameworks/Rostrum.framework/Versions/A/Resources/Info.plist /tmp/lectern-transitions21-worker-xcode/Build/Intermediates.noindex/Rostrum.build/Debug/Rostrum-t.build/empty-Rostrum.plist (in target 'Rostrum' from project 'Rostrum')
    cd /path/to/user/.codex/worktrees/rostrum-metadata/rostrum
    builtin-infoPlistUtility /tmp/lectern-transitions21-worker-xcode/Build/Intermediates.noindex/Rostrum.build/Debug/Rostrum-t.build/empty-Rostrum.plist -producttype com.apple.product-type.framework -expandbuildsettings -platform macosx -o /tmp/lectern-transitions21-worker-xcode/Build/Products/Debug/PackageFrameworks/Rostrum.framework/Versions/A/Resources/Info.plist

ProcessInfoPlistFile /tmp/lectern-transitions21-worker-xcode/Build/Products/Debug/LecternCore_LecternCore.bundle/Contents/Info.plist /tmp/lectern-transitions21-worker-xcode/Build/Intermediates.noindex/LecternCore.build/Debug/LecternCore_LecternCore-b.build/empty-LecternCore_LecternCore.plist (in target 'LecternCore_LecternCore' from project 'LecternCore')
    cd /path/to/user/.codex/worktrees/rostrum-metadata/rostrum/Lectern
    builtin-infoPlistUtility /tmp/lectern-transitions21-worker-xcode/Build/Intermediates.noindex/LecternCore.build/Debug/LecternCore_LecternCore-b.build/empty-LecternCore_LecternCore.plist -producttype com.apple.product-type.bundle -expandbuildsettings -platform macosx -o /tmp/lectern-transitions21-worker-xcode/Build/Products/Debug/LecternCore_LecternCore.bundle/Contents/Info.plist

CpResource /tmp/lectern-transitions21-worker-xcode/Build/Products/Debug/LecternCore_LecternCore.bundle/Contents/Resources/LibraryLab /path/to/user/.codex/worktrees/rostrum-metadata/rostrum/Lectern/Sources/LecternCore/Resources/LibraryLab (in target 'LecternCore_LecternCore' from project 'LecternCore')
    cd /path/to/user/.codex/worktrees/rostrum-metadata/rostrum/Lectern
    builtin-copy -exclude .DS_Store -exclude CVS -exclude .svn -exclude .git -exclude .hg -resolve-src-symlinks /path/to/user/.codex/worktrees/rostrum-metadata/rostrum/Lectern/Sources/LecternCore/Resources/LibraryLab /tmp/lectern-transitions21-worker-xcode/Build/Products/Debug/LecternCore_LecternCore.bundle/Contents/Resources

CodeSign /tmp/lectern-transitions21-worker-xcode/Build/Products/Debug/LecternCore_LecternCore.bundle (in target 'LecternCore_LecternCore' from project 'LecternCore')
    cd /path/to/user/.codex/worktrees/rostrum-metadata/rostrum/Lectern

    Signing Identity:     "Apple Development: Local Developer"

    /usr/bin/codesign --force --sign 7B35F3DA522EE581F12475E7DD419B93C1AF1C6D --timestamp\=none --generate-entitlement-der /tmp/lectern-transitions21-worker-xcode/Build/Products/Debug/LecternCore_LecternCore.bundle

RegisterExecutionPolicyException /tmp/lectern-transitions21-worker-xcode/Build/Products/Debug/LecternCore_LecternCore.bundle (in target 'LecternCore_LecternCore' from project 'LecternCore')
    cd /path/to/user/.codex/worktrees/rostrum-metadata/rostrum/Lectern
    builtin-RegisterExecutionPolicyException /tmp/lectern-transitions21-worker-xcode/Build/Products/Debug/LecternCore_LecternCore.bundle

Touch /tmp/lectern-transitions21-worker-xcode/Build/Products/Debug/LecternCore_LecternCore.bundle (in target 'LecternCore_LecternCore' from project 'LecternCore')
    cd /path/to/user/.codex/worktrees/rostrum-metadata/rostrum/Lectern
    /usr/bin/touch -c /tmp/lectern-transitions21-worker-xcode/Build/Products/Debug/LecternCore_LecternCore.bundle

SwiftDriver Rostrum normal arm64 com.apple.xcode.tools.swift.compiler (in target 'Rostrum' from project 'Rostrum')
    cd /path/to/user/.codex/worktrees/rostrum-metadata/rostrum/Lectern/Lectern.xcodeproj
    builtin-SwiftDriver -- /Applications/Xcode.app/Contents/Developer/Toolchains/XcodeDefault.xctoolchain/usr/bin/swiftc -parse-as-library -module-name Rostrum -Onone @/tmp/lectern-transitions21-worker-xcode/Build/Intermediates.noindex/Rostrum.build/Debug/Rostrum-t.build/Objects-normal/arm64/Rostrum.SwiftFileList -DSWIFT_PACKAGE -DDEBUG -DSWIFT_MODULE_RESOURCE_BUNDLE_UNAVAILABLE -DXcode -plugin-path /Applications/Xcode.app/Contents/Developer/Toolchains/XcodeDefault.xctoolchain/usr/lib/swift/host/plugins/testing -enable-experimental-feature DebugDescriptionMacro -sdk /Applications/Xcode.app/Contents/Developer/Platforms/MacOSX.platform/Developer/SDKs/MacOSX27.0.sdk -target arm64-apple-macos13.0 -g -module-cache-path /tmp/lectern-transitions21-worker-xcode/ModuleCache.noindex -Xfrontend -serialize-debugging-options -enable-testing -index-store-path /tmp/lectern-transitions21-worker-xcode/Index.noindex/DataStore -Xcc -D_LIBCPP_HARDENING_MODE\=_LIBCPP_HARDENING_MODE_DEBUG -swift-version 6 -I /tmp/lectern-transitions21-worker-xcode/Build/Products/Debug -Isystem /Applications/Xcode.app/Contents/Developer/Platforms/MacOSX.platform/Developer/usr/lib -F /tmp/lectern-transitions21-worker-xcode/Build/Products/Debug -F /Applications/Xcode.app/Contents/Developer/Platforms/MacOSX.platform/Developer/Library/Frameworks -c -j18 -enable-batch-mode -incremental -Xcc -ivfsstatcache -Xcc /tmp/lectern-transitions21-worker-xcode/SDKStatCaches.noindex/macosx27.0-26A425-e829b21a6f8c9b70876ba0858053c0447231f6df4def33e022ae2eb8f782df1a.sdkstatcache -output-file-map /tmp/lectern-transitions21-worker-xcode/Build/Intermediates.noindex/Rostrum.build/Debug/Rostrum-t.build/Objects-normal/arm64/Rostrum-OutputFileMap.json -save-temps -no-color-diagnostics -explicit-module-build -module-cache-path /tmp/lectern-transitions21-worker-xcode/Build/Intermediates.noindex/SwiftExplicitPrecompiledModules -clang-scanner-module-cache-path /tmp/lectern-transitions21-worker-xcode/ModuleCache.noindex -sdk-module-cache-path /tmp/lectern-transitions21-worker-xcode/SDKExplicitPrecompiledModules -emit-dependencies -emit-module -emit-module-path /tmp/lectern-transitions21-worker-xcode/Build/Intermediates.noindex/Rostrum.build/Debug/Rostrum-t.build/Objects-normal/arm64/Rostrum.swiftmodule -serialize-diagnostics -dependency-scan-serialize-diagnostics-path /tmp/lectern-transitions21-worker-xcode/Build/Intermediates.noindex/Rostrum.build/Debug/Rostrum-t.build/Objects-normal/arm64/Rostrum-dependency-scan.dia -validate-clang-modules-once -clang-build-session-file /tmp/lectern-transitions21-worker-xcode/ModuleCache.noindex/Session.modulevalidation -Xcc -fmodules-prune-interval\=86400 -Xcc -fmodules-prune-after\=345600 -package-name rostrum -emit-const-values -const-gather-protocols-list /tmp/lectern-transitions21-worker-xcode/Build/Intermediates.noindex/Rostrum.build/Debug/Rostrum-t.build/Objects-normal/arm64/Rostrum_const_extract_protocols.json -Xcc -I/tmp/lectern-transitions21-worker-xcode/Build/Products/Debug/include -Xcc -I/tmp/lectern-transitions21-worker-xcode/Build/Intermediates.noindex/Rostrum.build/Debug/Rostrum-t.build/DerivedSources-normal/arm64 -Xcc -I/tmp/lectern-transitions21-worker-xcode/Build/Intermediates.noindex/Rostrum.build/Debug/Rostrum-t.build/DerivedSources/arm64 -Xcc -I/tmp/lectern-transitions21-worker-xcode/Build/Intermediates.noindex/Rostrum.build/Debug/Rostrum-t.build/DerivedSources -Xcc -DSWIFT_PACKAGE -Xcc -DDEBUG\=1 -emit-objc-header -emit-objc-header-path /tmp/lectern-transitions21-worker-xcode/Build/Intermediates.noindex/Rostrum.build/Debug/Rostrum-t.build/Objects-normal/arm64/Rostrum-Swift.h -working-directory /path/to/user/.codex/worktrees/rostrum-metadata/rostrum/Lectern/Lectern.xcodeproj -experimental-emit-module-separately -disable-cmo

SwiftExplicitDependencyGeneratePcm arm64 /tmp/lectern-transitions21-worker-xcode/SDKExplicitPrecompiledModules/ptrauth-9MUEIOL8XZ3L5II5PDMFHE7CA.pcm

SwiftExplicitDependencyGeneratePcm arm64 /tmp/lectern-transitions21-worker-xcode/SDKExplicitPrecompiledModules/_Builtin_stdbool-3KLQ9ULUJEQ3YG4N2MCEEXAE7.pcm

SwiftExplicitDependencyGeneratePcm arm64 /tmp/lectern-transitions21-worker-xcode/SDKExplicitPrecompiledModules/_Builtin_float-8PZ0F20K52VH4RLRCYQKL4OUQ.pcm

SwiftExplicitDependencyGeneratePcm arm64 /tmp/lectern-transitions21-worker-xcode/SDKExplicitPrecompiledModules/SwiftShims-3KVZQYS600XBHRBKJQC2XZLNK.pcm

SwiftExplicitDependencyGeneratePcm arm64 /tmp/lectern-transitions21-worker-xcode/SDKExplicitPrecompiledModules/_Builtin_stdarg-2HJRB5SA57HYE7I9012IJ1UBQ.pcm

SwiftExplicitDependencyGeneratePcm arm64 /tmp/lectern-transitions21-worker-xcode/SDKExplicitPrecompiledModules/_AvailabilityInternal-9DU4CJHHWAA5LPLRRBXALETFK.pcm

SwiftExplicitDependencyGeneratePcm arm64 /tmp/lectern-transitions21-worker-xcode/SDKExplicitPrecompiledModules/_Builtin_stddef-6AJCZ0ECKV08WKQXCOYL42B2.pcm

SwiftExplicitDependencyGeneratePcm arm64 /tmp/lectern-transitions21-worker-xcode/SDKExplicitPrecompiledModules/_SwiftConcurrencyShims-22Z6Y3VGX2Y09WNVGA9U2B71D.pcm

SwiftExplicitDependencyGeneratePcm arm64 /tmp/lectern-transitions21-worker-xcode/SDKExplicitPrecompiledModules/ptrcheck-5Z0404RH1LV18ZMCT0M1H2RR1.pcm

SwiftExplicitDependencyGeneratePcm arm64 /tmp/lectern-transitions21-worker-xcode/SDKExplicitPrecompiledModules/_DarwinFoundation1-E6WV3I0NEMM4PAMV5HVZTGQ3I.pcm

SwiftExplicitDependencyGeneratePcm arm64 /tmp/lectern-transitions21-worker-xcode/SDKExplicitPrecompiledModules/_Builtin_limits-BR5RYFMAYWMCYPWELCO2S8YP0.pcm

SwiftExplicitDependencyGeneratePcm arm64 /tmp/lectern-transitions21-worker-xcode/SDKExplicitPrecompiledModules/_DarwinFoundation2-EX6FYU2CUN7IBWA0G9M62DBTB.pcm

SwiftExplicitDependencyGeneratePcm arm64 /tmp/lectern-transitions21-worker-xcode/SDKExplicitPrecompiledModules/sys_types-BJBVQ6O7EWE6L11B07AF3NZHJ.pcm

SwiftExplicitDependencyGeneratePcm arm64 /tmp/lectern-transitions21-worker-xcode/SDKExplicitPrecompiledModules/string_h-ATZ2VU1ZLE6Y0AX9YW0GY9LYT.pcm

SwiftExplicitDependencyGeneratePcm arm64 /tmp/lectern-transitions21-worker-xcode/SDKExplicitPrecompiledModules/_Builtin_stdint-DXPKTTSP5OTFL8NFAWR7D2J76.pcm

SwiftExplicitDependencyGeneratePcm arm64 /tmp/lectern-transitions21-worker-xcode/SDKExplicitPrecompiledModules/_DarwinFoundation3-8ROEZ30BCSLW4VS7PQGR6GOQ2.pcm

SwiftExplicitDependencyGeneratePcm arm64 /tmp/lectern-transitions21-worker-xcode/SDKExplicitPrecompiledModules/libDER-8GPLIQBIP4KPVOY651LGYS1JU.pcm

SwiftExplicitDependencyGeneratePcm arm64 /tmp/lectern-transitions21-worker-xcode/SDKExplicitPrecompiledModules/_Builtin_inttypes-19YJA31DF280XT2BIZUPD3NTS.pcm

SwiftExplicitDependencyGeneratePcm arm64 /tmp/lectern-transitions21-worker-xcode/SDKExplicitPrecompiledModules/Darwin-1JZ0VOBH8NGKD96A2UJPF6LVJ.pcm

SwiftExplicitDependencyGeneratePcm arm64 /tmp/lectern-transitions21-worker-xcode/SDKExplicitPrecompiledModules/launch-5T8PGOTV0MUDSGI2KJHZC9TZT.pcm

SwiftExplicitDependencyGeneratePcm arm64 /tmp/lectern-transitions21-worker-xcode/SDKExplicitPrecompiledModules/libkern-AROV9HUERHX0VGGJL23II3O24.pcm

SwiftExplicitDependencyGeneratePcm arm64 /tmp/lectern-transitions21-worker-xcode/SDKExplicitPrecompiledModules/MachO-75GJ1CCWBZCFSJQH0ZLKMHR4N.pcm

SwiftExplicitDependencyGeneratePcm arm64 /tmp/lectern-transitions21-worker-xcode/SDKExplicitPrecompiledModules/ObjectiveC-22OJ1AIN7U9U7AY4VVM6LERQ3.pcm

SwiftExplicitDependencyGeneratePcm arm64 /tmp/lectern-transitions21-worker-xcode/SDKExplicitPrecompiledModules/os_object-9O4OJZ39QA9GEQ29Q4TOOOZHT.pcm

SwiftExplicitDependencyGeneratePcm arm64 /tmp/lectern-transitions21-worker-xcode/SDKExplicitPrecompiledModules/os_workgroup-5N8EXVK2OIT487ED3IGNE6WOB.pcm

SwiftExplicitDependencyGeneratePcm arm64 /tmp/lectern-transitions21-worker-xcode/SDKExplicitPrecompiledModules/Dispatch-7DF56RZ6QBFIXT90B2BJXL9ZJ.pcm

SwiftExplicitDependencyGeneratePcm arm64 /tmp/lectern-transitions21-worker-xcode/SDKExplicitPrecompiledModules/XPC-DSM64XIFVG4BI9K8LG1CMIACY.pcm

SwiftExplicitDependencyGeneratePcm arm64 /tmp/lectern-transitions21-worker-xcode/SDKExplicitPrecompiledModules/CoreFoundation-3G1X9D01C4P2LZ2K6MFIU5383.pcm

SwiftExplicitDependencyGeneratePcm arm64 /tmp/lectern-transitions21-worker-xcode/SDKExplicitPrecompiledModules/IOKit-70A2L1ENV49IXHLZ1BVJMU8B1.pcm

SwiftExplicitDependencyGeneratePcm arm64 /tmp/lectern-transitions21-worker-xcode/SDKExplicitPrecompiledModules/Security-CPCDLNAX8IBCNUAB9OOXG9E9H.pcm

SwiftExplicitDependencyGeneratePcm arm64 /tmp/lectern-transitions21-worker-xcode/SDKExplicitPrecompiledModules/CFNetwork-CKZPX369PYEA2H2CQ2VTU4QNH.pcm

SwiftExplicitDependencyGeneratePcm arm64 /tmp/lectern-transitions21-worker-xcode/SDKExplicitPrecompiledModules/DiskArbitration-2JKXNIMTPTYVCQT56PXJ642XD.pcm

SwiftExplicitDependencyGeneratePcm arm64 /tmp/lectern-transitions21-worker-xcode/SDKExplicitPrecompiledModules/CoreServices-3F8T0KI10N66MHDSN1ZKPZTBY.pcm

SwiftExplicitDependencyGeneratePcm arm64 /tmp/lectern-transitions21-worker-xcode/SDKExplicitPrecompiledModules/Foundation-4VRXBDRNELKU48XR97R8HS8HX.pcm

SwiftEmitModule normal arm64 Emitting\ module\ for\ Rostrum (in target 'Rostrum' from project 'Rostrum')

SwiftCompile normal arm64 (in target 'Rostrum' from project 'Rostrum')
    cd /path/to/user/.codex/worktrees/rostrum-metadata/rostrum/Lectern/Lectern.xcodeproj


/path/to/user/.codex/worktrees/rostrum-metadata/rostrum/Sources/Rostrum/Drawing/ColorMath.swift:29:5: warning: 'public' modifier is redundant for property declared in a public extension
 27 |     /// which is how two parts of one deck end up disagreeing about whether a
 28 |     /// background is dark.
 29 |     public var relativeLuminance: Double {
    |     `- warning: 'public' modifier is redundant for property declared in a public extension
 30 |         func linear(_ c: Int) -> Double {
 31 |             let s = Double(c) / 255

/path/to/user/.codex/worktrees/rostrum-metadata/rostrum/Sources/Rostrum/Drawing/ColorMath.swift:39:5: warning: 'public' modifier is redundant for instance method declared in a public extension
 37 |     /// WCAG contrast ratio with `other`, 1 (identical) … 21 (black↔white).
 38 |     /// Symmetric.
 39 |     public func contrastRatio(with other: Color) -> Double {
    |     `- warning: 'public' modifier is redundant for instance method declared in a public extension
 40 |         let hi = Swift.max(relativeLuminance, other.relativeLuminance)
 41 |         let lo = Swift.min(relativeLuminance, other.relativeLuminance)

/path/to/user/.codex/worktrees/rostrum-metadata/rostrum/Sources/Rostrum/Drawing/ColorMath.swift:47:5: warning: 'public' modifier is redundant for instance method declared in a public extension
 45 |     /// The more legible of `dark`/`light` to sit ON this color as a background.
 46 |     /// Ties favor `dark`.
 47 |     public func onColor(dark: Color = .black, light: Color = .white) -> Color {
    |     `- warning: 'public' modifier is redundant for instance method declared in a public extension
 48 |         contrastRatio(with: dark) >= contrastRatio(with: light) ? dark : light
 49 |     }

/path/to/user/.codex/worktrees/rostrum-metadata/rostrum/Sources/Rostrum/Drawing/ColorMath.swift:54:5: warning: 'public' modifier is redundant for static method declared in a public extension
 52 |     /// text). Deterministic — the first of equally-good options wins; empty
 53 |     /// `options` yields `.black`.
 54 |     public static func bestTextColor(on background: Color,
    |     `- warning: 'public' modifier is redundant for static method declared in a public extension
 55 |                                      options: [Color] = [.black, .white]) -> Color {
 56 |         var best = Color.black
SwiftCompile normal arm64 Compiling\ SVGShadow.swift,\ Sections.swift,\ ShapeAppearance.swift,\ ShapeKind.swift,\ ShapeTransform.swift,\ ShapeTypes.swift /path/to/user/.codex/worktrees/rostrum-metadata/rostrum/Sources/Rostrum/Presentation/SVGShadow.swift /path/to/user/.codex/worktrees/rostrum-metadata/rostrum/Sources/Rostrum/Presentation/Sections.swift /path/to/user/.codex/worktrees/rostrum-metadata/rostrum/Sources/Rostrum/Presentation/ShapeAppearance.swift /path/to/user/.codex/worktrees/rostrum-metadata/rostrum/Sources/Rostrum/Presentation/ShapeKind.swift /path/to/user/.codex/worktrees/rostrum-metadata/rostrum/Sources/Rostrum/Presentation/ShapeTransform.swift /path/to/user/.codex/worktrees/rostrum-metadata/rostrum/Sources/Rostrum/Presentation/ShapeTypes.swift (in target 'Rostrum' from project 'Rostrum')

SwiftCompile normal arm64 /path/to/user/.codex/worktrees/rostrum-metadata/rostrum/Sources/Rostrum/Presentation/SVGShadow.swift (in target 'Rostrum' from project 'Rostrum')
    cd /path/to/user/.codex/worktrees/rostrum-metadata/rostrum/Lectern/Lectern.xcodeproj
    builtin-SwiftPerFileCompile SVGShadow.swift

SwiftCompile normal arm64 /path/to/user/.codex/worktrees/rostrum-metadata/rostrum/Sources/Rostrum/Presentation/Sections.swift (in target 'Rostrum' from project 'Rostrum')
    cd /path/to/user/.codex/worktrees/rostrum-metadata/rostrum/Lectern/Lectern.xcodeproj
    builtin-SwiftPerFileCompile Sections.swift

SwiftCompile normal arm64 /path/to/user/.codex/worktrees/rostrum-metadata/rostrum/Sources/Rostrum/Presentation/ShapeAppearance.swift (in target 'Rostrum' from project 'Rostrum')
    cd /path/to/user/.codex/worktrees/rostrum-metadata/rostrum/Lectern/Lectern.xcodeproj
    builtin-SwiftPerFileCompile ShapeAppearance.swift

SwiftCompile normal arm64 /path/to/user/.codex/worktrees/rostrum-metadata/rostrum/Sources/Rostrum/Presentation/ShapeKind.swift (in target 'Rostrum' from project 'Rostrum')
    cd /path/to/user/.codex/worktrees/rostrum-metadata/rostrum/Lectern/Lectern.xcodeproj
    builtin-SwiftPerFileCompile ShapeKind.swift

SwiftCompile normal arm64 /path/to/user/.codex/worktrees/rostrum-metadata/rostrum/Sources/Rostrum/Presentation/ShapeTransform.swift (in target 'Rostrum' from project 'Rostrum')
    cd /path/to/user/.codex/worktrees/rostrum-metadata/rostrum/Lectern/Lectern.xcodeproj
    builtin-SwiftPerFileCompile ShapeTransform.swift

SwiftCompile normal arm64 /path/to/user/.codex/worktrees/rostrum-metadata/rostrum/Sources/Rostrum/Presentation/ShapeTypes.swift (in target 'Rostrum' from project 'Rostrum')
    cd /path/to/user/.codex/worktrees/rostrum-metadata/rostrum/Lectern/Lectern.xcodeproj
    builtin-SwiftPerFileCompile ShapeTypes.swift

SwiftCompile normal arm64 Compiling\ SmartArt.swift,\ TableBorderPaintCache.swift,\ TableBorderSegments.swift,\ TableCellFormatting.swift,\ TableDoubleBorder.swift,\ TableEditing.swift /path/to/user/.codex/worktrees/rostrum-metadata/rostrum/Sources/Rostrum/Presentation/SmartArt.swift /path/to/user/.codex/worktrees/rostrum-metadata/rostrum/Sources/Rostrum/Presentation/TableBorderPaintCache.swift /path/to/user/.codex/worktrees/rostrum-metadata/rostrum/Sources/Rostrum/Presentation/TableBorderSegments.swift /path/to/user/.codex/worktrees/rostrum-metadata/rostrum/Sources/Rostrum/Presentation/TableCellFormatting.swift /path/to/user/.codex/worktrees/rostrum-metadata/rostrum/Sources/Rostrum/Presentation/TableDoubleBorder.swift /path/to/user/.codex/worktrees/rostrum-metadata/rostrum/Sources/Rostrum/Presentation/TableEditing.swift (in target 'Rostrum' from project 'Rostrum')

SwiftCompile normal arm64 /path/to/user/.codex/worktrees/rostrum-metadata/rostrum/Sources/Rostrum/Presentation/SmartArt.swift (in target 'Rostrum' from project 'Rostrum')
    cd /path/to/user/.codex/worktrees/rostrum-metadata/rostrum/Lectern/Lectern.xcodeproj
    builtin-SwiftPerFileCompile SmartArt.swift

SwiftCompile normal arm64 /path/to/user/.codex/worktrees/rostrum-metadata/rostrum/Sources/Rostrum/Presentation/TableBorderPaintCache.swift (in target 'Rostrum' from project 'Rostrum')
    cd /path/to/user/.codex/worktrees/rostrum-metadata/rostrum/Lectern/Lectern.xcodeproj
    builtin-SwiftPerFileCompile TableBorderPaintCache.swift

SwiftCompile normal arm64 /path/to/user/.codex/worktrees/rostrum-metadata/rostrum/Sources/Rostrum/Presentation/TableBorderSegments.swift (in target 'Rostrum' from project 'Rostrum')
    cd /path/to/user/.codex/worktrees/rostrum-metadata/rostrum/Lectern/Lectern.xcodeproj
    builtin-SwiftPerFileCompile TableBorderSegments.swift

SwiftCompile normal arm64 /path/to/user/.codex/worktrees/rostrum-metadata/rostrum/Sources/Rostrum/Presentation/TableCellFormatting.swift (in target 'Rostrum' from project 'Rostrum')
    cd /path/to/user/.codex/worktrees/rostrum-metadata/rostrum/Lectern/Lectern.xcodeproj
    builtin-SwiftPerFileCompile TableCellFormatting.swift

SwiftCompile normal arm64 /path/to/user/.codex/worktrees/rostrum-metadata/rostrum/Sources/Rostrum/Presentation/TableDoubleBorder.swift (in target 'Rostrum' from project 'Rostrum')
    cd /path/to/user/.codex/worktrees/rostrum-metadata/rostrum/Lectern/Lectern.xcodeproj
    builtin-SwiftPerFileCompile TableDoubleBorder.swift

SwiftCompile normal arm64 /path/to/user/.codex/worktrees/rostrum-metadata/rostrum/Sources/Rostrum/Presentation/TableEditing.swift (in target 'Rostrum' from project 'Rostrum')
    cd /path/to/user/.codex/worktrees/rostrum-metadata/rostrum/Lectern/Lectern.xcodeproj
    builtin-SwiftPerFileCompile TableEditing.swift

SwiftCompile normal arm64 Compiling\ Layouts.swift,\ LegacyAnnotationImport.swift,\ LegacyComments.swift,\ Media.swift,\ MinimalTemplate.swift,\ Notes.swift /path/to/user/.codex/worktrees/rostrum-metadata/rostrum/Sources/Rostrum/Presentation/Layouts.swift /path/to/user/.codex/worktrees/rostrum-metadata/rostrum/Sources/Rostrum/Presentation/LegacyAnnotationImport.swift /path/to/user/.codex/worktrees/rostrum-metadata/rostrum/Sources/Rostrum/Presentation/LegacyComments.swift /path/to/user/.codex/worktrees/rostrum-metadata/rostrum/Sources/Rostrum/Presentation/Media.swift /path/to/user/.codex/worktrees/rostrum-metadata/rostrum/Sources/Rostrum/Presentation/MinimalTemplate.swift /path/to/user/.codex/worktrees/rostrum-metadata/rostrum/Sources/Rostrum/Presentation/Notes.swift (in target 'Rostrum' from project 'Rostrum')

SwiftCompile normal arm64 /path/to/user/.codex/worktrees/rostrum-metadata/rostrum/Sources/Rostrum/Presentation/Layouts.swift (in target 'Rostrum' from project 'Rostrum')
    cd /path/to/user/.codex/worktrees/rostrum-metadata/rostrum/Lectern/Lectern.xcodeproj
    builtin-SwiftPerFileCompile Layouts.swift

SwiftCompile normal arm64 /path/to/user/.codex/worktrees/rostrum-metadata/rostrum/Sources/Rostrum/Presentation/LegacyAnnotationImport.swift (in target 'Rostrum' from project 'Rostrum')
    cd /path/to/user/.codex/worktrees/rostrum-metadata/rostrum/Lectern/Lectern.xcodeproj
    builtin-SwiftPerFileCompile LegacyAnnotationImport.swift

SwiftCompile normal arm64 /path/to/user/.codex/worktrees/rostrum-metadata/rostrum/Sources/Rostrum/Presentation/LegacyComments.swift (in target 'Rostrum' from project 'Rostrum')
    cd /path/to/user/.codex/worktrees/rostrum-metadata/rostrum/Lectern/Lectern.xcodeproj
    builtin-SwiftPerFileCompile LegacyComments.swift

SwiftCompile normal arm64 /path/to/user/.codex/worktrees/rostrum-metadata/rostrum/Sources/Rostrum/Presentation/Media.swift (in target 'Rostrum' from project 'Rostrum')
    cd /path/to/user/.codex/worktrees/rostrum-metadata/rostrum/Lectern/Lectern.xcodeproj
    builtin-SwiftPerFileCompile Media.swift

SwiftCompile normal arm64 /path/to/user/.codex/worktrees/rostrum-metadata/rostrum/Sources/Rostrum/Presentation/MinimalTemplate.swift (in target 'Rostrum' from project 'Rostrum')
    cd /path/to/user/.codex/worktrees/rostrum-metadata/rostrum/Lectern/Lectern.xcodeproj
    builtin-SwiftPerFileCompile MinimalTemplate.swift

SwiftCompile normal arm64 /path/to/user/.codex/worktrees/rostrum-metadata/rostrum/Sources/Rostrum/Presentation/Notes.swift (in target 'Rostrum' from project 'Rostrum')
    cd /path/to/user/.codex/worktrees/rostrum-metadata/rostrum/Lectern/Lectern.xcodeproj
    builtin-SwiftPerFileCompile Notes.swift

SwiftCompile normal arm64 Compiling\ SVGEmbeddedImage.swift,\ SVGImagePlacement.swift,\ SVGPaint.swift,\ SVGPresetGeometry.swift,\ SVGRenderer.swift,\ SVGRichText.swift /path/to/user/.codex/worktrees/rostrum-metadata/rostrum/Sources/Rostrum/Presentation/SVGEmbeddedImage.swift /path/to/user/.codex/worktrees/rostrum-metadata/rostrum/Sources/Rostrum/Presentation/SVGImagePlacement.swift /path/to/user/.codex/worktrees/rostrum-metadata/rostrum/Sources/Rostrum/Presentation/SVGPaint.swift /path/to/user/.codex/worktrees/rostrum-metadata/rostrum/Sources/Rostrum/Presentation/SVGPresetGeometry.swift /path/to/user/.codex/worktrees/rostrum-metadata/rostrum/Sources/Rostrum/Presentation/SVGRenderer.swift /path/to/user/.codex/worktrees/rostrum-metadata/rostrum/Sources/Rostrum/Presentation/SVGRichText.swift (in target 'Rostrum' from project 'Rostrum')

SwiftCompile normal arm64 /path/to/user/.codex/worktrees/rostrum-metadata/rostrum/Sources/Rostrum/Presentation/SVGEmbeddedImage.swift (in target 'Rostrum' from project 'Rostrum')
    cd /path/to/user/.codex/worktrees/rostrum-metadata/rostrum/Lectern/Lectern.xcodeproj
    builtin-SwiftPerFileCompile SVGEmbeddedImage.swift

SwiftCompile normal arm64 /path/to/user/.codex/worktrees/rostrum-metadata/rostrum/Sources/Rostrum/Presentation/SVGImagePlacement.swift (in target 'Rostrum' from project 'Rostrum')
    cd /path/to/user/.codex/worktrees/rostrum-metadata/rostrum/Lectern/Lectern.xcodeproj
    builtin-SwiftPerFileCompile SVGImagePlacement.swift

SwiftCompile normal arm64 /path/to/user/.codex/worktrees/rostrum-metadata/rostrum/Sources/Rostrum/Presentation/SVGPaint.swift (in target 'Rostrum' from project 'Rostrum')
    cd /path/to/user/.codex/worktrees/rostrum-metadata/rostrum/Lectern/Lectern.xcodeproj
    builtin-SwiftPerFileCompile SVGPaint.swift

SwiftCompile normal arm64 /path/to/user/.codex/worktrees/rostrum-metadata/rostrum/Sources/Rostrum/Presentation/SVGPresetGeometry.swift (in target 'Rostrum' from project 'Rostrum')
    cd /path/to/user/.codex/worktrees/rostrum-metadata/rostrum/Lectern/Lectern.xcodeproj
    builtin-SwiftPerFileCompile SVGPresetGeometry.swift

SwiftCompile normal arm64 /path/to/user/.codex/worktrees/rostrum-metadata/rostrum/Sources/Rostrum/Presentation/SVGRenderer.swift (in target 'Rostrum' from project 'Rostrum')
    cd /path/to/user/.codex/worktrees/rostrum-metadata/rostrum/Lectern/Lectern.xcodeproj
    builtin-SwiftPerFileCompile SVGRenderer.swift

SwiftCompile normal arm64 /path/to/user/.codex/worktrees/rostrum-metadata/rostrum/Sources/Rostrum/Presentation/SVGRichText.swift (in target 'Rostrum' from project 'Rostrum')
    cd /path/to/user/.codex/worktrees/rostrum-metadata/rostrum/Lectern/Lectern.xcodeproj
    builtin-SwiftPerFileCompile SVGRichText.swift

SwiftCompile normal arm64 Compiling\ Text.swift,\ Theme.swift,\ Validation.swift,\ GeneratedSchema.swift,\ OXMLHelpers.swift,\ PresetGeometry.swift /path/to/user/.codex/worktrees/rostrum-metadata/rostrum/Sources/Rostrum/Presentation/Text.swift /path/to/user/.codex/worktrees/rostrum-metadata/rostrum/Sources/Rostrum/Presentation/Theme.swift /path/to/user/.codex/worktrees/rostrum-metadata/rostrum/Sources/Rostrum/Presentation/Validation.swift /path/to/user/.codex/worktrees/rostrum-metadata/rostrum/Sources/Rostrum/Schema/GeneratedSchema.swift /path/to/user/.codex/worktrees/rostrum-metadata/rostrum/Sources/Rostrum/Schema/OXMLHelpers.swift /path/to/user/.codex/worktrees/rostrum-metadata/rostrum/Sources/Rostrum/Schema/PresetGeometry.swift (in target 'Rostrum' from project 'Rostrum')

SwiftCompile normal arm64 /path/to/user/.codex/worktrees/rostrum-metadata/rostrum/Sources/Rostrum/Presentation/Text.swift (in target 'Rostrum' from project 'Rostrum')
    cd /path/to/user/.codex/worktrees/rostrum-metadata/rostrum/Lectern/Lectern.xcodeproj
    builtin-SwiftPerFileCompile Text.swift

SwiftCompile normal arm64 /path/to/user/.codex/worktrees/rostrum-metadata/rostrum/Sources/Rostrum/Presentation/Theme.swift (in target 'Rostrum' from project 'Rostrum')
    cd /path/to/user/.codex/worktrees/rostrum-metadata/rostrum/Lectern/Lectern.xcodeproj
    builtin-SwiftPerFileCompile Theme.swift

SwiftCompile normal arm64 /path/to/user/.codex/worktrees/rostrum-metadata/rostrum/Sources/Rostrum/Presentation/Validation.swift (in target 'Rostrum' from project 'Rostrum')
    cd /path/to/user/.codex/worktrees/rostrum-metadata/rostrum/Lectern/Lectern.xcodeproj
    builtin-SwiftPerFileCompile Validation.swift

SwiftCompile normal arm64 /path/to/user/.codex/worktrees/rostrum-metadata/rostrum/Sources/Rostrum/Schema/GeneratedSchema.swift (in target 'Rostrum' from project 'Rostrum')
    cd /path/to/user/.codex/worktrees/rostrum-metadata/rostrum/Lectern/Lectern.xcodeproj
    builtin-SwiftPerFileCompile GeneratedSchema.swift

SwiftCompile normal arm64 /path/to/user/.codex/worktrees/rostrum-metadata/rostrum/Sources/Rostrum/Schema/OXMLHelpers.swift (in target 'Rostrum' from project 'Rostrum')
    cd /path/to/user/.codex/worktrees/rostrum-metadata/rostrum/Lectern/Lectern.xcodeproj
    builtin-SwiftPerFileCompile OXMLHelpers.swift

SwiftCompile normal arm64 /path/to/user/.codex/worktrees/rostrum-metadata/rostrum/Sources/Rostrum/Schema/PresetGeometry.swift (in target 'Rostrum' from project 'Rostrum')
    cd /path/to/user/.codex/worktrees/rostrum-metadata/rostrum/Lectern/Lectern.xcodeproj
    builtin-SwiftPerFileCompile PresetGeometry.swift

SwiftCompile normal arm64 Compiling\ DeckStyle.swift,\ Design.swift,\ DocumentProperties.swift,\ FontEmbedding.swift,\ HeadersFooters.swift,\ ImageFill.swift /path/to/user/.codex/worktrees/rostrum-metadata/rostrum/Sources/Rostrum/Presentation/DeckStyle.swift /path/to/user/.codex/worktrees/rostrum-metadata/rostrum/Sources/Rostrum/Presentation/Design.swift /path/to/user/.codex/worktrees/rostrum-metadata/rostrum/Sources/Rostrum/Presentation/DocumentProperties.swift /path/to/user/.codex/worktrees/rostrum-metadata/rostrum/Sources/Rostrum/Presentation/FontEmbedding.swift /path/to/user/.codex/worktrees/rostrum-metadata/rostrum/Sources/Rostrum/Presentation/HeadersFooters.swift /path/to/user/.codex/worktrees/rostrum-metadata/rostrum/Sources/Rostrum/Presentation/ImageFill.swift (in target 'Rostrum' from project 'Rostrum')

SwiftCompile normal arm64 /path/to/user/.codex/worktrees/rostrum-metadata/rostrum/Sources/Rostrum/Presentation/DeckStyle.swift (in target 'Rostrum' from project 'Rostrum')
    cd /path/to/user/.codex/worktrees/rostrum-metadata/rostrum/Lectern/Lectern.xcodeproj
    builtin-SwiftPerFileCompile DeckStyle.swift

SwiftCompile normal arm64 /path/to/user/.codex/worktrees/rostrum-metadata/rostrum/Sources/Rostrum/Presentation/Design.swift (in target 'Rostrum' from project 'Rostrum')
    cd /path/to/user/.codex/worktrees/rostrum-metadata/rostrum/Lectern/Lectern.xcodeproj
    builtin-SwiftPerFileCompile Design.swift

SwiftCompile normal arm64 /path/to/user/.codex/worktrees/rostrum-metadata/rostrum/Sources/Rostrum/Presentation/DocumentProperties.swift (in target 'Rostrum' from project 'Rostrum')
    cd /path/to/user/.codex/worktrees/rostrum-metadata/rostrum/Lectern/Lectern.xcodeproj
    builtin-SwiftPerFileCompile DocumentProperties.swift

SwiftCompile normal arm64 /path/to/user/.codex/worktrees/rostrum-metadata/rostrum/Sources/Rostrum/Presentation/FontEmbedding.swift (in target 'Rostrum' from project 'Rostrum')
    cd /path/to/user/.codex/worktrees/rostrum-metadata/rostrum/Lectern/Lectern.xcodeproj
    builtin-SwiftPerFileCompile FontEmbedding.swift

SwiftCompile normal arm64 /path/to/user/.codex/worktrees/rostrum-metadata/rostrum/Sources/Rostrum/Presentation/HeadersFooters.swift (in target 'Rostrum' from project 'Rostrum')
    cd /path/to/user/.codex/worktrees/rostrum-metadata/rostrum/Lectern/Lectern.xcodeproj
    builtin-SwiftPerFileCompile HeadersFooters.swift

SwiftCompile normal arm64 /path/to/user/.codex/worktrees/rostrum-metadata/rostrum/Sources/Rostrum/Presentation/ImageFill.swift (in target 'Rostrum' from project 'Rostrum')
    cd /path/to/user/.codex/worktrees/rostrum-metadata/rostrum/Lectern/Lectern.xcodeproj
    builtin-SwiftPerFileCompile ImageFill.swift

SwiftCompile normal arm64 Compiling\ XML.swift,\ CRC32.swift,\ Deflate.swift,\ Inflate.swift,\ ZipReader.swift,\ ZipWriter.swift /path/to/user/.codex/worktrees/rostrum-metadata/rostrum/Sources/Rostrum/XML/XML.swift /path/to/user/.codex/worktrees/rostrum-metadata/rostrum/Sources/Rostrum/Zip/CRC32.swift /path/to/user/.codex/worktrees/rostrum-metadata/rostrum/Sources/Rostrum/Zip/Deflate.swift /path/to/user/.codex/worktrees/rostrum-metadata/rostrum/Sources/Rostrum/Zip/Inflate.swift /path/to/user/.codex/worktrees/rostrum-metadata/rostrum/Sources/Rostrum/Zip/ZipReader.swift /path/to/user/.codex/worktrees/rostrum-metadata/rostrum/Sources/Rostrum/Zip/ZipWriter.swift (in target 'Rostrum' from project 'Rostrum')

SwiftCompile normal arm64 /path/to/user/.codex/worktrees/rostrum-metadata/rostrum/Sources/Rostrum/XML/XML.swift (in target 'Rostrum' from project 'Rostrum')
    cd /path/to/user/.codex/worktrees/rostrum-metadata/rostrum/Lectern/Lectern.xcodeproj
    builtin-SwiftPerFileCompile XML.swift

SwiftCompile normal arm64 /path/to/user/.codex/worktrees/rostrum-metadata/rostrum/Sources/Rostrum/Zip/CRC32.swift (in target 'Rostrum' from project 'Rostrum')
    cd /path/to/user/.codex/worktrees/rostrum-metadata/rostrum/Lectern/Lectern.xcodeproj
    builtin-SwiftPerFileCompile CRC32.swift

SwiftCompile normal arm64 /path/to/user/.codex/worktrees/rostrum-metadata/rostrum/Sources/Rostrum/Zip/Deflate.swift (in target 'Rostrum' from project 'Rostrum')
    cd /path/to/user/.codex/worktrees/rostrum-metadata/rostrum/Lectern/Lectern.xcodeproj
    builtin-SwiftPerFileCompile Deflate.swift

SwiftCompile normal arm64 /path/to/user/.codex/worktrees/rostrum-metadata/rostrum/Sources/Rostrum/Zip/Inflate.swift (in target 'Rostrum' from project 'Rostrum')
    cd /path/to/user/.codex/worktrees/rostrum-metadata/rostrum/Lectern/Lectern.xcodeproj
    builtin-SwiftPerFileCompile Inflate.swift

SwiftCompile normal arm64 /path/to/user/.codex/worktrees/rostrum-metadata/rostrum/Sources/Rostrum/Zip/ZipReader.swift (in target 'Rostrum' from project 'Rostrum')
    cd /path/to/user/.codex/worktrees/rostrum-metadata/rostrum/Lectern/Lectern.xcodeproj
    builtin-SwiftPerFileCompile ZipReader.swift

SwiftCompile normal arm64 /path/to/user/.codex/worktrees/rostrum-metadata/rostrum/Sources/Rostrum/Zip/ZipWriter.swift (in target 'Rostrum' from project 'Rostrum')
    cd /path/to/user/.codex/worktrees/rostrum-metadata/rostrum/Lectern/Lectern.xcodeproj
    builtin-SwiftPerFileCompile ZipWriter.swift

SwiftCompile normal arm64 Compiling\ PackURI.swift,\ Relationships.swift,\ AnnotationDependencies.swift,\ AnnotationImport.swift,\ BackgroundResolver.swift,\ BuiltInTableStyle.swift /path/to/user/.codex/worktrees/rostrum-metadata/rostrum/Sources/Rostrum/OPC/PackURI.swift /path/to/user/.codex/worktrees/rostrum-metadata/rostrum/Sources/Rostrum/OPC/Relationships.swift /path/to/user/.codex/worktrees/rostrum-metadata/rostrum/Sources/Rostrum/Presentation/AnnotationDependencies.swift /path/to/user/.codex/worktrees/rostrum-metadata/rostrum/Sources/Rostrum/Presentation/AnnotationImport.swift /path/to/user/.codex/worktrees/rostrum-metadata/rostrum/Sources/Rostrum/Presentation/BackgroundResolver.swift /path/to/user/.codex/worktrees/rostrum-metadata/rostrum/Sources/Rostrum/Presentation/BuiltInTableStyle.swift (in target 'Rostrum' from project 'Rostrum')

SwiftCompile normal arm64 /path/to/user/.codex/worktrees/rostrum-metadata/rostrum/Sources/Rostrum/OPC/PackURI.swift (in target 'Rostrum' from project 'Rostrum')
    cd /path/to/user/.codex/worktrees/rostrum-metadata/rostrum/Lectern/Lectern.xcodeproj
    builtin-SwiftPerFileCompile PackURI.swift

SwiftCompile normal arm64 /path/to/user/.codex/worktrees/rostrum-metadata/rostrum/Sources/Rostrum/OPC/Relationships.swift (in target 'Rostrum' from project 'Rostrum')
    cd /path/to/user/.codex/worktrees/rostrum-metadata/rostrum/Lectern/Lectern.xcodeproj
    builtin-SwiftPerFileCompile Relationships.swift

SwiftCompile normal arm64 /path/to/user/.codex/worktrees/rostrum-metadata/rostrum/Sources/Rostrum/Presentation/AnnotationDependencies.swift (in target 'Rostrum' from project 'Rostrum')
    cd /path/to/user/.codex/worktrees/rostrum-metadata/rostrum/Lectern/Lectern.xcodeproj
    builtin-SwiftPerFileCompile AnnotationDependencies.swift

SwiftCompile normal arm64 /path/to/user/.codex/worktrees/rostrum-metadata/rostrum/Sources/Rostrum/Presentation/AnnotationImport.swift (in target 'Rostrum' from project 'Rostrum')
    cd /path/to/user/.codex/worktrees/rostrum-metadata/rostrum/Lectern/Lectern.xcodeproj
    builtin-SwiftPerFileCompile AnnotationImport.swift

SwiftCompile normal arm64 /path/to/user/.codex/worktrees/rostrum-metadata/rostrum/Sources/Rostrum/Presentation/BackgroundResolver.swift (in target 'Rostrum' from project 'Rostrum')
    cd /path/to/user/.codex/worktrees/rostrum-metadata/rostrum/Lectern/Lectern.xcodeproj
    builtin-SwiftPerFileCompile BackgroundResolver.swift

SwiftCompile normal arm64 /path/to/user/.codex/worktrees/rostrum-metadata/rostrum/Sources/Rostrum/Presentation/BuiltInTableStyle.swift (in target 'Rostrum' from project 'Rostrum')
    cd /path/to/user/.codex/worktrees/rostrum-metadata/rostrum/Lectern/Lectern.xcodeproj
    builtin-SwiftPerFileCompile BuiltInTableStyle.swift

SwiftCompile normal arm64 Compiling\ ShapedGlyphRun.swift,\ TextMeasurer.swift,\ TextShaper.swift,\ ContentTypes.swift,\ OPCArchive.swift,\ OPCPackage.swift /path/to/user/.codex/worktrees/rostrum-metadata/rostrum/Sources/Rostrum/Fonts/ShapedGlyphRun.swift /path/to/user/.codex/worktrees/rostrum-metadata/rostrum/Sources/Rostrum/Fonts/TextMeasurer.swift /path/to/user/.codex/worktrees/rostrum-metadata/rostrum/Sources/Rostrum/Fonts/TextShaper.swift /path/to/user/.codex/worktrees/rostrum-metadata/rostrum/Sources/Rostrum/OPC/ContentTypes.swift /path/to/user/.codex/worktrees/rostrum-metadata/rostrum/Sources/Rostrum/OPC/OPCArchive.swift /path/to/user/.codex/worktrees/rostrum-metadata/rostrum/Sources/Rostrum/OPC/OPCPackage.swift (in target 'Rostrum' from project 'Rostrum')

SwiftCompile normal arm64 /path/to/user/.codex/worktrees/rostrum-metadata/rostrum/Sources/Rostrum/Fonts/ShapedGlyphRun.swift (in target 'Rostrum' from project 'Rostrum')
    cd /path/to/user/.codex/worktrees/rostrum-metadata/rostrum/Lectern/Lectern.xcodeproj
    builtin-SwiftPerFileCompile ShapedGlyphRun.swift

SwiftCompile normal arm64 /path/to/user/.codex/worktrees/rostrum-metadata/rostrum/Sources/Rostrum/Fonts/TextMeasurer.swift (in target 'Rostrum' from project 'Rostrum')
    cd /path/to/user/.codex/worktrees/rostrum-metadata/rostrum/Lectern/Lectern.xcodeproj
    builtin-SwiftPerFileCompile TextMeasurer.swift

SwiftCompile normal arm64 /path/to/user/.codex/worktrees/rostrum-metadata/rostrum/Sources/Rostrum/Fonts/TextShaper.swift (in target 'Rostrum' from project 'Rostrum')
    cd /path/to/user/.codex/worktrees/rostrum-metadata/rostrum/Lectern/Lectern.xcodeproj
    builtin-SwiftPerFileCompile TextShaper.swift

SwiftCompile normal arm64 /path/to/user/.codex/worktrees/rostrum-metadata/rostrum/Sources/Rostrum/OPC/ContentTypes.swift (in target 'Rostrum' from project 'Rostrum')
    cd /path/to/user/.codex/worktrees/rostrum-metadata/rostrum/Lectern/Lectern.xcodeproj
    builtin-SwiftPerFileCompile ContentTypes.swift

SwiftCompile normal arm64 /path/to/user/.codex/worktrees/rostrum-metadata/rostrum/Sources/Rostrum/OPC/OPCArchive.swift (in target 'Rostrum' from project 'Rostrum')
    cd /path/to/user/.codex/worktrees/rostrum-metadata/rostrum/Lectern/Lectern.xcodeproj
    builtin-SwiftPerFileCompile OPCArchive.swift

SwiftCompile normal arm64 /path/to/user/.codex/worktrees/rostrum-metadata/rostrum/Sources/Rostrum/OPC/OPCPackage.swift (in target 'Rostrum' from project 'Rostrum')
    cd /path/to/user/.codex/worktrees/rostrum-metadata/rostrum/Lectern/Lectern.xcodeproj
    builtin-SwiftPerFileCompile OPCPackage.swift

SwiftCompile normal arm64 Compiling\ ArabicTextShaper.swift,\ FontFaceKey.swift,\ FontLayoutTables.swift,\ FontLibrary.swift,\ FontMetrics.swift,\ MarkPositioning.swift /path/to/user/.codex/worktrees/rostrum-metadata/rostrum/Sources/Rostrum/Fonts/ArabicTextShaper.swift /path/to/user/.codex/worktrees/rostrum-metadata/rostrum/Sources/Rostrum/Fonts/FontFaceKey.swift /path/to/user/.codex/worktrees/rostrum-metadata/rostrum/Sources/Rostrum/Fonts/FontLayoutTables.swift /path/to/user/.codex/worktrees/rostrum-metadata/rostrum/Sources/Rostrum/Fonts/FontLibrary.swift /path/to/user/.codex/worktrees/rostrum-metadata/rostrum/Sources/Rostrum/Fonts/FontMetrics.swift /path/to/user/.codex/worktrees/rostrum-metadata/rostrum/Sources/Rostrum/Fonts/MarkPositioning.swift (in target 'Rostrum' from project 'Rostrum')

SwiftCompile normal arm64 /path/to/user/.codex/worktrees/rostrum-metadata/rostrum/Sources/Rostrum/Fonts/ArabicTextShaper.swift (in target 'Rostrum' from project 'Rostrum')
    cd /path/to/user/.codex/worktrees/rostrum-metadata/rostrum/Lectern/Lectern.xcodeproj
    builtin-SwiftPerFileCompile ArabicTextShaper.swift

SwiftCompile normal arm64 /path/to/user/.codex/worktrees/rostrum-metadata/rostrum/Sources/Rostrum/Fonts/FontFaceKey.swift (in target 'Rostrum' from project 'Rostrum')
    cd /path/to/user/.codex/worktrees/rostrum-metadata/rostrum/Lectern/Lectern.xcodeproj
    builtin-SwiftPerFileCompile FontFaceKey.swift

SwiftCompile normal arm64 /path/to/user/.codex/worktrees/rostrum-metadata/rostrum/Sources/Rostrum/Fonts/FontLayoutTables.swift (in target 'Rostrum' from project 'Rostrum')
    cd /path/to/user/.codex/worktrees/rostrum-metadata/rostrum/Lectern/Lectern.xcodeproj
    builtin-SwiftPerFileCompile FontLayoutTables.swift

SwiftCompile normal arm64 /path/to/user/.codex/worktrees/rostrum-metadata/rostrum/Sources/Rostrum/Fonts/FontLibrary.swift (in target 'Rostrum' from project 'Rostrum')
    cd /path/to/user/.codex/worktrees/rostrum-metadata/rostrum/Lectern/Lectern.xcodeproj
    builtin-SwiftPerFileCompile FontLibrary.swift

SwiftCompile normal arm64 /path/to/user/.codex/worktrees/rostrum-metadata/rostrum/Sources/Rostrum/Fonts/FontMetrics.swift (in target 'Rostrum' from project 'Rostrum')
    cd /path/to/user/.codex/worktrees/rostrum-metadata/rostrum/Lectern/Lectern.xcodeproj
    builtin-SwiftPerFileCompile FontMetrics.swift

SwiftCompile normal arm64 /path/to/user/.codex/worktrees/rostrum-metadata/rostrum/Sources/Rostrum/Fonts/MarkPositioning.swift (in target 'Rostrum' from project 'Rostrum')
    cd /path/to/user/.codex/worktrees/rostrum-metadata/rostrum/Lectern/Lectern.xcodeproj
    builtin-SwiftPerFileCompile MarkPositioning.swift

SwiftCompile normal arm64 Compiling\ Charts.swift,\ ComboChartData.swift,\ RostrumError.swift,\ Units.swift,\ ColorMath.swift,\ Drawing.swift /path/to/user/.codex/worktrees/rostrum-metadata/rostrum/Sources/Rostrum/Charts/Charts.swift /path/to/user/.codex/worktrees/rostrum-metadata/rostrum/Sources/Rostrum/Charts/ComboChartData.swift /path/to/user/.codex/worktrees/rostrum-metadata/rostrum/Sources/Rostrum/Core/RostrumError.swift /path/to/user/.codex/worktrees/rostrum-metadata/rostrum/Sources/Rostrum/Core/Units.swift /path/to/user/.codex/worktrees/rostrum-metadata/rostrum/Sources/Rostrum/Drawing/ColorMath.swift /path/to/user/.codex/worktrees/rostrum-metadata/rostrum/Sources/Rostrum/Drawing/Drawing.swift (in target 'Rostrum' from project 'Rostrum')
/path/to/user/.codex/worktrees/rostrum-metadata/rostrum/Sources/Rostrum/Drawing/ColorMath.swift:29:5: warning: 'public' modifier is redundant for property declared in a public extension
 27 |     /// which is how two parts of one deck end up disagreeing about whether a
 28 |     /// background is dark.
 29 |     public var relativeLuminance: Double {
    |     `- warning: 'public' modifier is redundant for property declared in a public extension
 30 |         func linear(_ c: Int) -> Double {
 31 |             let s = Double(c) / 255

/path/to/user/.codex/worktrees/rostrum-metadata/rostrum/Sources/Rostrum/Drawing/ColorMath.swift:39:5: warning: 'public' modifier is redundant for instance method declared in a public extension
 37 |     /// WCAG contrast ratio with `other`, 1 (identical) … 21 (black↔white).
 38 |     /// Symmetric.
 39 |     public func contrastRatio(with other: Color) -> Double {
    |     `- warning: 'public' modifier is redundant for instance method declared in a public extension
 40 |         let hi = Swift.max(relativeLuminance, other.relativeLuminance)
 41 |         let lo = Swift.min(relativeLuminance, other.relativeLuminance)

/path/to/user/.codex/worktrees/rostrum-metadata/rostrum/Sources/Rostrum/Drawing/ColorMath.swift:47:5: warning: 'public' modifier is redundant for instance method declared in a public extension
 45 |     /// The more legible of `dark`/`light` to sit ON this color as a background.
 46 |     /// Ties favor `dark`.
 47 |     public func onColor(dark: Color = .black, light: Color = .white) -> Color {
    |     `- warning: 'public' modifier is redundant for instance method declared in a public extension
 48 |         contrastRatio(with: dark) >= contrastRatio(with: light) ? dark : light
 49 |     }

/path/to/user/.codex/worktrees/rostrum-metadata/rostrum/Sources/Rostrum/Drawing/ColorMath.swift:54:5: warning: 'public' modifier is redundant for static method declared in a public extension
 52 |     /// text). Deterministic — the first of equally-good options wins; empty
 53 |     /// `options` yields `.black`.
 54 |     public static func bestTextColor(on background: Color,
    |     `- warning: 'public' modifier is redundant for static method declared in a public extension
 55 |                                      options: [Color] = [.black, .white]) -> Color {
 56 |         var best = Color.black

SwiftCompile normal arm64 /path/to/user/.codex/worktrees/rostrum-metadata/rostrum/Sources/Rostrum/Charts/Charts.swift (in target 'Rostrum' from project 'Rostrum')
    cd /path/to/user/.codex/worktrees/rostrum-metadata/rostrum/Lectern/Lectern.xcodeproj
    builtin-SwiftPerFileCompile Charts.swift

SwiftCompile normal arm64 /path/to/user/.codex/worktrees/rostrum-metadata/rostrum/Sources/Rostrum/Charts/ComboChartData.swift (in target 'Rostrum' from project 'Rostrum')
    cd /path/to/user/.codex/worktrees/rostrum-metadata/rostrum/Lectern/Lectern.xcodeproj
    builtin-SwiftPerFileCompile ComboChartData.swift

SwiftCompile normal arm64 /path/to/user/.codex/worktrees/rostrum-metadata/rostrum/Sources/Rostrum/Core/RostrumError.swift (in target 'Rostrum' from project 'Rostrum')
    cd /path/to/user/.codex/worktrees/rostrum-metadata/rostrum/Lectern/Lectern.xcodeproj
    builtin-SwiftPerFileCompile RostrumError.swift

SwiftCompile normal arm64 /path/to/user/.codex/worktrees/rostrum-metadata/rostrum/Sources/Rostrum/Core/Units.swift (in target 'Rostrum' from project 'Rostrum')
    cd /path/to/user/.codex/worktrees/rostrum-metadata/rostrum/Lectern/Lectern.xcodeproj
    builtin-SwiftPerFileCompile Units.swift

SwiftCompile normal arm64 /path/to/user/.codex/worktrees/rostrum-metadata/rostrum/Sources/Rostrum/Drawing/ColorMath.swift (in target 'Rostrum' from project 'Rostrum')
    cd /path/to/user/.codex/worktrees/rostrum-metadata/rostrum/Lectern/Lectern.xcodeproj
    builtin-SwiftPerFileCompile ColorMath.swift

SwiftCompile normal arm64 /path/to/user/.codex/worktrees/rostrum-metadata/rostrum/Sources/Rostrum/Drawing/Drawing.swift (in target 'Rostrum' from project 'Rostrum')
    cd /path/to/user/.codex/worktrees/rostrum-metadata/rostrum/Lectern/Lectern.xcodeproj
    builtin-SwiftPerFileCompile Drawing.swift

SwiftCompile normal arm64 Compiling\ ChartData.swift,\ ChartReader.swift,\ ChartSeriesEditing.swift,\ ChartWorkbook.swift,\ ChartWorkbookReader.swift,\ ChartXML.swift /path/to/user/.codex/worktrees/rostrum-metadata/rostrum/Sources/Rostrum/Charts/ChartData.swift /path/to/user/.codex/worktrees/rostrum-metadata/rostrum/Sources/Rostrum/Charts/ChartReader.swift /path/to/user/.codex/worktrees/rostrum-metadata/rostrum/Sources/Rostrum/Charts/ChartSeriesEditing.swift /path/to/user/.codex/worktrees/rostrum-metadata/rostrum/Sources/Rostrum/Charts/ChartWorkbook.swift /path/to/user/.codex/worktrees/rostrum-metadata/rostrum/Sources/Rostrum/Charts/ChartWorkbookReader.swift /path/to/user/.codex/worktrees/rostrum-metadata/rostrum/Sources/Rostrum/Charts/ChartXML.swift (in target 'Rostrum' from project 'Rostrum')

SwiftCompile normal arm64 /path/to/user/.codex/worktrees/rostrum-metadata/rostrum/Sources/Rostrum/Charts/ChartData.swift (in target 'Rostrum' from project 'Rostrum')
    cd /path/to/user/.codex/worktrees/rostrum-metadata/rostrum/Lectern/Lectern.xcodeproj
    builtin-SwiftPerFileCompile ChartData.swift

SwiftCompile normal arm64 /path/to/user/.codex/worktrees/rostrum-metadata/rostrum/Sources/Rostrum/Charts/ChartReader.swift (in target 'Rostrum' from project 'Rostrum')
    cd /path/to/user/.codex/worktrees/rostrum-metadata/rostrum/Lectern/Lectern.xcodeproj
    builtin-SwiftPerFileCompile ChartReader.swift

SwiftCompile normal arm64 /path/to/user/.codex/worktrees/rostrum-metadata/rostrum/Sources/Rostrum/Charts/ChartSeriesEditing.swift (in target 'Rostrum' from project 'Rostrum')
    cd /path/to/user/.codex/worktrees/rostrum-metadata/rostrum/Lectern/Lectern.xcodeproj
    builtin-SwiftPerFileCompile ChartSeriesEditing.swift

SwiftCompile normal arm64 /path/to/user/.codex/worktrees/rostrum-metadata/rostrum/Sources/Rostrum/Charts/ChartWorkbook.swift (in target 'Rostrum' from project 'Rostrum')
    cd /path/to/user/.codex/worktrees/rostrum-metadata/rostrum/Lectern/Lectern.xcodeproj
    builtin-SwiftPerFileCompile ChartWorkbook.swift

SwiftCompile normal arm64 /path/to/user/.codex/worktrees/rostrum-metadata/rostrum/Sources/Rostrum/Charts/ChartWorkbookReader.swift (in target 'Rostrum' from project 'Rostrum')
    cd /path/to/user/.codex/worktrees/rostrum-metadata/rostrum/Lectern/Lectern.xcodeproj
    builtin-SwiftPerFileCompile ChartWorkbookReader.swift

SwiftCompile normal arm64 /path/to/user/.codex/worktrees/rostrum-metadata/rostrum/Sources/Rostrum/Charts/ChartXML.swift (in target 'Rostrum' from project 'Rostrum')
    cd /path/to/user/.codex/worktrees/rostrum-metadata/rostrum/Lectern/Lectern.xcodeproj
    builtin-SwiftPerFileCompile ChartXML.swift

SwiftCompile normal arm64 Compiling\ PublishedLayouts.swift,\ RenderDiagnostics.swift,\ RenderImageResources.swift,\ RenderTextAttributes.swift,\ RichTextLayout.swift,\ SVGCustomGeometry.swift /path/to/user/.codex/worktrees/rostrum-metadata/rostrum/Sources/Rostrum/Presentation/PublishedLayouts.swift /path/to/user/.codex/worktrees/rostrum-metadata/rostrum/Sources/Rostrum/Presentation/RenderDiagnostics.swift /path/to/user/.codex/worktrees/rostrum-metadata/rostrum/Sources/Rostrum/Presentation/RenderImageResources.swift /path/to/user/.codex/worktrees/rostrum-metadata/rostrum/Sources/Rostrum/Presentation/RenderTextAttributes.swift /path/to/user/.codex/worktrees/rostrum-metadata/rostrum/Sources/Rostrum/Presentation/RichTextLayout.swift /path/to/user/.codex/worktrees/rostrum-metadata/rostrum/Sources/Rostrum/Presentation/SVGCustomGeometry.swift (in target 'Rostrum' from project 'Rostrum')
/path/to/user/.codex/worktrees/rostrum-metadata/rostrum/Sources/Rostrum/Presentation/RichTextLayout.swift:306:22: warning: immutable value 'piece' was never used; consider replacing with '_' or removing it [#NoUsage]
 304 |             var spacingRunMetrics: [SpacingMetric?] = []
 305 |             func shapePieces() {
 306 |                 for (piece, text, originalStyle, metrics) in pieces {
     |                      `- warning: immutable value 'piece' was never used; consider replacing with '_' or removing it [#NoUsage]
 307 |                     source += 1
 308 |                     var style = originalStyle

[#NoUsage]: <https://docs.swift.org/compiler/documentation/diagnostics/no-usage>

SwiftCompile normal arm64 /path/to/user/.codex/worktrees/rostrum-metadata/rostrum/Sources/Rostrum/Presentation/PublishedLayouts.swift (in target 'Rostrum' from project 'Rostrum')
    cd /path/to/user/.codex/worktrees/rostrum-metadata/rostrum/Lectern/Lectern.xcodeproj
    builtin-SwiftPerFileCompile PublishedLayouts.swift

SwiftCompile normal arm64 /path/to/user/.codex/worktrees/rostrum-metadata/rostrum/Sources/Rostrum/Presentation/RenderDiagnostics.swift (in target 'Rostrum' from project 'Rostrum')
    cd /path/to/user/.codex/worktrees/rostrum-metadata/rostrum/Lectern/Lectern.xcodeproj
    builtin-SwiftPerFileCompile RenderDiagnostics.swift

SwiftCompile normal arm64 /path/to/user/.codex/worktrees/rostrum-metadata/rostrum/Sources/Rostrum/Presentation/RenderImageResources.swift (in target 'Rostrum' from project 'Rostrum')
    cd /path/to/user/.codex/worktrees/rostrum-metadata/rostrum/Lectern/Lectern.xcodeproj
    builtin-SwiftPerFileCompile RenderImageResources.swift

SwiftCompile normal arm64 /path/to/user/.codex/worktrees/rostrum-metadata/rostrum/Sources/Rostrum/Presentation/RenderTextAttributes.swift (in target 'Rostrum' from project 'Rostrum')
    cd /path/to/user/.codex/worktrees/rostrum-metadata/rostrum/Lectern/Lectern.xcodeproj
    builtin-SwiftPerFileCompile RenderTextAttributes.swift

SwiftCompile normal arm64 /path/to/user/.codex/worktrees/rostrum-metadata/rostrum/Sources/Rostrum/Presentation/RichTextLayout.swift (in target 'Rostrum' from project 'Rostrum')
    cd /path/to/user/.codex/worktrees/rostrum-metadata/rostrum/Lectern/Lectern.xcodeproj
    builtin-SwiftPerFileCompile RichTextLayout.swift

SwiftCompile normal arm64 /path/to/user/.codex/worktrees/rostrum-metadata/rostrum/Sources/Rostrum/Presentation/SVGCustomGeometry.swift (in target 'Rostrum' from project 'Rostrum')
    cd /path/to/user/.codex/worktrees/rostrum-metadata/rostrum/Lectern/Lectern.xcodeproj
    builtin-SwiftPerFileCompile SVGCustomGeometry.swift

SwiftCompile normal arm64 Compiling\ NotesImportGeometry.swift,\ NotesPageRenderer.swift,\ NotesPageTemplate.swift,\ PictureCrop.swift,\ Pictures.swift,\ Presentation.swift /path/to/user/.codex/worktrees/rostrum-metadata/rostrum/Sources/Rostrum/Presentation/NotesImportGeometry.swift /path/to/user/.codex/worktrees/rostrum-metadata/rostrum/Sources/Rostrum/Presentation/NotesPageRenderer.swift /path/to/user/.codex/worktrees/rostrum-metadata/rostrum/Sources/Rostrum/Presentation/NotesPageTemplate.swift /path/to/user/.codex/worktrees/rostrum-metadata/rostrum/Sources/Rostrum/Presentation/PictureCrop.swift /path/to/user/.codex/worktrees/rostrum-metadata/rostrum/Sources/Rostrum/Presentation/Pictures.swift /path/to/user/.codex/worktrees/rostrum-metadata/rostrum/Sources/Rostrum/Presentation/Presentation.swift (in target 'Rostrum' from project 'Rostrum')

SwiftCompile normal arm64 /path/to/user/.codex/worktrees/rostrum-metadata/rostrum/Sources/Rostrum/Presentation/NotesImportGeometry.swift (in target 'Rostrum' from project 'Rostrum')
    cd /path/to/user/.codex/worktrees/rostrum-metadata/rostrum/Lectern/Lectern.xcodeproj
    builtin-SwiftPerFileCompile NotesImportGeometry.swift

SwiftCompile normal arm64 /path/to/user/.codex/worktrees/rostrum-metadata/rostrum/Sources/Rostrum/Presentation/NotesPageRenderer.swift (in target 'Rostrum' from project 'Rostrum')
    cd /path/to/user/.codex/worktrees/rostrum-metadata/rostrum/Lectern/Lectern.xcodeproj
    builtin-SwiftPerFileCompile NotesPageRenderer.swift

SwiftCompile normal arm64 /path/to/user/.codex/worktrees/rostrum-metadata/rostrum/Sources/Rostrum/Presentation/NotesPageTemplate.swift (in target 'Rostrum' from project 'Rostrum')
    cd /path/to/user/.codex/worktrees/rostrum-metadata/rostrum/Lectern/Lectern.xcodeproj
    builtin-SwiftPerFileCompile NotesPageTemplate.swift

SwiftCompile normal arm64 /path/to/user/.codex/worktrees/rostrum-metadata/rostrum/Sources/Rostrum/Presentation/PictureCrop.swift (in target 'Rostrum' from project 'Rostrum')
    cd /path/to/user/.codex/worktrees/rostrum-metadata/rostrum/Lectern/Lectern.xcodeproj
    builtin-SwiftPerFileCompile PictureCrop.swift

SwiftCompile normal arm64 /path/to/user/.codex/worktrees/rostrum-metadata/rostrum/Sources/Rostrum/Presentation/Pictures.swift (in target 'Rostrum' from project 'Rostrum')
    cd /path/to/user/.codex/worktrees/rostrum-metadata/rostrum/Lectern/Lectern.xcodeproj
    builtin-SwiftPerFileCompile Pictures.swift

SwiftCompile normal arm64 /path/to/user/.codex/worktrees/rostrum-metadata/rostrum/Sources/Rostrum/Presentation/Presentation.swift (in target 'Rostrum' from project 'Rostrum')
    cd /path/to/user/.codex/worktrees/rostrum-metadata/rostrum/Lectern/Lectern.xcodeproj
    builtin-SwiftPerFileCompile Presentation.swift

SwiftCompile normal arm64 Compiling\ Shapes.swift,\ Slide.swift,\ SlideAnnotations.swift,\ SlideBuilders.swift,\ SlideMasters.swift,\ Slides.swift /path/to/user/.codex/worktrees/rostrum-metadata/rostrum/Sources/Rostrum/Presentation/Shapes.swift /path/to/user/.codex/worktrees/rostrum-metadata/rostrum/Sources/Rostrum/Presentation/Slide.swift /path/to/user/.codex/worktrees/rostrum-metadata/rostrum/Sources/Rostrum/Presentation/SlideAnnotations.swift /path/to/user/.codex/worktrees/rostrum-metadata/rostrum/Sources/Rostrum/Presentation/SlideBuilders.swift /path/to/user/.codex/worktrees/rostrum-metadata/rostrum/Sources/Rostrum/Presentation/SlideMasters.swift /path/to/user/.codex/worktrees/rostrum-metadata/rostrum/Sources/Rostrum/Presentation/Slides.swift (in target 'Rostrum' from project 'Rostrum')

SwiftCompile normal arm64 /path/to/user/.codex/worktrees/rostrum-metadata/rostrum/Sources/Rostrum/Presentation/Shapes.swift (in target 'Rostrum' from project 'Rostrum')
    cd /path/to/user/.codex/worktrees/rostrum-metadata/rostrum/Lectern/Lectern.xcodeproj
    builtin-SwiftPerFileCompile Shapes.swift

SwiftCompile normal arm64 /path/to/user/.codex/worktrees/rostrum-metadata/rostrum/Sources/Rostrum/Presentation/Slide.swift (in target 'Rostrum' from project 'Rostrum')
    cd /path/to/user/.codex/worktrees/rostrum-metadata/rostrum/Lectern/Lectern.xcodeproj
    builtin-SwiftPerFileCompile Slide.swift

SwiftCompile normal arm64 /path/to/user/.codex/worktrees/rostrum-metadata/rostrum/Sources/Rostrum/Presentation/SlideAnnotations.swift (in target 'Rostrum' from project 'Rostrum')
    cd /path/to/user/.codex/worktrees/rostrum-metadata/rostrum/Lectern/Lectern.xcodeproj
    builtin-SwiftPerFileCompile SlideAnnotations.swift

SwiftCompile normal arm64 /path/to/user/.codex/worktrees/rostrum-metadata/rostrum/Sources/Rostrum/Presentation/SlideBuilders.swift (in target 'Rostrum' from project 'Rostrum')
    cd /path/to/user/.codex/worktrees/rostrum-metadata/rostrum/Lectern/Lectern.xcodeproj
    builtin-SwiftPerFileCompile SlideBuilders.swift

SwiftCompile normal arm64 /path/to/user/.codex/worktrees/rostrum-metadata/rostrum/Sources/Rostrum/Presentation/SlideMasters.swift (in target 'Rostrum' from project 'Rostrum')
    cd /path/to/user/.codex/worktrees/rostrum-metadata/rostrum/Lectern/Lectern.xcodeproj
    builtin-SwiftPerFileCompile SlideMasters.swift

SwiftCompile normal arm64 /path/to/user/.codex/worktrees/rostrum-metadata/rostrum/Sources/Rostrum/Presentation/Slides.swift (in target 'Rostrum' from project 'Rostrum')
    cd /path/to/user/.codex/worktrees/rostrum-metadata/rostrum/Lectern/Lectern.xcodeproj
    builtin-SwiftPerFileCompile Slides.swift

SwiftCompile normal arm64 Compiling\ DrawingColor.swift,\ Geometry.swift,\ GradientStops.swift,\ ImageSniffer.swift,\ ArabicJoining.swift,\ ArabicLayoutTables.swift /path/to/user/.codex/worktrees/rostrum-metadata/rostrum/Sources/Rostrum/Drawing/DrawingColor.swift /path/to/user/.codex/worktrees/rostrum-metadata/rostrum/Sources/Rostrum/Drawing/Geometry.swift /path/to/user/.codex/worktrees/rostrum-metadata/rostrum/Sources/Rostrum/Drawing/GradientStops.swift /path/to/user/.codex/worktrees/rostrum-metadata/rostrum/Sources/Rostrum/Drawing/ImageSniffer.swift /path/to/user/.codex/worktrees/rostrum-metadata/rostrum/Sources/Rostrum/Fonts/ArabicJoining.swift /path/to/user/.codex/worktrees/rostrum-metadata/rostrum/Sources/Rostrum/Fonts/ArabicLayoutTables.swift (in target 'Rostrum' from project 'Rostrum')

SwiftCompile normal arm64 /path/to/user/.codex/worktrees/rostrum-metadata/rostrum/Sources/Rostrum/Drawing/DrawingColor.swift (in target 'Rostrum' from project 'Rostrum')
    cd /path/to/user/.codex/worktrees/rostrum-metadata/rostrum/Lectern/Lectern.xcodeproj
    builtin-SwiftPerFileCompile DrawingColor.swift

SwiftCompile normal arm64 /path/to/user/.codex/worktrees/rostrum-metadata/rostrum/Sources/Rostrum/Drawing/Geometry.swift (in target 'Rostrum' from project 'Rostrum')
    cd /path/to/user/.codex/worktrees/rostrum-metadata/rostrum/Lectern/Lectern.xcodeproj
    builtin-SwiftPerFileCompile Geometry.swift

SwiftCompile normal arm64 /path/to/user/.codex/worktrees/rostrum-metadata/rostrum/Sources/Rostrum/Drawing/GradientStops.swift (in target 'Rostrum' from project 'Rostrum')
    cd /path/to/user/.codex/worktrees/rostrum-metadata/rostrum/Lectern/Lectern.xcodeproj
    builtin-SwiftPerFileCompile GradientStops.swift

SwiftCompile normal arm64 /path/to/user/.codex/worktrees/rostrum-metadata/rostrum/Sources/Rostrum/Drawing/ImageSniffer.swift (in target 'Rostrum' from project 'Rostrum')
    cd /path/to/user/.codex/worktrees/rostrum-metadata/rostrum/Lectern/Lectern.xcodeproj
    builtin-SwiftPerFileCompile ImageSniffer.swift

SwiftCompile normal arm64 /path/to/user/.codex/worktrees/rostrum-metadata/rostrum/Sources/Rostrum/Fonts/ArabicJoining.swift (in target 'Rostrum' from project 'Rostrum')
    cd /path/to/user/.codex/worktrees/rostrum-metadata/rostrum/Lectern/Lectern.xcodeproj
    builtin-SwiftPerFileCompile ArabicJoining.swift

SwiftCompile normal arm64 /path/to/user/.codex/worktrees/rostrum-metadata/rostrum/Sources/Rostrum/Fonts/ArabicLayoutTables.swift (in target 'Rostrum' from project 'Rostrum')
    cd /path/to/user/.codex/worktrees/rostrum-metadata/rostrum/Lectern/Lectern.xcodeproj
    builtin-SwiftPerFileCompile ArabicLayoutTables.swift

SwiftCompile normal arm64 Compiling\ CommentEditing.swift,\ Comments.swift,\ Components.swift,\ DeckExport.swift,\ DeckMerge.swift,\ DeckOutline.swift /path/to/user/.codex/worktrees/rostrum-metadata/rostrum/Sources/Rostrum/Presentation/CommentEditing.swift /path/to/user/.codex/worktrees/rostrum-metadata/rostrum/Sources/Rostrum/Presentation/Comments.swift /path/to/user/.codex/worktrees/rostrum-metadata/rostrum/Sources/Rostrum/Presentation/Components.swift /path/to/user/.codex/worktrees/rostrum-metadata/rostrum/Sources/Rostrum/Presentation/DeckExport.swift /path/to/user/.codex/worktrees/rostrum-metadata/rostrum/Sources/Rostrum/Presentation/DeckMerge.swift /path/to/user/.codex/worktrees/rostrum-metadata/rostrum/Sources/Rostrum/Presentation/DeckOutline.swift (in target 'Rostrum' from project 'Rostrum')

SwiftCompile normal arm64 /path/to/user/.codex/worktrees/rostrum-metadata/rostrum/Sources/Rostrum/Presentation/CommentEditing.swift (in target 'Rostrum' from project 'Rostrum')
    cd /path/to/user/.codex/worktrees/rostrum-metadata/rostrum/Lectern/Lectern.xcodeproj
    builtin-SwiftPerFileCompile CommentEditing.swift

SwiftCompile normal arm64 /path/to/user/.codex/worktrees/rostrum-metadata/rostrum/Sources/Rostrum/Presentation/Comments.swift (in target 'Rostrum' from project 'Rostrum')
    cd /path/to/user/.codex/worktrees/rostrum-metadata/rostrum/Lectern/Lectern.xcodeproj
    builtin-SwiftPerFileCompile Comments.swift

SwiftCompile normal arm64 /path/to/user/.codex/worktrees/rostrum-metadata/rostrum/Sources/Rostrum/Presentation/Components.swift (in target 'Rostrum' from project 'Rostrum')
    cd /path/to/user/.codex/worktrees/rostrum-metadata/rostrum/Lectern/Lectern.xcodeproj
    builtin-SwiftPerFileCompile Components.swift

SwiftCompile normal arm64 /path/to/user/.codex/worktrees/rostrum-metadata/rostrum/Sources/Rostrum/Presentation/DeckExport.swift (in target 'Rostrum' from project 'Rostrum')
    cd /path/to/user/.codex/worktrees/rostrum-metadata/rostrum/Lectern/Lectern.xcodeproj
    builtin-SwiftPerFileCompile DeckExport.swift

SwiftCompile normal arm64 /path/to/user/.codex/worktrees/rostrum-metadata/rostrum/Sources/Rostrum/Presentation/DeckMerge.swift (in target 'Rostrum' from project 'Rostrum')
    cd /path/to/user/.codex/worktrees/rostrum-metadata/rostrum/Lectern/Lectern.xcodeproj
    builtin-SwiftPerFileCompile DeckMerge.swift

SwiftCompile normal arm64 /path/to/user/.codex/worktrees/rostrum-metadata/rostrum/Sources/Rostrum/Presentation/DeckOutline.swift (in target 'Rostrum' from project 'Rostrum')
    cd /path/to/user/.codex/worktrees/rostrum-metadata/rostrum/Lectern/Lectern.xcodeproj
    builtin-SwiftPerFileCompile DeckOutline.swift

SwiftCompile normal arm64 Compiling\ TableGridSnapshot.swift,\ TableStyleImport.swift,\ TableStyleResolver.swift,\ TableStyling.swift,\ Tables.swift,\ TemplateAuthoring.swift /path/to/user/.codex/worktrees/rostrum-metadata/rostrum/Sources/Rostrum/Presentation/TableGridSnapshot.swift /path/to/user/.codex/worktrees/rostrum-metadata/rostrum/Sources/Rostrum/Presentation/TableStyleImport.swift /path/to/user/.codex/worktrees/rostrum-metadata/rostrum/Sources/Rostrum/Presentation/TableStyleResolver.swift /path/to/user/.codex/worktrees/rostrum-metadata/rostrum/Sources/Rostrum/Presentation/TableStyling.swift /path/to/user/.codex/worktrees/rostrum-metadata/rostrum/Sources/Rostrum/Presentation/Tables.swift /path/to/user/.codex/worktrees/rostrum-metadata/rostrum/Sources/Rostrum/Presentation/TemplateAuthoring.swift (in target 'Rostrum' from project 'Rostrum')

SwiftCompile normal arm64 /path/to/user/.codex/worktrees/rostrum-metadata/rostrum/Sources/Rostrum/Presentation/TableGridSnapshot.swift (in target 'Rostrum' from project 'Rostrum')
    cd /path/to/user/.codex/worktrees/rostrum-metadata/rostrum/Lectern/Lectern.xcodeproj
    builtin-SwiftPerFileCompile TableGridSnapshot.swift

SwiftCompile normal arm64 /path/to/user/.codex/worktrees/rostrum-metadata/rostrum/Sources/Rostrum/Presentation/TableStyleImport.swift (in target 'Rostrum' from project 'Rostrum')
    cd /path/to/user/.codex/worktrees/rostrum-metadata/rostrum/Lectern/Lectern.xcodeproj
    builtin-SwiftPerFileCompile TableStyleImport.swift

SwiftCompile normal arm64 /path/to/user/.codex/worktrees/rostrum-metadata/rostrum/Sources/Rostrum/Presentation/TableStyleResolver.swift (in target 'Rostrum' from project 'Rostrum')
    cd /path/to/user/.codex/worktrees/rostrum-metadata/rostrum/Lectern/Lectern.xcodeproj
    builtin-SwiftPerFileCompile TableStyleResolver.swift

SwiftCompile normal arm64 /path/to/user/.codex/worktrees/rostrum-metadata/rostrum/Sources/Rostrum/Presentation/TableStyling.swift (in target 'Rostrum' from project 'Rostrum')
    cd /path/to/user/.codex/worktrees/rostrum-metadata/rostrum/Lectern/Lectern.xcodeproj
    builtin-SwiftPerFileCompile TableStyling.swift

SwiftCompile normal arm64 /path/to/user/.codex/worktrees/rostrum-metadata/rostrum/Sources/Rostrum/Presentation/Tables.swift (in target 'Rostrum' from project 'Rostrum')
    cd /path/to/user/.codex/worktrees/rostrum-metadata/rostrum/Lectern/Lectern.xcodeproj
    builtin-SwiftPerFileCompile Tables.swift

SwiftCompile normal arm64 /path/to/user/.codex/worktrees/rostrum-metadata/rostrum/Sources/Rostrum/Presentation/TemplateAuthoring.swift (in target 'Rostrum' from project 'Rostrum')
    cd /path/to/user/.codex/worktrees/rostrum-metadata/rostrum/Lectern/Lectern.xcodeproj
    builtin-SwiftPerFileCompile TemplateAuthoring.swift

SwiftDriverJobDiscovery normal arm64 Emitting module for Rostrum (in target 'Rostrum' from project 'Rostrum')

SwiftDriverJobDiscovery normal arm64 Compiling ChartData.swift, ChartReader.swift, ChartSeriesEditing.swift, ChartWorkbook.swift, ChartWorkbookReader.swift, ChartXML.swift (in target 'Rostrum' from project 'Rostrum')

SwiftDriver\ Compilation\ Requirements Rostrum normal arm64 com.apple.xcode.tools.swift.compiler (in target 'Rostrum' from project 'Rostrum')
    cd /path/to/user/.codex/worktrees/rostrum-metadata/rostrum/Lectern/Lectern.xcodeproj
    builtin-Swift-Compilation-Requirements -- /Applications/Xcode.app/Contents/Developer/Toolchains/XcodeDefault.xctoolchain/usr/bin/swiftc -parse-as-library -module-name Rostrum -Onone @/tmp/lectern-transitions21-worker-xcode/Build/Intermediates.noindex/Rostrum.build/Debug/Rostrum-t.build/Objects-normal/arm64/Rostrum.SwiftFileList -DSWIFT_PACKAGE -DDEBUG -DSWIFT_MODULE_RESOURCE_BUNDLE_UNAVAILABLE -DXcode -plugin-path /Applications/Xcode.app/Contents/Developer/Toolchains/XcodeDefault.xctoolchain/usr/lib/swift/host/plugins/testing -enable-experimental-feature DebugDescriptionMacro -sdk /Applications/Xcode.app/Contents/Developer/Platforms/MacOSX.platform/Developer/SDKs/MacOSX27.0.sdk -target arm64-apple-macos13.0 -g -module-cache-path /tmp/lectern-transitions21-worker-xcode/ModuleCache.noindex -Xfrontend -serialize-debugging-options -enable-testing -index-store-path /tmp/lectern-transitions21-worker-xcode/Index.noindex/DataStore -Xcc -D_LIBCPP_HARDENING_MODE\=_LIBCPP_HARDENING_MODE_DEBUG -swift-version 6 -I /tmp/lectern-transitions21-worker-xcode/Build/Products/Debug -Isystem /Applications/Xcode.app/Contents/Developer/Platforms/MacOSX.platform/Developer/usr/lib -F /tmp/lectern-transitions21-worker-xcode/Build/Products/Debug -F /Applications/Xcode.app/Contents/Developer/Platforms/MacOSX.platform/Developer/Library/Frameworks -c -j18 -enable-batch-mode -incremental -Xcc -ivfsstatcache -Xcc /tmp/lectern-transitions21-worker-xcode/SDKStatCaches.noindex/macosx27.0-26A425-e829b21a6f8c9b70876ba0858053c0447231f6df4def33e022ae2eb8f782df1a.sdkstatcache -output-file-map /tmp/lectern-transitions21-worker-xcode/Build/Intermediates.noindex/Rostrum.build/Debug/Rostrum-t.build/Objects-normal/arm64/Rostrum-OutputFileMap.json -save-temps -no-color-diagnostics -explicit-module-build -module-cache-path /tmp/lectern-transitions21-worker-xcode/Build/Intermediates.noindex/SwiftExplicitPrecompiledModules -clang-scanner-module-cache-path /tmp/lectern-transitions21-worker-xcode/ModuleCache.noindex -sdk-module-cache-path /tmp/lectern-transitions21-worker-xcode/SDKExplicitPrecompiledModules -emit-dependencies -emit-module -emit-module-path /tmp/lectern-transitions21-worker-xcode/Build/Intermediates.noindex/Rostrum.build/Debug/Rostrum-t.build/Objects-normal/arm64/Rostrum.swiftmodule -serialize-diagnostics -dependency-scan-serialize-diagnostics-path /tmp/lectern-transitions21-worker-xcode/Build/Intermediates.noindex/Rostrum.build/Debug/Rostrum-t.build/Objects-normal/arm64/Rostrum-dependency-scan.dia -validate-clang-modules-once -clang-build-session-file /tmp/lectern-transitions21-worker-xcode/ModuleCache.noindex/Session.modulevalidation -Xcc -fmodules-prune-interval\=86400 -Xcc -fmodules-prune-after\=345600 -package-name rostrum -emit-const-values -const-gather-protocols-list /tmp/lectern-transitions21-worker-xcode/Build/Intermediates.noindex/Rostrum.build/Debug/Rostrum-t.build/Objects-normal/arm64/Rostrum_const_extract_protocols.json -Xcc -I/tmp/lectern-transitions21-worker-xcode/Build/Products/Debug/include -Xcc -I/tmp/lectern-transitions21-worker-xcode/Build/Intermediates.noindex/Rostrum.build/Debug/Rostrum-t.build/DerivedSources-normal/arm64 -Xcc -I/tmp/lectern-transitions21-worker-xcode/Build/Intermediates.noindex/Rostrum.build/Debug/Rostrum-t.build/DerivedSources/arm64 -Xcc -I/tmp/lectern-transitions21-worker-xcode/Build/Intermediates.noindex/Rostrum.build/Debug/Rostrum-t.build/DerivedSources -Xcc -DSWIFT_PACKAGE -Xcc -DDEBUG\=1 -emit-objc-header -emit-objc-header-path /tmp/lectern-transitions21-worker-xcode/Build/Intermediates.noindex/Rostrum.build/Debug/Rostrum-t.build/Objects-normal/arm64/Rostrum-Swift.h -working-directory /path/to/user/.codex/worktrees/rostrum-metadata/rostrum/Lectern/Lectern.xcodeproj -experimental-emit-module-separately -disable-cmo

SwiftMergeGeneratedHeaders /tmp/lectern-transitions21-worker-xcode/Build/Intermediates.noindex/GeneratedModuleMaps/Rostrum-Swift.h /tmp/lectern-transitions21-worker-xcode/Build/Intermediates.noindex/Rostrum.build/Debug/Rostrum-t.build/Objects-normal/arm64/Rostrum-Swift.h (in target 'Rostrum' from project 'Rostrum')
    cd /path/to/user/.codex/worktrees/rostrum-metadata/rostrum
    builtin-swiftHeaderTool -arch arm64 /tmp/lectern-transitions21-worker-xcode/Build/Intermediates.noindex/Rostrum.build/Debug/Rostrum-t.build/Objects-normal/arm64/Rostrum-Swift.h -o /tmp/lectern-transitions21-worker-xcode/Build/Intermediates.noindex/GeneratedModuleMaps/Rostrum-Swift.h

Copy /tmp/lectern-transitions21-worker-xcode/Build/Products/Debug/PackageFrameworks/Rostrum.framework/Versions/A/Modules/Rostrum.swiftmodule/arm64-apple-macos.swiftmodule /tmp/lectern-transitions21-worker-xcode/Build/Intermediates.noindex/Rostrum.build/Debug/Rostrum-t.build/Objects-normal/arm64/Rostrum.swiftmodule (in target 'Rostrum' from project 'Rostrum')
    cd /path/to/user/.codex/worktrees/rostrum-metadata/rostrum
    builtin-copy -exclude .DS_Store -exclude CVS -exclude .svn -exclude .git -exclude .hg -resolve-src-symlinks -rename /tmp/lectern-transitions21-worker-xcode/Build/Intermediates.noindex/Rostrum.build/Debug/Rostrum-t.build/Objects-normal/arm64/Rostrum.swiftmodule /tmp/lectern-transitions21-worker-xcode/Build/Products/Debug/PackageFrameworks/Rostrum.framework/Versions/A/Modules/Rostrum.swiftmodule/arm64-apple-macos.swiftmodule

Copy /tmp/lectern-transitions21-worker-xcode/Build/Products/Debug/PackageFrameworks/Rostrum.framework/Versions/A/Modules/Rostrum.swiftmodule/arm64-apple-macos.swiftdoc /tmp/lectern-transitions21-worker-xcode/Build/Intermediates.noindex/Rostrum.build/Debug/Rostrum-t.build/Objects-normal/arm64/Rostrum.swiftdoc (in target 'Rostrum' from project 'Rostrum')
    cd /path/to/user/.codex/worktrees/rostrum-metadata/rostrum
    builtin-copy -exclude .DS_Store -exclude CVS -exclude .svn -exclude .git -exclude .hg -resolve-src-symlinks -rename /tmp/lectern-transitions21-worker-xcode/Build/Intermediates.noindex/Rostrum.build/Debug/Rostrum-t.build/Objects-normal/arm64/Rostrum.swiftdoc /tmp/lectern-transitions21-worker-xcode/Build/Products/Debug/PackageFrameworks/Rostrum.framework/Versions/A/Modules/Rostrum.swiftmodule/arm64-apple-macos.swiftdoc

Copy /tmp/lectern-transitions21-worker-xcode/Build/Products/Debug/PackageFrameworks/Rostrum.framework/Versions/A/Modules/Rostrum.swiftmodule/arm64-apple-macos.abi.json /tmp/lectern-transitions21-worker-xcode/Build/Intermediates.noindex/Rostrum.build/Debug/Rostrum-t.build/Objects-normal/arm64/Rostrum.abi.json (in target 'Rostrum' from project 'Rostrum')
    cd /path/to/user/.codex/worktrees/rostrum-metadata/rostrum
    builtin-copy -exclude .DS_Store -exclude CVS -exclude .svn -exclude .git -exclude .hg -resolve-src-symlinks -rename /tmp/lectern-transitions21-worker-xcode/Build/Intermediates.noindex/Rostrum.build/Debug/Rostrum-t.build/Objects-normal/arm64/Rostrum.abi.json /tmp/lectern-transitions21-worker-xcode/Build/Products/Debug/PackageFrameworks/Rostrum.framework/Versions/A/Modules/Rostrum.swiftmodule/arm64-apple-macos.abi.json

Copy /tmp/lectern-transitions21-worker-xcode/Build/Products/Debug/PackageFrameworks/Rostrum.framework/Versions/A/Modules/Rostrum.swiftmodule/Project/arm64-apple-macos.swiftsourceinfo /tmp/lectern-transitions21-worker-xcode/Build/Intermediates.noindex/Rostrum.build/Debug/Rostrum-t.build/Objects-normal/arm64/Rostrum.swiftsourceinfo (in target 'Rostrum' from project 'Rostrum')
    cd /path/to/user/.codex/worktrees/rostrum-metadata/rostrum
    builtin-copy -exclude .DS_Store -exclude CVS -exclude .svn -exclude .git -exclude .hg -resolve-src-symlinks -rename /tmp/lectern-transitions21-worker-xcode/Build/Intermediates.noindex/Rostrum.build/Debug/Rostrum-t.build/Objects-normal/arm64/Rostrum.swiftsourceinfo /tmp/lectern-transitions21-worker-xcode/Build/Products/Debug/PackageFrameworks/Rostrum.framework/Versions/A/Modules/Rostrum.swiftmodule/Project/arm64-apple-macos.swiftsourceinfo

SwiftDriver RostrumLayout normal arm64 com.apple.xcode.tools.swift.compiler (in target 'RostrumLayout' from project 'Rostrum')
    cd /path/to/user/.codex/worktrees/rostrum-metadata/rostrum/Lectern/Lectern.xcodeproj
    builtin-SwiftDriver -- /Applications/Xcode.app/Contents/Developer/Toolchains/XcodeDefault.xctoolchain/usr/bin/swiftc -parse-as-library -module-name RostrumLayout -Onone @/tmp/lectern-transitions21-worker-xcode/Build/Intermediates.noindex/Rostrum.build/Debug/RostrumLayout-t.build/Objects-normal/arm64/RostrumLayout.SwiftFileList -DSWIFT_PACKAGE -DDEBUG -DSWIFT_MODULE_RESOURCE_BUNDLE_UNAVAILABLE -DXcode -plugin-path /Applications/Xcode.app/Contents/Developer/Toolchains/XcodeDefault.xctoolchain/usr/lib/swift/host/plugins/testing -enable-experimental-feature DebugDescriptionMacro -sdk /Applications/Xcode.app/Contents/Developer/Platforms/MacOSX.platform/Developer/SDKs/MacOSX27.0.sdk -target arm64-apple-macos13.0 -g -module-cache-path /tmp/lectern-transitions21-worker-xcode/ModuleCache.noindex -Xfrontend -serialize-debugging-options -enable-testing -index-store-path /tmp/lectern-transitions21-worker-xcode/Index.noindex/DataStore -Xcc -D_LIBCPP_HARDENING_MODE\=_LIBCPP_HARDENING_MODE_DEBUG -swift-version 6 -I /tmp/lectern-transitions21-worker-xcode/Build/Products/Debug -Isystem /Applications/Xcode.app/Contents/Developer/Platforms/MacOSX.platform/Developer/usr/lib -F /tmp/lectern-transitions21-worker-xcode/Build/Products/Debug/PackageFrameworks -F /tmp/lectern-transitions21-worker-xcode/Build/Products/Debug -F /Applications/Xcode.app/Contents/Developer/Platforms/MacOSX.platform/Developer/Library/Frameworks -c -j18 -enable-batch-mode -incremental -Xcc -ivfsstatcache -Xcc /tmp/lectern-transitions21-worker-xcode/SDKStatCaches.noindex/macosx27.0-26A425-e829b21a6f8c9b70876ba0858053c0447231f6df4def33e022ae2eb8f782df1a.sdkstatcache -output-file-map /tmp/lectern-transitions21-worker-xcode/Build/Intermediates.noindex/Rostrum.build/Debug/RostrumLayout-t.build/Objects-normal/arm64/RostrumLayout-OutputFileMap.json -save-temps -no-color-diagnostics -explicit-module-build -module-cache-path /tmp/lectern-transitions21-worker-xcode/Build/Intermediates.noindex/SwiftExplicitPrecompiledModules -clang-scanner-module-cache-path /tmp/lectern-transitions21-worker-xcode/ModuleCache.noindex -sdk-module-cache-path /tmp/lectern-transitions21-worker-xcode/SDKExplicitPrecompiledModules -emit-dependencies -emit-module -emit-module-path /tmp/lectern-transitions21-worker-xcode/Build/Intermediates.noindex/Rostrum.build/Debug/RostrumLayout-t.build/Objects-normal/arm64/RostrumLayout.swiftmodule -serialize-diagnostics -dependency-scan-serialize-diagnostics-path /tmp/lectern-transitions21-worker-xcode/Build/Intermediates.noindex/Rostrum.build/Debug/RostrumLayout-t.build/Objects-normal/arm64/RostrumLayout-dependency-scan.dia -validate-clang-modules-once -clang-build-session-file /tmp/lectern-transitions21-worker-xcode/ModuleCache.noindex/Session.modulevalidation -Xcc -fmodules-prune-interval\=86400 -Xcc -fmodules-prune-after\=345600 -package-name rostrum -emit-const-values -const-gather-protocols-list /tmp/lectern-transitions21-worker-xcode/Build/Intermediates.noindex/Rostrum.build/Debug/RostrumLayout-t.build/Objects-normal/arm64/RostrumLayout_const_extract_protocols.json -Xcc -I/tmp/lectern-transitions21-worker-xcode/Build/Products/Debug/include -Xcc -I/tmp/lectern-transitions21-worker-xcode/Build/Intermediates.noindex/Rostrum.build/Debug/RostrumLayout-t.build/DerivedSources-normal/arm64 -Xcc -I/tmp/lectern-transitions21-worker-xcode/Build/Intermediates.noindex/Rostrum.build/Debug/RostrumLayout-t.build/DerivedSources/arm64 -Xcc -I/tmp/lectern-transitions21-worker-xcode/Build/Intermediates.noindex/Rostrum.build/Debug/RostrumLayout-t.build/DerivedSources -Xcc -DSWIFT_PACKAGE -Xcc -DDEBUG\=1 -emit-objc-header -emit-objc-header-path /tmp/lectern-transitions21-worker-xcode/Build/Intermediates.noindex/Rostrum.build/Debug/RostrumLayout-t.build/Objects-normal/arm64/RostrumLayout-Swift.h -working-directory /path/to/user/.codex/worktrees/rostrum-metadata/rostrum/Lectern/Lectern.xcodeproj -experimental-emit-module-separately -disable-cmo

SwiftDriverJobDiscovery normal arm64 Compiling Charts.swift, ComboChartData.swift, RostrumError.swift, Units.swift, ColorMath.swift, Drawing.swift (in target 'Rostrum' from project 'Rostrum')

SwiftDriverJobDiscovery normal arm64 Compiling Text.swift, Theme.swift, Validation.swift, GeneratedSchema.swift, OXMLHelpers.swift, PresetGeometry.swift (in target 'Rostrum' from project 'Rostrum')

SwiftDriverJobDiscovery normal arm64 Compiling XML.swift, CRC32.swift, Deflate.swift, Inflate.swift, ZipReader.swift, ZipWriter.swift (in target 'Rostrum' from project 'Rostrum')

SwiftDriverJobDiscovery normal arm64 Compiling SmartArt.swift, TableBorderPaintCache.swift, TableBorderSegments.swift, TableCellFormatting.swift, TableDoubleBorder.swift, TableEditing.swift (in target 'Rostrum' from project 'Rostrum')

SwiftDriverJobDiscovery normal arm64 Compiling SVGEmbeddedImage.swift, SVGImagePlacement.swift, SVGPaint.swift, SVGPresetGeometry.swift, SVGRenderer.swift, SVGRichText.swift (in target 'Rostrum' from project 'Rostrum')

SwiftDriverJobDiscovery normal arm64 Compiling SVGShadow.swift, Sections.swift, ShapeAppearance.swift, ShapeKind.swift, ShapeTransform.swift, ShapeTypes.swift (in target 'Rostrum' from project 'Rostrum')

SwiftDriverJobDiscovery normal arm64 Compiling NotesImportGeometry.swift, NotesPageRenderer.swift, NotesPageTemplate.swift, PictureCrop.swift, Pictures.swift, Presentation.swift (in target 'Rostrum' from project 'Rostrum')

SwiftDriverJobDiscovery normal arm64 Compiling DrawingColor.swift, Geometry.swift, GradientStops.swift, ImageSniffer.swift, ArabicJoining.swift, ArabicLayoutTables.swift (in target 'Rostrum' from project 'Rostrum')

SwiftDriverJobDiscovery normal arm64 Compiling CommentEditing.swift, Comments.swift, Components.swift, DeckExport.swift, DeckMerge.swift, DeckOutline.swift (in target 'Rostrum' from project 'Rostrum')

SwiftDriverJobDiscovery normal arm64 Compiling ArabicTextShaper.swift, FontFaceKey.swift, FontLayoutTables.swift, FontLibrary.swift, FontMetrics.swift, MarkPositioning.swift (in target 'Rostrum' from project 'Rostrum')

SwiftDriverJobDiscovery normal arm64 Compiling PublishedLayouts.swift, RenderDiagnostics.swift, RenderImageResources.swift, RenderTextAttributes.swift, RichTextLayout.swift, SVGCustomGeometry.swift (in target 'Rostrum' from project 'Rostrum')

SwiftDriverJobDiscovery normal arm64 Compiling PackURI.swift, Relationships.swift, AnnotationDependencies.swift, AnnotationImport.swift, BackgroundResolver.swift, BuiltInTableStyle.swift (in target 'Rostrum' from project 'Rostrum')

SwiftDriverJobDiscovery normal arm64 Compiling DeckStyle.swift, Design.swift, DocumentProperties.swift, FontEmbedding.swift, HeadersFooters.swift, ImageFill.swift (in target 'Rostrum' from project 'Rostrum')

SwiftDriverJobDiscovery normal arm64 Compiling ShapedGlyphRun.swift, TextMeasurer.swift, TextShaper.swift, ContentTypes.swift, OPCArchive.swift, OPCPackage.swift (in target 'Rostrum' from project 'Rostrum')

SwiftDriverJobDiscovery normal arm64 Compiling Shapes.swift, Slide.swift, SlideAnnotations.swift, SlideBuilders.swift, SlideMasters.swift, Slides.swift (in target 'Rostrum' from project 'Rostrum')

SwiftDriverJobDiscovery normal arm64 Compiling Layouts.swift, LegacyAnnotationImport.swift, LegacyComments.swift, Media.swift, MinimalTemplate.swift, Notes.swift (in target 'Rostrum' from project 'Rostrum')

SwiftEmitModule normal arm64 Emitting\ module\ for\ RostrumLayout (in target 'RostrumLayout' from project 'Rostrum')

SwiftCompile normal arm64 (in target 'RostrumLayout' from project 'Rostrum')
    cd /path/to/user/.codex/worktrees/rostrum-metadata/rostrum/Lectern/Lectern.xcodeproj


SwiftCompile normal arm64 Compiling\ AuthoredLayoutEngine.swift /path/to/user/.codex/worktrees/rostrum-metadata/rostrum/Sources/RostrumLayout/AuthoredLayoutEngine.swift (in target 'RostrumLayout' from project 'Rostrum')

SwiftCompile normal arm64 /path/to/user/.codex/worktrees/rostrum-metadata/rostrum/Sources/RostrumLayout/AuthoredLayoutEngine.swift (in target 'RostrumLayout' from project 'Rostrum')
    cd /path/to/user/.codex/worktrees/rostrum-metadata/rostrum/Lectern/Lectern.xcodeproj
    builtin-SwiftPerFileCompile AuthoredLayoutEngine.swift

SwiftCompile normal arm64 Compiling\ StructuredLayout.swift /path/to/user/.codex/worktrees/rostrum-metadata/rostrum/Sources/RostrumLayout/StructuredLayout.swift (in target 'RostrumLayout' from project 'Rostrum')

SwiftCompile normal arm64 /path/to/user/.codex/worktrees/rostrum-metadata/rostrum/Sources/RostrumLayout/StructuredLayout.swift (in target 'RostrumLayout' from project 'Rostrum')
    cd /path/to/user/.codex/worktrees/rostrum-metadata/rostrum/Lectern/Lectern.xcodeproj
    builtin-SwiftPerFileCompile StructuredLayout.swift

SwiftCompile normal arm64 Compiling\ TemplateLayoutEngine.swift /path/to/user/.codex/worktrees/rostrum-metadata/rostrum/Sources/RostrumLayout/TemplateLayoutEngine.swift (in target 'RostrumLayout' from project 'Rostrum')

SwiftCompile normal arm64 /path/to/user/.codex/worktrees/rostrum-metadata/rostrum/Sources/RostrumLayout/TemplateLayoutEngine.swift (in target 'RostrumLayout' from project 'Rostrum')
    cd /path/to/user/.codex/worktrees/rostrum-metadata/rostrum/Lectern/Lectern.xcodeproj
    builtin-SwiftPerFileCompile TemplateLayoutEngine.swift

SwiftCompile normal arm64 Compiling\ MeasuredPaginator.swift /path/to/user/.codex/worktrees/rostrum-metadata/rostrum/Sources/RostrumLayout/MeasuredPaginator.swift (in target 'RostrumLayout' from project 'Rostrum')

SwiftCompile normal arm64 /path/to/user/.codex/worktrees/rostrum-metadata/rostrum/Sources/RostrumLayout/MeasuredPaginator.swift (in target 'RostrumLayout' from project 'Rostrum')
    cd /path/to/user/.codex/worktrees/rostrum-metadata/rostrum/Lectern/Lectern.xcodeproj
    builtin-SwiftPerFileCompile MeasuredPaginator.swift

SwiftDriverJobDiscovery normal arm64 Emitting module for RostrumLayout (in target 'RostrumLayout' from project 'Rostrum')

SwiftDriver\ Compilation\ Requirements RostrumLayout normal arm64 com.apple.xcode.tools.swift.compiler (in target 'RostrumLayout' from project 'Rostrum')
    cd /path/to/user/.codex/worktrees/rostrum-metadata/rostrum/Lectern/Lectern.xcodeproj
    builtin-Swift-Compilation-Requirements -- /Applications/Xcode.app/Contents/Developer/Toolchains/XcodeDefault.xctoolchain/usr/bin/swiftc -parse-as-library -module-name RostrumLayout -Onone @/tmp/lectern-transitions21-worker-xcode/Build/Intermediates.noindex/Rostrum.build/Debug/RostrumLayout-t.build/Objects-normal/arm64/RostrumLayout.SwiftFileList -DSWIFT_PACKAGE -DDEBUG -DSWIFT_MODULE_RESOURCE_BUNDLE_UNAVAILABLE -DXcode -plugin-path /Applications/Xcode.app/Contents/Developer/Toolchains/XcodeDefault.xctoolchain/usr/lib/swift/host/plugins/testing -enable-experimental-feature DebugDescriptionMacro -sdk /Applications/Xcode.app/Contents/Developer/Platforms/MacOSX.platform/Developer/SDKs/MacOSX27.0.sdk -target arm64-apple-macos13.0 -g -module-cache-path /tmp/lectern-transitions21-worker-xcode/ModuleCache.noindex -Xfrontend -serialize-debugging-options -enable-testing -index-store-path /tmp/lectern-transitions21-worker-xcode/Index.noindex/DataStore -Xcc -D_LIBCPP_HARDENING_MODE\=_LIBCPP_HARDENING_MODE_DEBUG -swift-version 6 -I /tmp/lectern-transitions21-worker-xcode/Build/Products/Debug -Isystem /Applications/Xcode.app/Contents/Developer/Platforms/MacOSX.platform/Developer/usr/lib -F /tmp/lectern-transitions21-worker-xcode/Build/Products/Debug/PackageFrameworks -F /tmp/lectern-transitions21-worker-xcode/Build/Products/Debug -F /Applications/Xcode.app/Contents/Developer/Platforms/MacOSX.platform/Developer/Library/Frameworks -c -j18 -enable-batch-mode -incremental -Xcc -ivfsstatcache -Xcc /tmp/lectern-transitions21-worker-xcode/SDKStatCaches.noindex/macosx27.0-26A425-e829b21a6f8c9b70876ba0858053c0447231f6df4def33e022ae2eb8f782df1a.sdkstatcache -output-file-map /tmp/lectern-transitions21-worker-xcode/Build/Intermediates.noindex/Rostrum.build/Debug/RostrumLayout-t.build/Objects-normal/arm64/RostrumLayout-OutputFileMap.json -save-temps -no-color-diagnostics -explicit-module-build -module-cache-path /tmp/lectern-transitions21-worker-xcode/Build/Intermediates.noindex/SwiftExplicitPrecompiledModules -clang-scanner-module-cache-path /tmp/lectern-transitions21-worker-xcode/ModuleCache.noindex -sdk-module-cache-path /tmp/lectern-transitions21-worker-xcode/SDKExplicitPrecompiledModules -emit-dependencies -emit-module -emit-module-path /tmp/lectern-transitions21-worker-xcode/Build/Intermediates.noindex/Rostrum.build/Debug/RostrumLayout-t.build/Objects-normal/arm64/RostrumLayout.swiftmodule -serialize-diagnostics -dependency-scan-serialize-diagnostics-path /tmp/lectern-transitions21-worker-xcode/Build/Intermediates.noindex/Rostrum.build/Debug/RostrumLayout-t.build/Objects-normal/arm64/RostrumLayout-dependency-scan.dia -validate-clang-modules-once -clang-build-session-file /tmp/lectern-transitions21-worker-xcode/ModuleCache.noindex/Session.modulevalidation -Xcc -fmodules-prune-interval\=86400 -Xcc -fmodules-prune-after\=345600 -package-name rostrum -emit-const-values -const-gather-protocols-list /tmp/lectern-transitions21-worker-xcode/Build/Intermediates.noindex/Rostrum.build/Debug/RostrumLayout-t.build/Objects-normal/arm64/RostrumLayout_const_extract_protocols.json -Xcc -I/tmp/lectern-transitions21-worker-xcode/Build/Products/Debug/include -Xcc -I/tmp/lectern-transitions21-worker-xcode/Build/Intermediates.noindex/Rostrum.build/Debug/RostrumLayout-t.build/DerivedSources-normal/arm64 -Xcc -I/tmp/lectern-transitions21-worker-xcode/Build/Intermediates.noindex/Rostrum.build/Debug/RostrumLayout-t.build/DerivedSources/arm64 -Xcc -I/tmp/lectern-transitions21-worker-xcode/Build/Intermediates.noindex/Rostrum.build/Debug/RostrumLayout-t.build/DerivedSources -Xcc -DSWIFT_PACKAGE -Xcc -DDEBUG\=1 -emit-objc-header -emit-objc-header-path /tmp/lectern-transitions21-worker-xcode/Build/Intermediates.noindex/Rostrum.build/Debug/RostrumLayout-t.build/Objects-normal/arm64/RostrumLayout-Swift.h -working-directory /path/to/user/.codex/worktrees/rostrum-metadata/rostrum/Lectern/Lectern.xcodeproj -experimental-emit-module-separately -disable-cmo

SwiftMergeGeneratedHeaders /tmp/lectern-transitions21-worker-xcode/Build/Intermediates.noindex/GeneratedModuleMaps/RostrumLayout-Swift.h /tmp/lectern-transitions21-worker-xcode/Build/Intermediates.noindex/Rostrum.build/Debug/RostrumLayout-t.build/Objects-normal/arm64/RostrumLayout-Swift.h (in target 'RostrumLayout' from project 'Rostrum')
    cd /path/to/user/.codex/worktrees/rostrum-metadata/rostrum
    builtin-swiftHeaderTool -arch arm64 /tmp/lectern-transitions21-worker-xcode/Build/Intermediates.noindex/Rostrum.build/Debug/RostrumLayout-t.build/Objects-normal/arm64/RostrumLayout-Swift.h -o /tmp/lectern-transitions21-worker-xcode/Build/Intermediates.noindex/GeneratedModuleMaps/RostrumLayout-Swift.h

Copy /tmp/lectern-transitions21-worker-xcode/Build/Products/Debug/RostrumLayout.swiftmodule/arm64-apple-macos.abi.json /tmp/lectern-transitions21-worker-xcode/Build/Intermediates.noindex/Rostrum.build/Debug/RostrumLayout-t.build/Objects-normal/arm64/RostrumLayout.abi.json (in target 'RostrumLayout' from project 'Rostrum')
    cd /path/to/user/.codex/worktrees/rostrum-metadata/rostrum
    builtin-copy -exclude .DS_Store -exclude CVS -exclude .svn -exclude .git -exclude .hg -resolve-src-symlinks -rename /tmp/lectern-transitions21-worker-xcode/Build/Intermediates.noindex/Rostrum.build/Debug/RostrumLayout-t.build/Objects-normal/arm64/RostrumLayout.abi.json /tmp/lectern-transitions21-worker-xcode/Build/Products/Debug/RostrumLayout.swiftmodule/arm64-apple-macos.abi.json

Copy /tmp/lectern-transitions21-worker-xcode/Build/Products/Debug/RostrumLayout.swiftmodule/arm64-apple-macos.swiftdoc /tmp/lectern-transitions21-worker-xcode/Build/Intermediates.noindex/Rostrum.build/Debug/RostrumLayout-t.build/Objects-normal/arm64/RostrumLayout.swiftdoc (in target 'RostrumLayout' from project 'Rostrum')
    cd /path/to/user/.codex/worktrees/rostrum-metadata/rostrum
    builtin-copy -exclude .DS_Store -exclude CVS -exclude .svn -exclude .git -exclude .hg -resolve-src-symlinks -rename /tmp/lectern-transitions21-worker-xcode/Build/Intermediates.noindex/Rostrum.build/Debug/RostrumLayout-t.build/Objects-normal/arm64/RostrumLayout.swiftdoc /tmp/lectern-transitions21-worker-xcode/Build/Products/Debug/RostrumLayout.swiftmodule/arm64-apple-macos.swiftdoc

Copy /tmp/lectern-transitions21-worker-xcode/Build/Products/Debug/RostrumLayout.swiftmodule/arm64-apple-macos.swiftmodule /tmp/lectern-transitions21-worker-xcode/Build/Intermediates.noindex/Rostrum.build/Debug/RostrumLayout-t.build/Objects-normal/arm64/RostrumLayout.swiftmodule (in target 'RostrumLayout' from project 'Rostrum')
    cd /path/to/user/.codex/worktrees/rostrum-metadata/rostrum
    builtin-copy -exclude .DS_Store -exclude CVS -exclude .svn -exclude .git -exclude .hg -resolve-src-symlinks -rename /tmp/lectern-transitions21-worker-xcode/Build/Intermediates.noindex/Rostrum.build/Debug/RostrumLayout-t.build/Objects-normal/arm64/RostrumLayout.swiftmodule /tmp/lectern-transitions21-worker-xcode/Build/Products/Debug/RostrumLayout.swiftmodule/arm64-apple-macos.swiftmodule

Copy /tmp/lectern-transitions21-worker-xcode/Build/Products/Debug/RostrumLayout.swiftmodule/Project/arm64-apple-macos.swiftsourceinfo /tmp/lectern-transitions21-worker-xcode/Build/Intermediates.noindex/Rostrum.build/Debug/RostrumLayout-t.build/Objects-normal/arm64/RostrumLayout.swiftsourceinfo (in target 'RostrumLayout' from project 'Rostrum')
    cd /path/to/user/.codex/worktrees/rostrum-metadata/rostrum
    builtin-copy -exclude .DS_Store -exclude CVS -exclude .svn -exclude .git -exclude .hg -resolve-src-symlinks -rename /tmp/lectern-transitions21-worker-xcode/Build/Intermediates.noindex/Rostrum.build/Debug/RostrumLayout-t.build/Objects-normal/arm64/RostrumLayout.swiftsourceinfo /tmp/lectern-transitions21-worker-xcode/Build/Products/Debug/RostrumLayout.swiftmodule/Project/arm64-apple-macos.swiftsourceinfo

SwiftDriver LecternCore normal arm64 com.apple.xcode.tools.swift.compiler (in target 'LecternCore' from project 'LecternCore')
    cd /path/to/user/.codex/worktrees/rostrum-metadata/rostrum/Lectern/Lectern.xcodeproj
    builtin-SwiftDriver -- /Applications/Xcode.app/Contents/Developer/Toolchains/XcodeDefault.xctoolchain/usr/bin/swiftc -parse-as-library -module-name LecternCore -Onone @/tmp/lectern-transitions21-worker-xcode/Build/Intermediates.noindex/LecternCore.build/Debug/LecternCore-t.build/Objects-normal/arm64/LecternCore.SwiftFileList -DSWIFT_PACKAGE -DDEBUG -DSWIFT_MODULE_RESOURCE_BUNDLE_AVAILABLE -DXcode -plugin-path /Applications/Xcode.app/Contents/Developer/Toolchains/XcodeDefault.xctoolchain/usr/lib/swift/host/plugins/testing -enable-experimental-feature DebugDescriptionMacro -sdk /Applications/Xcode.app/Contents/Developer/Platforms/MacOSX.platform/Developer/SDKs/MacOSX27.0.sdk -target arm64-apple-macos13.0 -g -module-cache-path /tmp/lectern-transitions21-worker-xcode/ModuleCache.noindex -Xfrontend -serialize-debugging-options -enable-testing -index-store-path /tmp/lectern-transitions21-worker-xcode/Index.noindex/DataStore -Xcc -D_LIBCPP_HARDENING_MODE\=_LIBCPP_HARDENING_MODE_DEBUG -swift-version 6 -I /tmp/lectern-transitions21-worker-xcode/Build/Products/Debug -Isystem /Applications/Xcode.app/Contents/Developer/Platforms/MacOSX.platform/Developer/usr/lib -F /tmp/lectern-transitions21-worker-xcode/Build/Products/Debug/PackageFrameworks -F /tmp/lectern-transitions21-worker-xcode/Build/Products/Debug -F /Applications/Xcode.app/Contents/Developer/Platforms/MacOSX.platform/Developer/Library/Frameworks -c -j18 -enable-batch-mode -incremental -Xcc -ivfsstatcache -Xcc /tmp/lectern-transitions21-worker-xcode/SDKStatCaches.noindex/macosx27.0-26A425-e829b21a6f8c9b70876ba0858053c0447231f6df4def33e022ae2eb8f782df1a.sdkstatcache -output-file-map /tmp/lectern-transitions21-worker-xcode/Build/Intermediates.noindex/LecternCore.build/Debug/LecternCore-t.build/Objects-normal/arm64/LecternCore-OutputFileMap.json -save-temps -no-color-diagnostics -explicit-module-build -module-cache-path /tmp/lectern-transitions21-worker-xcode/Build/Intermediates.noindex/SwiftExplicitPrecompiledModules -clang-scanner-module-cache-path /tmp/lectern-transitions21-worker-xcode/ModuleCache.noindex -sdk-module-cache-path /tmp/lectern-transitions21-worker-xcode/SDKExplicitPrecompiledModules -emit-dependencies -emit-module -emit-module-path /tmp/lectern-transitions21-worker-xcode/Build/Intermediates.noindex/LecternCore.build/Debug/LecternCore-t.build/Objects-normal/arm64/LecternCore.swiftmodule -serialize-diagnostics -dependency-scan-serialize-diagnostics-path /tmp/lectern-transitions21-worker-xcode/Build/Intermediates.noindex/LecternCore.build/Debug/LecternCore-t.build/Objects-normal/arm64/LecternCore-dependency-scan.dia -validate-clang-modules-once -clang-build-session-file /tmp/lectern-transitions21-worker-xcode/ModuleCache.noindex/Session.modulevalidation -Xcc -fmodules-prune-interval\=86400 -Xcc -fmodules-prune-after\=345600 -package-name lectern -emit-const-values -const-gather-protocols-list /tmp/lectern-transitions21-worker-xcode/Build/Intermediates.noindex/LecternCore.build/Debug/LecternCore-t.build/Objects-normal/arm64/LecternCore_const_extract_protocols.json -Xcc -I/tmp/lectern-transitions21-worker-xcode/Build/Products/Debug/include -Xcc -I/tmp/lectern-transitions21-worker-xcode/Build/Intermediates.noindex/LecternCore.build/Debug/LecternCore-t.build/DerivedSources-normal/arm64 -Xcc -I/tmp/lectern-transitions21-worker-xcode/Build/Intermediates.noindex/LecternCore.build/Debug/LecternCore-t.build/DerivedSources/arm64 -Xcc -I/tmp/lectern-transitions21-worker-xcode/Build/Intermediates.noindex/LecternCore.build/Debug/LecternCore-t.build/DerivedSources -Xcc -DSWIFT_PACKAGE -Xcc -DDEBUG\=1 -emit-objc-header -emit-objc-header-path /tmp/lectern-transitions21-worker-xcode/Build/Intermediates.noindex/LecternCore.build/Debug/LecternCore-t.build/Objects-normal/arm64/LecternCore-Swift.h -working-directory /path/to/user/.codex/worktrees/rostrum-metadata/rostrum/Lectern/Lectern.xcodeproj -experimental-emit-module-separately -disable-cmo

SwiftDriverJobDiscovery normal arm64 Compiling MeasuredPaginator.swift (in target 'RostrumLayout' from project 'Rostrum')

SwiftDriverJobDiscovery normal arm64 Compiling AuthoredLayoutEngine.swift (in target 'RostrumLayout' from project 'Rostrum')

SwiftDriverJobDiscovery normal arm64 Compiling StructuredLayout.swift (in target 'RostrumLayout' from project 'Rostrum')

SwiftDriverJobDiscovery normal arm64 Compiling TableGridSnapshot.swift, TableStyleImport.swift, TableStyleResolver.swift, TableStyling.swift, Tables.swift, TemplateAuthoring.swift (in target 'Rostrum' from project 'Rostrum')

SwiftDriver\ Compilation Rostrum normal arm64 com.apple.xcode.tools.swift.compiler (in target 'Rostrum' from project 'Rostrum')
    cd /path/to/user/.codex/worktrees/rostrum-metadata/rostrum/Lectern/Lectern.xcodeproj
    builtin-Swift-Compilation -- /Applications/Xcode.app/Contents/Developer/Toolchains/XcodeDefault.xctoolchain/usr/bin/swiftc -parse-as-library -module-name Rostrum -Onone @/tmp/lectern-transitions21-worker-xcode/Build/Intermediates.noindex/Rostrum.build/Debug/Rostrum-t.build/Objects-normal/arm64/Rostrum.SwiftFileList -DSWIFT_PACKAGE -DDEBUG -DSWIFT_MODULE_RESOURCE_BUNDLE_UNAVAILABLE -DXcode -plugin-path /Applications/Xcode.app/Contents/Developer/Toolchains/XcodeDefault.xctoolchain/usr/lib/swift/host/plugins/testing -enable-experimental-feature DebugDescriptionMacro -sdk /Applications/Xcode.app/Contents/Developer/Platforms/MacOSX.platform/Developer/SDKs/MacOSX27.0.sdk -target arm64-apple-macos13.0 -g -module-cache-path /tmp/lectern-transitions21-worker-xcode/ModuleCache.noindex -Xfrontend -serialize-debugging-options -enable-testing -index-store-path /tmp/lectern-transitions21-worker-xcode/Index.noindex/DataStore -Xcc -D_LIBCPP_HARDENING_MODE\=_LIBCPP_HARDENING_MODE_DEBUG -swift-version 6 -I /tmp/lectern-transitions21-worker-xcode/Build/Products/Debug -Isystem /Applications/Xcode.app/Contents/Developer/Platforms/MacOSX.platform/Developer/usr/lib -F /tmp/lectern-transitions21-worker-xcode/Build/Products/Debug -F /Applications/Xcode.app/Contents/Developer/Platforms/MacOSX.platform/Developer/Library/Frameworks -c -j18 -enable-batch-mode -incremental -Xcc -ivfsstatcache -Xcc /tmp/lectern-transitions21-worker-xcode/SDKStatCaches.noindex/macosx27.0-26A425-e829b21a6f8c9b70876ba0858053c0447231f6df4def33e022ae2eb8f782df1a.sdkstatcache -output-file-map /tmp/lectern-transitions21-worker-xcode/Build/Intermediates.noindex/Rostrum.build/Debug/Rostrum-t.build/Objects-normal/arm64/Rostrum-OutputFileMap.json -save-temps -no-color-diagnostics -explicit-module-build -module-cache-path /tmp/lectern-transitions21-worker-xcode/Build/Intermediates.noindex/SwiftExplicitPrecompiledModules -clang-scanner-module-cache-path /tmp/lectern-transitions21-worker-xcode/ModuleCache.noindex -sdk-module-cache-path /tmp/lectern-transitions21-worker-xcode/SDKExplicitPrecompiledModules -emit-dependencies -emit-module -emit-module-path /tmp/lectern-transitions21-worker-xcode/Build/Intermediates.noindex/Rostrum.build/Debug/Rostrum-t.build/Objects-normal/arm64/Rostrum.swiftmodule -serialize-diagnostics -dependency-scan-serialize-diagnostics-path /tmp/lectern-transitions21-worker-xcode/Build/Intermediates.noindex/Rostrum.build/Debug/Rostrum-t.build/Objects-normal/arm64/Rostrum-dependency-scan.dia -validate-clang-modules-once -clang-build-session-file /tmp/lectern-transitions21-worker-xcode/ModuleCache.noindex/Session.modulevalidation -Xcc -fmodules-prune-interval\=86400 -Xcc -fmodules-prune-after\=345600 -package-name rostrum -emit-const-values -const-gather-protocols-list /tmp/lectern-transitions21-worker-xcode/Build/Intermediates.noindex/Rostrum.build/Debug/Rostrum-t.build/Objects-normal/arm64/Rostrum_const_extract_protocols.json -Xcc -I/tmp/lectern-transitions21-worker-xcode/Build/Products/Debug/include -Xcc -I/tmp/lectern-transitions21-worker-xcode/Build/Intermediates.noindex/Rostrum.build/Debug/Rostrum-t.build/DerivedSources-normal/arm64 -Xcc -I/tmp/lectern-transitions21-worker-xcode/Build/Intermediates.noindex/Rostrum.build/Debug/Rostrum-t.build/DerivedSources/arm64 -Xcc -I/tmp/lectern-transitions21-worker-xcode/Build/Intermediates.noindex/Rostrum.build/Debug/Rostrum-t.build/DerivedSources -Xcc -DSWIFT_PACKAGE -Xcc -DDEBUG\=1 -emit-objc-header -emit-objc-header-path /tmp/lectern-transitions21-worker-xcode/Build/Intermediates.noindex/Rostrum.build/Debug/Rostrum-t.build/Objects-normal/arm64/Rostrum-Swift.h -working-directory /path/to/user/.codex/worktrees/rostrum-metadata/rostrum/Lectern/Lectern.xcodeproj -experimental-emit-module-separately -disable-cmo

Ld /tmp/lectern-transitions21-worker-xcode/Build/Products/Debug/PackageFrameworks/Rostrum.framework/Versions/A/Rostrum normal (in target 'Rostrum' from project 'Rostrum')
    cd /path/to/user/.codex/worktrees/rostrum-metadata/rostrum
    /Applications/Xcode.app/Contents/Developer/Toolchains/XcodeDefault.xctoolchain/usr/bin/swiftc -Xlinker -reproducible -target arm64-apple-macos13.0 -emit-library -sdk /Applications/Xcode.app/Contents/Developer/Platforms/MacOSX.platform/Developer/SDKs/MacOSX27.0.sdk -Xlinker -no_warn_duplicate_libraries -L/tmp/lectern-transitions21-worker-xcode/Build/Intermediates.noindex/EagerLinkingTBDs/Debug -L/tmp/lectern-transitions21-worker-xcode/Build/Products/Debug -L/Applications/Xcode.app/Contents/Developer/Platforms/MacOSX.platform/Developer/usr/lib -F/tmp/lectern-transitions21-worker-xcode/Build/Intermediates.noindex/EagerLinkingTBDs/Debug -F/tmp/lectern-transitions21-worker-xcode/Build/Products/Debug -Fsystem /Applications/Xcode.app/Contents/Developer/Platforms/MacOSX.platform/Developer/Library/Frameworks @/tmp/lectern-transitions21-worker-xcode/Build/Intermediates.noindex/Rostrum.build/Debug/Rostrum-t.build/Objects-normal/arm64/Rostrum.LinkFileList -Xclang-linker -install_name -Xclang-linker @rpath/Rostrum.framework/Versions/A/Rostrum -Xlinker -rpath -Xlinker /usr/lib/swift -Xlinker -object_path_lto -Xlinker /tmp/lectern-transitions21-worker-xcode/Build/Intermediates.noindex/Rostrum.build/Debug/Rostrum-t.build/Objects-normal/arm64/Rostrum_lto.o -Xclang-linker -rdynamic -Xlinker -no_deduplicate -Xlinker -dependency_info -Xlinker /tmp/lectern-transitions21-worker-xcode/Build/Intermediates.noindex/Rostrum.build/Debug/Rostrum-t.build/Objects-normal/arm64/Rostrum_dependency_info.dat -link-objc-runtime -L/Applications/Xcode.app/Contents/Developer/Toolchains/XcodeDefault.xctoolchain/usr/lib/swift/macosx -L/usr/lib/swift -Xlinker -add_ast_path -Xlinker /tmp/lectern-transitions21-worker-xcode/Build/Intermediates.noindex/Rostrum.build/Debug/Rostrum-t.build/Objects-normal/arm64/Rostrum.swiftmodule -o /tmp/lectern-transitions21-worker-xcode/Build/Products/Debug/PackageFrameworks/Rostrum.framework/Versions/A/Rostrum -no-stdlib-rpath

SwiftExplicitDependencyGeneratePcm arm64 /tmp/lectern-transitions21-worker-xcode/SDKExplicitPrecompiledModules/UniformTypeIdentifiers-CMZUW6EU21LRVXNFEWH4GLU8W.pcm

SwiftExplicitDependencyGeneratePcm arm64 /tmp/lectern-transitions21-worker-xcode/SDKExplicitPrecompiledModules/CoreGraphics-967VDOUP6KGK2KLK3H37FPHE5.pcm

SwiftExplicitDependencyGeneratePcm arm64 /tmp/lectern-transitions21-worker-xcode/SDKExplicitPrecompiledModules/IOSurface-30ZP4Z61YBFWSQNX09L7FRSO3.pcm

ExtractAppIntentsMetadata (in target 'Rostrum' from project 'Rostrum')
    cd /path/to/user/.codex/worktrees/rostrum-metadata/rostrum
    /Applications/Xcode.app/Contents/Developer/Toolchains/XcodeDefault.xctoolchain/usr/bin/appintentsmetadataprocessor --toolchain-dir /var/run/com.apple.security.cryptexd/mnt/com.apple.MobileAsset.MetalToolchain-v27.1.266.1.vjktuc/Metal.xctoolchain --module-name Rostrum --sdk-root /Applications/Xcode.app/Contents/Developer/Platforms/MacOSX.platform/Developer/SDKs/MacOSX27.0.sdk --xcode-version 27A266a --platform-family macOS --deployment-target 13.0 --bundle-identifier rostrum.Rostrum --output /tmp/lectern-transitions21-worker-xcode/Build/Products/Debug/PackageFrameworks/Rostrum.framework/Versions/A/Resources --target-triple arm64-apple-macos13.0 --binary-file /tmp/lectern-transitions21-worker-xcode/Build/Products/Debug/PackageFrameworks/Rostrum.framework/Versions/A/Rostrum --dependency-file /tmp/lectern-transitions21-worker-xcode/Build/Intermediates.noindex/Rostrum.build/Debug/Rostrum-t.build/Objects-normal/arm64/Rostrum_dependency_info.dat --stringsdata-file /tmp/lectern-transitions21-worker-xcode/Build/Intermediates.noindex/Rostrum.build/Debug/Rostrum-t.build/Objects-normal/arm64/ExtractedAppShortcutsMetadata.stringsdata --source-file-list /tmp/lectern-transitions21-worker-xcode/Build/Intermediates.noindex/Rostrum.build/Debug/Rostrum-t.build/Objects-normal/arm64/Rostrum.SwiftFileList --metadata-file-list /tmp/lectern-transitions21-worker-xcode/Build/Intermediates.noindex/Rostrum.build/Debug/Rostrum-t.build/Rostrum.DependencyMetadataFileList --static-metadata-file-list /tmp/lectern-transitions21-worker-xcode/Build/Intermediates.noindex/Rostrum.build/Debug/Rostrum-t.build/Rostrum.DependencyStaticMetadataFileList --swift-const-vals-list /tmp/lectern-transitions21-worker-xcode/Build/Intermediates.noindex/Rostrum.build/Debug/Rostrum-t.build/Objects-normal/arm64/Rostrum.SwiftConstValuesFileList --compile-time-extraction --deployment-aware-processing --no-app-shortcuts-localization
2026-10-04 19:23:23.424 appintentsmetadataprocessor[88879:7843629] Starting appintentsmetadataprocessor export
2026-10-04 19:23:23.426 appintentsmetadataprocessor[88879:7843629] warning: Metadata extraction skipped, no AppIntents.framework dependency found

GenerateTAPI /tmp/lectern-transitions21-worker-xcode/Build/Intermediates.noindex/EagerLinkingTBDs/Debug/Rostrum.framework/Versions/A/Rostrum.tbd (in target 'Rostrum' from project 'Rostrum')
    cd /path/to/user/.codex/worktrees/rostrum-metadata/rostrum
    /Applications/Xcode.app/Contents/Developer/Toolchains/XcodeDefault.xctoolchain/usr/bin/tapi stubify -isysroot /Applications/Xcode.app/Contents/Developer/Platforms/MacOSX.platform/Developer/SDKs/MacOSX27.0.sdk -F/tmp/lectern-transitions21-worker-xcode/Build/Products/Debug -iframework /Applications/Xcode.app/Contents/Developer/Platforms/MacOSX.platform/Developer/Library/Frameworks -L/tmp/lectern-transitions21-worker-xcode/Build/Products/Debug -L/Applications/Xcode.app/Contents/Developer/Platforms/MacOSX.platform/Developer/usr/lib /tmp/lectern-transitions21-worker-xcode/Build/Products/Debug/PackageFrameworks/Rostrum.framework/Versions/A/Rostrum -o /tmp/lectern-transitions21-worker-xcode/Build/Intermediates.noindex/EagerLinkingTBDs/Debug/Rostrum.framework/Versions/A/Rostrum.tbd

RegisterExecutionPolicyException /tmp/lectern-transitions21-worker-xcode/Build/Products/Debug/PackageFrameworks/Rostrum.framework (in target 'Rostrum' from project 'Rostrum')
    cd /path/to/user/.codex/worktrees/rostrum-metadata/rostrum
    builtin-RegisterExecutionPolicyException /tmp/lectern-transitions21-worker-xcode/Build/Products/Debug/PackageFrameworks/Rostrum.framework

SymLink /tmp/lectern-transitions21-worker-xcode/Build/Intermediates.noindex/EagerLinkingTBDs/Debug/Rostrum.framework/Rostrum.tbd /tmp/lectern-transitions21-worker-xcode/Build/Intermediates.noindex/EagerLinkingTBDs/Debug/Rostrum.framework/Versions/A/Rostrum.tbd (in target 'Rostrum' from project 'Rostrum')
    cd /path/to/user/.codex/worktrees/rostrum-metadata/rostrum
    /bin/ln -sfh /tmp/lectern-transitions21-worker-xcode/Build/Intermediates.noindex/EagerLinkingTBDs/Debug/Rostrum.framework/Versions/A/Rostrum.tbd /tmp/lectern-transitions21-worker-xcode/Build/Intermediates.noindex/EagerLinkingTBDs/Debug/Rostrum.framework/Rostrum.tbd

Touch /tmp/lectern-transitions21-worker-xcode/Build/Products/Debug/PackageFrameworks/Rostrum.framework (in target 'Rostrum' from project 'Rostrum')
    cd /path/to/user/.codex/worktrees/rostrum-metadata/rostrum
    /usr/bin/touch -c /tmp/lectern-transitions21-worker-xcode/Build/Products/Debug/PackageFrameworks/Rostrum.framework

SwiftExplicitDependencyGeneratePcm arm64 /tmp/lectern-transitions21-worker-xcode/SDKExplicitPrecompiledModules/Metal-OE8H9MN0BNA1SQUZDH2KNLEO.pcm

SwiftExplicitDependencyGeneratePcm arm64 /tmp/lectern-transitions21-worker-xcode/SDKExplicitPrecompiledModules/OpenGL-9ZH7FZZH3EKCXAH7S2EUJMVP3.pcm

SwiftExplicitDependencyGeneratePcm arm64 /tmp/lectern-transitions21-worker-xcode/SDKExplicitPrecompiledModules/ImageIO-932BYG04INNHH6UZ2QHUGFBXZ.pcm

SwiftExplicitDependencyGeneratePcm arm64 /tmp/lectern-transitions21-worker-xcode/SDKExplicitPrecompiledModules/CoreText-BVNFCVUKOS1A38PXW7V0I0DLM.pcm

SwiftExplicitDependencyGeneratePcm arm64 /tmp/lectern-transitions21-worker-xcode/SDKExplicitPrecompiledModules/CoreVideo-6WG46REIPD5MLRKVECHBBSRP2.pcm

SwiftDriverJobDiscovery normal arm64 Compiling TemplateLayoutEngine.swift (in target 'RostrumLayout' from project 'Rostrum')

SwiftDriver\ Compilation RostrumLayout normal arm64 com.apple.xcode.tools.swift.compiler (in target 'RostrumLayout' from project 'Rostrum')
    cd /path/to/user/.codex/worktrees/rostrum-metadata/rostrum/Lectern/Lectern.xcodeproj
    builtin-Swift-Compilation -- /Applications/Xcode.app/Contents/Developer/Toolchains/XcodeDefault.xctoolchain/usr/bin/swiftc -parse-as-library -module-name RostrumLayout -Onone @/tmp/lectern-transitions21-worker-xcode/Build/Intermediates.noindex/Rostrum.build/Debug/RostrumLayout-t.build/Objects-normal/arm64/RostrumLayout.SwiftFileList -DSWIFT_PACKAGE -DDEBUG -DSWIFT_MODULE_RESOURCE_BUNDLE_UNAVAILABLE -DXcode -plugin-path /Applications/Xcode.app/Contents/Developer/Toolchains/XcodeDefault.xctoolchain/usr/lib/swift/host/plugins/testing -enable-experimental-feature DebugDescriptionMacro -sdk /Applications/Xcode.app/Contents/Developer/Platforms/MacOSX.platform/Developer/SDKs/MacOSX27.0.sdk -target arm64-apple-macos13.0 -g -module-cache-path /tmp/lectern-transitions21-worker-xcode/ModuleCache.noindex -Xfrontend -serialize-debugging-options -enable-testing -index-store-path /tmp/lectern-transitions21-worker-xcode/Index.noindex/DataStore -Xcc -D_LIBCPP_HARDENING_MODE\=_LIBCPP_HARDENING_MODE_DEBUG -swift-version 6 -I /tmp/lectern-transitions21-worker-xcode/Build/Products/Debug -Isystem /Applications/Xcode.app/Contents/Developer/Platforms/MacOSX.platform/Developer/usr/lib -F /tmp/lectern-transitions21-worker-xcode/Build/Products/Debug/PackageFrameworks -F /tmp/lectern-transitions21-worker-xcode/Build/Products/Debug -F /Applications/Xcode.app/Contents/Developer/Platforms/MacOSX.platform/Developer/Library/Frameworks -c -j18 -enable-batch-mode -incremental -Xcc -ivfsstatcache -Xcc /tmp/lectern-transitions21-worker-xcode/SDKStatCaches.noindex/macosx27.0-26A425-e829b21a6f8c9b70876ba0858053c0447231f6df4def33e022ae2eb8f782df1a.sdkstatcache -output-file-map /tmp/lectern-transitions21-worker-xcode/Build/Intermediates.noindex/Rostrum.build/Debug/RostrumLayout-t.build/Objects-normal/arm64/RostrumLayout-OutputFileMap.json -save-temps -no-color-diagnostics -explicit-module-build -module-cache-path /tmp/lectern-transitions21-worker-xcode/Build/Intermediates.noindex/SwiftExplicitPrecompiledModules -clang-scanner-module-cache-path /tmp/lectern-transitions21-worker-xcode/ModuleCache.noindex -sdk-module-cache-path /tmp/lectern-transitions21-worker-xcode/SDKExplicitPrecompiledModules -emit-dependencies -emit-module -emit-module-path /tmp/lectern-transitions21-worker-xcode/Build/Intermediates.noindex/Rostrum.build/Debug/RostrumLayout-t.build/Objects-normal/arm64/RostrumLayout.swiftmodule -serialize-diagnostics -dependency-scan-serialize-diagnostics-path /tmp/lectern-transitions21-worker-xcode/Build/Intermediates.noindex/Rostrum.build/Debug/RostrumLayout-t.build/Objects-normal/arm64/RostrumLayout-dependency-scan.dia -validate-clang-modules-once -clang-build-session-file /tmp/lectern-transitions21-worker-xcode/ModuleCache.noindex/Session.modulevalidation -Xcc -fmodules-prune-interval\=86400 -Xcc -fmodules-prune-after\=345600 -package-name rostrum -emit-const-values -const-gather-protocols-list /tmp/lectern-transitions21-worker-xcode/Build/Intermediates.noindex/Rostrum.build/Debug/RostrumLayout-t.build/Objects-normal/arm64/RostrumLayout_const_extract_protocols.json -Xcc -I/tmp/lectern-transitions21-worker-xcode/Build/Products/Debug/include -Xcc -I/tmp/lectern-transitions21-worker-xcode/Build/Intermediates.noindex/Rostrum.build/Debug/RostrumLayout-t.build/DerivedSources-normal/arm64 -Xcc -I/tmp/lectern-transitions21-worker-xcode/Build/Intermediates.noindex/Rostrum.build/Debug/RostrumLayout-t.build/DerivedSources/arm64 -Xcc -I/tmp/lectern-transitions21-worker-xcode/Build/Intermediates.noindex/Rostrum.build/Debug/RostrumLayout-t.build/DerivedSources -Xcc -DSWIFT_PACKAGE -Xcc -DDEBUG\=1 -emit-objc-header -emit-objc-header-path /tmp/lectern-transitions21-worker-xcode/Build/Intermediates.noindex/Rostrum.build/Debug/RostrumLayout-t.build/Objects-normal/arm64/RostrumLayout-Swift.h -working-directory /path/to/user/.codex/worktrees/rostrum-metadata/rostrum/Lectern/Lectern.xcodeproj -experimental-emit-module-separately -disable-cmo

Ld /tmp/lectern-transitions21-worker-xcode/Build/Products/Debug/RostrumLayout.o normal (in target 'RostrumLayout' from project 'Rostrum')
    cd /path/to/user/.codex/worktrees/rostrum-metadata/rostrum
    /Applications/Xcode.app/Contents/Developer/Toolchains/XcodeDefault.xctoolchain/usr/bin/clang -Xlinker -reproducible -target arm64-apple-macos13.0 -r -isysroot /Applications/Xcode.app/Contents/Developer/Platforms/MacOSX.platform/Developer/SDKs/MacOSX27.0.sdk -O0 -Xlinker -no_warn_duplicate_libraries -F/tmp/lectern-transitions21-worker-xcode/Build/Intermediates.noindex/EagerLinkingTBDs/Debug -F/tmp/lectern-transitions21-worker-xcode/Build/Products/Debug/PackageFrameworks -F/tmp/lectern-transitions21-worker-xcode/Build/Products/Debug -iframework /Applications/Xcode.app/Contents/Developer/Platforms/MacOSX.platform/Developer/Library/Frameworks -filelist /tmp/lectern-transitions21-worker-xcode/Build/Intermediates.noindex/Rostrum.build/Debug/RostrumLayout-t.build/Objects-normal/arm64/RostrumLayout.LinkFileList -nostdlib -Xlinker -object_path_lto -Xlinker /tmp/lectern-transitions21-worker-xcode/Build/Intermediates.noindex/Rostrum.build/Debug/RostrumLayout-t.build/Objects-normal/arm64/RostrumLayout_lto.o -Xlinker -no_deduplicate -Xlinker -dependency_info -Xlinker /tmp/lectern-transitions21-worker-xcode/Build/Intermediates.noindex/Rostrum.build/Debug/RostrumLayout-t.build/Objects-normal/arm64/RostrumLayout_dependency_info.dat -fobjc-link-runtime -L/Applications/Xcode.app/Contents/Developer/Toolchains/XcodeDefault.xctoolchain/usr/lib/swift/macosx -L/usr/lib/swift -Xlinker -add_ast_path -Xlinker /tmp/lectern-transitions21-worker-xcode/Build/Intermediates.noindex/Rostrum.build/Debug/RostrumLayout-t.build/Objects-normal/arm64/RostrumLayout.swiftmodule -o /tmp/lectern-transitions21-worker-xcode/Build/Products/Debug/RostrumLayout.o

ExtractAppIntentsMetadata (in target 'RostrumLayout' from project 'Rostrum')
    cd /path/to/user/.codex/worktrees/rostrum-metadata/rostrum
    /Applications/Xcode.app/Contents/Developer/Toolchains/XcodeDefault.xctoolchain/usr/bin/appintentsmetadataprocessor --toolchain-dir /var/run/com.apple.security.cryptexd/mnt/com.apple.MobileAsset.MetalToolchain-v27.1.266.1.vjktuc/Metal.xctoolchain --module-name RostrumLayout --sdk-root /Applications/Xcode.app/Contents/Developer/Platforms/MacOSX.platform/Developer/SDKs/MacOSX27.0.sdk --xcode-version 27A266a --platform-family macOS --deployment-target 13.0 --bundle-identifier rostrum.RostrumLayout --output /tmp/lectern-transitions21-worker-xcode/Build/Products/Debug/RostrumLayout.appintents --target-triple arm64-apple-macos13.0 --binary-file /tmp/lectern-transitions21-worker-xcode/Build/Products/Debug/RostrumLayout.o --dependency-file /tmp/lectern-transitions21-worker-xcode/Build/Intermediates.noindex/Rostrum.build/Debug/RostrumLayout-t.build/Objects-normal/arm64/RostrumLayout_dependency_info.dat --stringsdata-file /tmp/lectern-transitions21-worker-xcode/Build/Intermediates.noindex/Rostrum.build/Debug/RostrumLayout-t.build/Objects-normal/arm64/ExtractedAppShortcutsMetadata.stringsdata --source-file-list /tmp/lectern-transitions21-worker-xcode/Build/Intermediates.noindex/Rostrum.build/Debug/RostrumLayout-t.build/Objects-normal/arm64/RostrumLayout.SwiftFileList --metadata-file-list /tmp/lectern-transitions21-worker-xcode/Build/Intermediates.noindex/Rostrum.build/Debug/RostrumLayout-t.build/RostrumLayout.DependencyMetadataFileList --static-metadata-file-list /tmp/lectern-transitions21-worker-xcode/Build/Intermediates.noindex/Rostrum.build/Debug/RostrumLayout-t.build/RostrumLayout.DependencyStaticMetadataFileList --swift-const-vals-list /tmp/lectern-transitions21-worker-xcode/Build/Intermediates.noindex/Rostrum.build/Debug/RostrumLayout-t.build/Objects-normal/arm64/RostrumLayout.SwiftConstValuesFileList --force --compile-time-extraction --deployment-aware-processing --no-app-shortcuts-localization
2026-10-04 19:23:23.614 appintentsmetadataprocessor[88891:7843699] Starting appintentsmetadataprocessor export
2026-10-04 19:23:23.661 appintentsmetadataprocessor[88891:7843699] Extracted no relevant App Intents symbols, skipping writing output

SwiftEmitModule normal arm64 Emitting\ module\ for\ LecternCore (in target 'LecternCore' from project 'LecternCore')

SwiftCompile normal arm64 (in target 'LecternCore' from project 'LecternCore')
    cd /path/to/user/.codex/worktrees/rostrum-metadata/rostrum/Lectern/Lectern.xcodeproj


SwiftCompile normal arm64 Compiling\ PriceTable.swift,\ PromptTemplates.swift,\ ProviderFactory.swift /path/to/user/.codex/worktrees/rostrum-metadata/rostrum/Lectern/Sources/LecternCore/Providers/PriceTable.swift /path/to/user/.codex/worktrees/rostrum-metadata/rostrum/Lectern/Sources/LecternCore/Providers/PromptTemplates.swift /path/to/user/.codex/worktrees/rostrum-metadata/rostrum/Lectern/Sources/LecternCore/Providers/ProviderFactory.swift (in target 'LecternCore' from project 'LecternCore')

SwiftCompile normal arm64 /path/to/user/.codex/worktrees/rostrum-metadata/rostrum/Lectern/Sources/LecternCore/Providers/PriceTable.swift (in target 'LecternCore' from project 'LecternCore')
    cd /path/to/user/.codex/worktrees/rostrum-metadata/rostrum/Lectern/Lectern.xcodeproj
    builtin-SwiftPerFileCompile PriceTable.swift

SwiftCompile normal arm64 /path/to/user/.codex/worktrees/rostrum-metadata/rostrum/Lectern/Sources/LecternCore/Providers/PromptTemplates.swift (in target 'LecternCore' from project 'LecternCore')
    cd /path/to/user/.codex/worktrees/rostrum-metadata/rostrum/Lectern/Lectern.xcodeproj
    builtin-SwiftPerFileCompile PromptTemplates.swift

SwiftCompile normal arm64 /path/to/user/.codex/worktrees/rostrum-metadata/rostrum/Lectern/Sources/LecternCore/Providers/ProviderFactory.swift (in target 'LecternCore' from project 'LecternCore')
    cd /path/to/user/.codex/worktrees/rostrum-metadata/rostrum/Lectern/Lectern.xcodeproj
    builtin-SwiftPerFileCompile ProviderFactory.swift

SwiftCompile normal arm64 Compiling\ DeckPreviews.swift,\ DeckRenderer.swift,\ DeckTemplate.swift /path/to/user/.codex/worktrees/rostrum-metadata/rostrum/Lectern/Sources/LecternCore/Rendering/DeckPreviews.swift /path/to/user/.codex/worktrees/rostrum-metadata/rostrum/Lectern/Sources/LecternCore/Rendering/DeckRenderer.swift /path/to/user/.codex/worktrees/rostrum-metadata/rostrum/Lectern/Sources/LecternCore/Rendering/DeckTemplate.swift (in target 'LecternCore' from project 'LecternCore')

SwiftCompile normal arm64 /path/to/user/.codex/worktrees/rostrum-metadata/rostrum/Lectern/Sources/LecternCore/Rendering/DeckPreviews.swift (in target 'LecternCore' from project 'LecternCore')
    cd /path/to/user/.codex/worktrees/rostrum-metadata/rostrum/Lectern/Lectern.xcodeproj
    builtin-SwiftPerFileCompile DeckPreviews.swift

SwiftCompile normal arm64 /path/to/user/.codex/worktrees/rostrum-metadata/rostrum/Lectern/Sources/LecternCore/Rendering/DeckRenderer.swift (in target 'LecternCore' from project 'LecternCore')
    cd /path/to/user/.codex/worktrees/rostrum-metadata/rostrum/Lectern/Lectern.xcodeproj
    builtin-SwiftPerFileCompile DeckRenderer.swift

SwiftCompile normal arm64 /path/to/user/.codex/worktrees/rostrum-metadata/rostrum/Lectern/Sources/LecternCore/Rendering/DeckTemplate.swift (in target 'LecternCore' from project 'LecternCore')
    cd /path/to/user/.codex/worktrees/rostrum-metadata/rostrum/Lectern/Lectern.xcodeproj
    builtin-SwiftPerFileCompile DeckTemplate.swift

SwiftCompile normal arm64 Compiling\ PlatformTableTransitionsRecipe.swift,\ PlatformTextAlignmentRecipe.swift,\ TableContextRecipe.swift,\ DeckGenerator.swift /path/to/user/.codex/worktrees/rostrum-metadata/rostrum/Lectern/Sources/LecternCore/LibraryLab/PlatformTableTransitionsRecipe.swift /path/to/user/.codex/worktrees/rostrum-metadata/rostrum/Lectern/Sources/LecternCore/LibraryLab/PlatformTextAlignmentRecipe.swift /path/to/user/.codex/worktrees/rostrum-metadata/rostrum/Lectern/Sources/LecternCore/LibraryLab/TableContextRecipe.swift /path/to/user/.codex/worktrees/rostrum-metadata/rostrum/Lectern/Sources/LecternCore/Providers/DeckGenerator.swift (in target 'LecternCore' from project 'LecternCore')

SwiftCompile normal arm64 /path/to/user/.codex/worktrees/rostrum-metadata/rostrum/Lectern/Sources/LecternCore/LibraryLab/PlatformTableTransitionsRecipe.swift (in target 'LecternCore' from project 'LecternCore')
    cd /path/to/user/.codex/worktrees/rostrum-metadata/rostrum/Lectern/Lectern.xcodeproj
    builtin-SwiftPerFileCompile PlatformTableTransitionsRecipe.swift

SwiftCompile normal arm64 /path/to/user/.codex/worktrees/rostrum-metadata/rostrum/Lectern/Sources/LecternCore/LibraryLab/PlatformTextAlignmentRecipe.swift (in target 'LecternCore' from project 'LecternCore')
    cd /path/to/user/.codex/worktrees/rostrum-metadata/rostrum/Lectern/Lectern.xcodeproj
    builtin-SwiftPerFileCompile PlatformTextAlignmentRecipe.swift

SwiftCompile normal arm64 /path/to/user/.codex/worktrees/rostrum-metadata/rostrum/Lectern/Sources/LecternCore/LibraryLab/TableContextRecipe.swift (in target 'LecternCore' from project 'LecternCore')
    cd /path/to/user/.codex/worktrees/rostrum-metadata/rostrum/Lectern/Lectern.xcodeproj
    builtin-SwiftPerFileCompile TableContextRecipe.swift

SwiftCompile normal arm64 /path/to/user/.codex/worktrees/rostrum-metadata/rostrum/Lectern/Sources/LecternCore/Providers/DeckGenerator.swift (in target 'LecternCore' from project 'LecternCore')
    cd /path/to/user/.codex/worktrees/rostrum-metadata/rostrum/Lectern/Lectern.xcodeproj
    builtin-SwiftPerFileCompile DeckGenerator.swift

SwiftCompile normal arm64 Compiling\ PlatformPartialTableStylesRecipe.swift,\ PlatformTabRecipe.swift,\ PlatformTableDefaultsRecipe.swift,\ PlatformTableJoinProfilesRecipe.swift /path/to/user/.codex/worktrees/rostrum-metadata/rostrum/Lectern/Sources/LecternCore/LibraryLab/PlatformPartialTableStylesRecipe.swift /path/to/user/.codex/worktrees/rostrum-metadata/rostrum/Lectern/Sources/LecternCore/LibraryLab/PlatformTabRecipe.swift /path/to/user/.codex/worktrees/rostrum-metadata/rostrum/Lectern/Sources/LecternCore/LibraryLab/PlatformTableDefaultsRecipe.swift /path/to/user/.codex/worktrees/rostrum-metadata/rostrum/Lectern/Sources/LecternCore/LibraryLab/PlatformTableJoinProfilesRecipe.swift (in target 'LecternCore' from project 'LecternCore')

SwiftCompile normal arm64 /path/to/user/.codex/worktrees/rostrum-metadata/rostrum/Lectern/Sources/LecternCore/LibraryLab/PlatformPartialTableStylesRecipe.swift (in target 'LecternCore' from project 'LecternCore')
    cd /path/to/user/.codex/worktrees/rostrum-metadata/rostrum/Lectern/Lectern.xcodeproj
    builtin-SwiftPerFileCompile PlatformPartialTableStylesRecipe.swift

SwiftCompile normal arm64 /path/to/user/.codex/worktrees/rostrum-metadata/rostrum/Lectern/Sources/LecternCore/LibraryLab/PlatformTabRecipe.swift (in target 'LecternCore' from project 'LecternCore')
    cd /path/to/user/.codex/worktrees/rostrum-metadata/rostrum/Lectern/Lectern.xcodeproj
    builtin-SwiftPerFileCompile PlatformTabRecipe.swift

SwiftCompile normal arm64 /path/to/user/.codex/worktrees/rostrum-metadata/rostrum/Lectern/Sources/LecternCore/LibraryLab/PlatformTableDefaultsRecipe.swift (in target 'LecternCore' from project 'LecternCore')
    cd /path/to/user/.codex/worktrees/rostrum-metadata/rostrum/Lectern/Lectern.xcodeproj
    builtin-SwiftPerFileCompile PlatformTableDefaultsRecipe.swift

SwiftCompile normal arm64 /path/to/user/.codex/worktrees/rostrum-metadata/rostrum/Lectern/Sources/LecternCore/LibraryLab/PlatformTableJoinProfilesRecipe.swift (in target 'LecternCore' from project 'LecternCore')
    cd /path/to/user/.codex/worktrees/rostrum-metadata/rostrum/Lectern/Lectern.xcodeproj
    builtin-SwiftPerFileCompile PlatformTableJoinProfilesRecipe.swift

SwiftCompile normal arm64 Compiling\ PlatformParagraphLigatures.swift,\ PlatformParagraphPaint.swift,\ PlatformParagraphRecipe.swift,\ PlatformParagraphSpacing.swift /path/to/user/.codex/worktrees/rostrum-metadata/rostrum/Lectern/Sources/LecternCore/LibraryLab/PlatformParagraphLigatures.swift /path/to/user/.codex/worktrees/rostrum-metadata/rostrum/Lectern/Sources/LecternCore/LibraryLab/PlatformParagraphPaint.swift /path/to/user/.codex/worktrees/rostrum-metadata/rostrum/Lectern/Sources/LecternCore/LibraryLab/PlatformParagraphRecipe.swift /path/to/user/.codex/worktrees/rostrum-metadata/rostrum/Lectern/Sources/LecternCore/LibraryLab/PlatformParagraphSpacing.swift (in target 'LecternCore' from project 'LecternCore')

SwiftCompile normal arm64 /path/to/user/.codex/worktrees/rostrum-metadata/rostrum/Lectern/Sources/LecternCore/LibraryLab/PlatformParagraphLigatures.swift (in target 'LecternCore' from project 'LecternCore')
    cd /path/to/user/.codex/worktrees/rostrum-metadata/rostrum/Lectern/Lectern.xcodeproj
    builtin-SwiftPerFileCompile PlatformParagraphLigatures.swift

SwiftCompile normal arm64 /path/to/user/.codex/worktrees/rostrum-metadata/rostrum/Lectern/Sources/LecternCore/LibraryLab/PlatformParagraphPaint.swift (in target 'LecternCore' from project 'LecternCore')
    cd /path/to/user/.codex/worktrees/rostrum-metadata/rostrum/Lectern/Lectern.xcodeproj
    builtin-SwiftPerFileCompile PlatformParagraphPaint.swift

SwiftCompile normal arm64 /path/to/user/.codex/worktrees/rostrum-metadata/rostrum/Lectern/Sources/LecternCore/LibraryLab/PlatformParagraphRecipe.swift (in target 'LecternCore' from project 'LecternCore')
    cd /path/to/user/.codex/worktrees/rostrum-metadata/rostrum/Lectern/Lectern.xcodeproj
    builtin-SwiftPerFileCompile PlatformParagraphRecipe.swift

SwiftCompile normal arm64 /path/to/user/.codex/worktrees/rostrum-metadata/rostrum/Lectern/Sources/LecternCore/LibraryLab/PlatformParagraphSpacing.swift (in target 'LecternCore' from project 'LecternCore')
    cd /path/to/user/.codex/worktrees/rostrum-metadata/rostrum/Lectern/Lectern.xcodeproj
    builtin-SwiftPerFileCompile PlatformParagraphSpacing.swift

SwiftCompile normal arm64 Compiling\ Providers.swift,\ AuthoredPagination.swift,\ AuthoredRecovery.swift /path/to/user/.codex/worktrees/rostrum-metadata/rostrum/Lectern/Sources/LecternCore/Providers/Providers.swift /path/to/user/.codex/worktrees/rostrum-metadata/rostrum/Lectern/Sources/LecternCore/Rendering/AuthoredPagination.swift /path/to/user/.codex/worktrees/rostrum-metadata/rostrum/Lectern/Sources/LecternCore/Rendering/AuthoredRecovery.swift (in target 'LecternCore' from project 'LecternCore')

SwiftCompile normal arm64 /path/to/user/.codex/worktrees/rostrum-metadata/rostrum/Lectern/Sources/LecternCore/Providers/Providers.swift (in target 'LecternCore' from project 'LecternCore')
    cd /path/to/user/.codex/worktrees/rostrum-metadata/rostrum/Lectern/Lectern.xcodeproj
    builtin-SwiftPerFileCompile Providers.swift

SwiftCompile normal arm64 /path/to/user/.codex/worktrees/rostrum-metadata/rostrum/Lectern/Sources/LecternCore/Rendering/AuthoredPagination.swift (in target 'LecternCore' from project 'LecternCore')
    cd /path/to/user/.codex/worktrees/rostrum-metadata/rostrum/Lectern/Lectern.xcodeproj
    builtin-SwiftPerFileCompile AuthoredPagination.swift

SwiftCompile normal arm64 /path/to/user/.codex/worktrees/rostrum-metadata/rostrum/Lectern/Sources/LecternCore/Rendering/AuthoredRecovery.swift (in target 'LecternCore' from project 'LecternCore')
    cd /path/to/user/.codex/worktrees/rostrum-metadata/rostrum/Lectern/Lectern.xcodeproj
    builtin-SwiftPerFileCompile AuthoredRecovery.swift

SwiftCompile normal arm64 Compiling\ PlatformListMarkerRecipe.swift,\ PlatformMixedFaceSpacingRecipe.swift,\ PlatformParagraphBoundary.swift,\ PlatformParagraphBreaks.swift /path/to/user/.codex/worktrees/rostrum-metadata/rostrum/Lectern/Sources/LecternCore/LibraryLab/PlatformListMarkerRecipe.swift /path/to/user/.codex/worktrees/rostrum-metadata/rostrum/Lectern/Sources/LecternCore/LibraryLab/PlatformMixedFaceSpacingRecipe.swift /path/to/user/.codex/worktrees/rostrum-metadata/rostrum/Lectern/Sources/LecternCore/LibraryLab/PlatformParagraphBoundary.swift /path/to/user/.codex/worktrees/rostrum-metadata/rostrum/Lectern/Sources/LecternCore/LibraryLab/PlatformParagraphBreaks.swift (in target 'LecternCore' from project 'LecternCore')

SwiftCompile normal arm64 /path/to/user/.codex/worktrees/rostrum-metadata/rostrum/Lectern/Sources/LecternCore/LibraryLab/PlatformListMarkerRecipe.swift (in target 'LecternCore' from project 'LecternCore')
    cd /path/to/user/.codex/worktrees/rostrum-metadata/rostrum/Lectern/Lectern.xcodeproj
    builtin-SwiftPerFileCompile PlatformListMarkerRecipe.swift

SwiftCompile normal arm64 /path/to/user/.codex/worktrees/rostrum-metadata/rostrum/Lectern/Sources/LecternCore/LibraryLab/PlatformMixedFaceSpacingRecipe.swift (in target 'LecternCore' from project 'LecternCore')
    cd /path/to/user/.codex/worktrees/rostrum-metadata/rostrum/Lectern/Lectern.xcodeproj
    builtin-SwiftPerFileCompile PlatformMixedFaceSpacingRecipe.swift

SwiftCompile normal arm64 /path/to/user/.codex/worktrees/rostrum-metadata/rostrum/Lectern/Sources/LecternCore/LibraryLab/PlatformParagraphBoundary.swift (in target 'LecternCore' from project 'LecternCore')
    cd /path/to/user/.codex/worktrees/rostrum-metadata/rostrum/Lectern/Lectern.xcodeproj
    builtin-SwiftPerFileCompile PlatformParagraphBoundary.swift

SwiftCompile normal arm64 /path/to/user/.codex/worktrees/rostrum-metadata/rostrum/Lectern/Sources/LecternCore/LibraryLab/PlatformParagraphBreaks.swift (in target 'LecternCore' from project 'LecternCore')
    cd /path/to/user/.codex/worktrees/rostrum-metadata/rostrum/Lectern/Lectern.xcodeproj
    builtin-SwiftPerFileCompile PlatformParagraphBreaks.swift

SwiftCompile normal arm64 Compiling\ OpenAIModelCatalog.swift,\ OpenAIModels.swift,\ OpenAIProvider.swift /path/to/user/.codex/worktrees/rostrum-metadata/rostrum/Lectern/Sources/LecternCore/Providers/OpenAIModelCatalog.swift /path/to/user/.codex/worktrees/rostrum-metadata/rostrum/Lectern/Sources/LecternCore/Providers/OpenAIModels.swift /path/to/user/.codex/worktrees/rostrum-metadata/rostrum/Lectern/Sources/LecternCore/Providers/OpenAIProvider.swift (in target 'LecternCore' from project 'LecternCore')

SwiftCompile normal arm64 /path/to/user/.codex/worktrees/rostrum-metadata/rostrum/Lectern/Sources/LecternCore/Providers/OpenAIModelCatalog.swift (in target 'LecternCore' from project 'LecternCore')
    cd /path/to/user/.codex/worktrees/rostrum-metadata/rostrum/Lectern/Lectern.xcodeproj
    builtin-SwiftPerFileCompile OpenAIModelCatalog.swift

SwiftCompile normal arm64 /path/to/user/.codex/worktrees/rostrum-metadata/rostrum/Lectern/Sources/LecternCore/Providers/OpenAIModels.swift (in target 'LecternCore' from project 'LecternCore')
    cd /path/to/user/.codex/worktrees/rostrum-metadata/rostrum/Lectern/Lectern.xcodeproj
    builtin-SwiftPerFileCompile OpenAIModels.swift

SwiftCompile normal arm64 /path/to/user/.codex/worktrees/rostrum-metadata/rostrum/Lectern/Sources/LecternCore/Providers/OpenAIProvider.swift (in target 'LecternCore' from project 'LecternCore')
    cd /path/to/user/.codex/worktrees/rostrum-metadata/rostrum/Lectern/Lectern.xcodeproj
    builtin-SwiftPerFileCompile OpenAIProvider.swift

SwiftCompile normal arm64 Compiling\ DeckStorage.swift,\ RenderSnapshot.swift,\ StyleCatalog.swift /path/to/user/.codex/worktrees/rostrum-metadata/rostrum/Lectern/Sources/LecternCore/Storage/DeckStorage.swift /path/to/user/.codex/worktrees/rostrum-metadata/rostrum/Lectern/Sources/LecternCore/Storage/RenderSnapshot.swift /path/to/user/.codex/worktrees/rostrum-metadata/rostrum/Lectern/Sources/LecternCore/StyleCatalog/StyleCatalog.swift (in target 'LecternCore' from project 'LecternCore')

SwiftCompile normal arm64 /path/to/user/.codex/worktrees/rostrum-metadata/rostrum/Lectern/Sources/LecternCore/Storage/DeckStorage.swift (in target 'LecternCore' from project 'LecternCore')
    cd /path/to/user/.codex/worktrees/rostrum-metadata/rostrum/Lectern/Lectern.xcodeproj
    builtin-SwiftPerFileCompile DeckStorage.swift

SwiftCompile normal arm64 /path/to/user/.codex/worktrees/rostrum-metadata/rostrum/Lectern/Sources/LecternCore/Storage/RenderSnapshot.swift (in target 'LecternCore' from project 'LecternCore')
    cd /path/to/user/.codex/worktrees/rostrum-metadata/rostrum/Lectern/Lectern.xcodeproj
    builtin-SwiftPerFileCompile RenderSnapshot.swift

SwiftCompile normal arm64 /path/to/user/.codex/worktrees/rostrum-metadata/rostrum/Lectern/Sources/LecternCore/StyleCatalog/StyleCatalog.swift (in target 'LecternCore' from project 'LecternCore')
    cd /path/to/user/.codex/worktrees/rostrum-metadata/rostrum/Lectern/Lectern.xcodeproj
    builtin-SwiftPerFileCompile StyleCatalog.swift

SwiftCompile normal arm64 Compiling\ PlatformAssetRecipes.swift,\ PlatformDesignRecipes.swift,\ PlatformDocumentRecipes.swift,\ PlatformLabRecipes.swift /path/to/user/.codex/worktrees/rostrum-metadata/rostrum/Lectern/Sources/LecternCore/LibraryLab/PlatformAssetRecipes.swift /path/to/user/.codex/worktrees/rostrum-metadata/rostrum/Lectern/Sources/LecternCore/LibraryLab/PlatformDesignRecipes.swift /path/to/user/.codex/worktrees/rostrum-metadata/rostrum/Lectern/Sources/LecternCore/LibraryLab/PlatformDocumentRecipes.swift /path/to/user/.codex/worktrees/rostrum-metadata/rostrum/Lectern/Sources/LecternCore/LibraryLab/PlatformLabRecipes.swift (in target 'LecternCore' from project 'LecternCore')

SwiftCompile normal arm64 /path/to/user/.codex/worktrees/rostrum-metadata/rostrum/Lectern/Sources/LecternCore/LibraryLab/PlatformAssetRecipes.swift (in target 'LecternCore' from project 'LecternCore')
    cd /path/to/user/.codex/worktrees/rostrum-metadata/rostrum/Lectern/Lectern.xcodeproj
    builtin-SwiftPerFileCompile PlatformAssetRecipes.swift

SwiftCompile normal arm64 /path/to/user/.codex/worktrees/rostrum-metadata/rostrum/Lectern/Sources/LecternCore/LibraryLab/PlatformDesignRecipes.swift (in target 'LecternCore' from project 'LecternCore')
    cd /path/to/user/.codex/worktrees/rostrum-metadata/rostrum/Lectern/Lectern.xcodeproj
    builtin-SwiftPerFileCompile PlatformDesignRecipes.swift

SwiftCompile normal arm64 /path/to/user/.codex/worktrees/rostrum-metadata/rostrum/Lectern/Sources/LecternCore/LibraryLab/PlatformDocumentRecipes.swift (in target 'LecternCore' from project 'LecternCore')
    cd /path/to/user/.codex/worktrees/rostrum-metadata/rostrum/Lectern/Lectern.xcodeproj
    builtin-SwiftPerFileCompile PlatformDocumentRecipes.swift

SwiftCompile normal arm64 /path/to/user/.codex/worktrees/rostrum-metadata/rostrum/Lectern/Sources/LecternCore/LibraryLab/PlatformLabRecipes.swift (in target 'LecternCore' from project 'LecternCore')
    cd /path/to/user/.codex/worktrees/rostrum-metadata/rostrum/Lectern/Lectern.xcodeproj
    builtin-SwiftPerFileCompile PlatformLabRecipes.swift

SwiftCompile normal arm64 Compiling\ DrawingLabRecipes.swift,\ ImportedFidelityRecipe.swift,\ LibraryLab.swift,\ LibraryLabTypes.swift /path/to/user/.codex/worktrees/rostrum-metadata/rostrum/Lectern/Sources/LecternCore/LibraryLab/DrawingLabRecipes.swift /path/to/user/.codex/worktrees/rostrum-metadata/rostrum/Lectern/Sources/LecternCore/LibraryLab/ImportedFidelityRecipe.swift /path/to/user/.codex/worktrees/rostrum-metadata/rostrum/Lectern/Sources/LecternCore/LibraryLab/LibraryLab.swift /path/to/user/.codex/worktrees/rostrum-metadata/rostrum/Lectern/Sources/LecternCore/LibraryLab/LibraryLabTypes.swift (in target 'LecternCore' from project 'LecternCore')

SwiftCompile normal arm64 /path/to/user/.codex/worktrees/rostrum-metadata/rostrum/Lectern/Sources/LecternCore/LibraryLab/DrawingLabRecipes.swift (in target 'LecternCore' from project 'LecternCore')
    cd /path/to/user/.codex/worktrees/rostrum-metadata/rostrum/Lectern/Lectern.xcodeproj
    builtin-SwiftPerFileCompile DrawingLabRecipes.swift

SwiftCompile normal arm64 /path/to/user/.codex/worktrees/rostrum-metadata/rostrum/Lectern/Sources/LecternCore/LibraryLab/ImportedFidelityRecipe.swift (in target 'LecternCore' from project 'LecternCore')
    cd /path/to/user/.codex/worktrees/rostrum-metadata/rostrum/Lectern/Lectern.xcodeproj
    builtin-SwiftPerFileCompile ImportedFidelityRecipe.swift

SwiftCompile normal arm64 /path/to/user/.codex/worktrees/rostrum-metadata/rostrum/Lectern/Sources/LecternCore/LibraryLab/LibraryLab.swift (in target 'LecternCore' from project 'LecternCore')
    cd /path/to/user/.codex/worktrees/rostrum-metadata/rostrum/Lectern/Lectern.xcodeproj
    builtin-SwiftPerFileCompile LibraryLab.swift

SwiftCompile normal arm64 /path/to/user/.codex/worktrees/rostrum-metadata/rostrum/Lectern/Sources/LecternCore/LibraryLab/LibraryLabTypes.swift (in target 'LecternCore' from project 'LecternCore')
    cd /path/to/user/.codex/worktrees/rostrum-metadata/rostrum/Lectern/Lectern.xcodeproj
    builtin-SwiftPerFileCompile LibraryLabTypes.swift

SwiftCompile normal arm64 Compiling\ RenderContentCheck.swift,\ TemplateRendering.swift,\ DeckLibrary.swift /path/to/user/.codex/worktrees/rostrum-metadata/rostrum/Lectern/Sources/LecternCore/Rendering/RenderContentCheck.swift /path/to/user/.codex/worktrees/rostrum-metadata/rostrum/Lectern/Sources/LecternCore/Rendering/TemplateRendering.swift /path/to/user/.codex/worktrees/rostrum-metadata/rostrum/Lectern/Sources/LecternCore/Storage/DeckLibrary.swift (in target 'LecternCore' from project 'LecternCore')

SwiftCompile normal arm64 /path/to/user/.codex/worktrees/rostrum-metadata/rostrum/Lectern/Sources/LecternCore/Rendering/RenderContentCheck.swift (in target 'LecternCore' from project 'LecternCore')
    cd /path/to/user/.codex/worktrees/rostrum-metadata/rostrum/Lectern/Lectern.xcodeproj
    builtin-SwiftPerFileCompile RenderContentCheck.swift

SwiftCompile normal arm64 /path/to/user/.codex/worktrees/rostrum-metadata/rostrum/Lectern/Sources/LecternCore/Rendering/TemplateRendering.swift (in target 'LecternCore' from project 'LecternCore')
    cd /path/to/user/.codex/worktrees/rostrum-metadata/rostrum/Lectern/Lectern.xcodeproj
    builtin-SwiftPerFileCompile TemplateRendering.swift

SwiftCompile normal arm64 /path/to/user/.codex/worktrees/rostrum-metadata/rostrum/Lectern/Sources/LecternCore/Storage/DeckLibrary.swift (in target 'LecternCore' from project 'LecternCore')
    cd /path/to/user/.codex/worktrees/rostrum-metadata/rostrum/Lectern/Lectern.xcodeproj
    builtin-SwiftPerFileCompile DeckLibrary.swift

SwiftCompile normal arm64 Compiling\ DeckSchema.swift,\ HTTPRetry.swift,\ ImageGeneration.swift,\ OpenAIImageProvider.swift /path/to/user/.codex/worktrees/rostrum-metadata/rostrum/Lectern/Sources/LecternCore/Providers/DeckSchema.swift /path/to/user/.codex/worktrees/rostrum-metadata/rostrum/Lectern/Sources/LecternCore/Providers/HTTPRetry.swift /path/to/user/.codex/worktrees/rostrum-metadata/rostrum/Lectern/Sources/LecternCore/Providers/ImageGeneration.swift /path/to/user/.codex/worktrees/rostrum-metadata/rostrum/Lectern/Sources/LecternCore/Providers/OpenAIImageProvider.swift (in target 'LecternCore' from project 'LecternCore')

SwiftCompile normal arm64 /path/to/user/.codex/worktrees/rostrum-metadata/rostrum/Lectern/Sources/LecternCore/Providers/DeckSchema.swift (in target 'LecternCore' from project 'LecternCore')
    cd /path/to/user/.codex/worktrees/rostrum-metadata/rostrum/Lectern/Lectern.xcodeproj
    builtin-SwiftPerFileCompile DeckSchema.swift

SwiftCompile normal arm64 /path/to/user/.codex/worktrees/rostrum-metadata/rostrum/Lectern/Sources/LecternCore/Providers/HTTPRetry.swift (in target 'LecternCore' from project 'LecternCore')
    cd /path/to/user/.codex/worktrees/rostrum-metadata/rostrum/Lectern/Lectern.xcodeproj
    builtin-SwiftPerFileCompile HTTPRetry.swift

SwiftCompile normal arm64 /path/to/user/.codex/worktrees/rostrum-metadata/rostrum/Lectern/Sources/LecternCore/Providers/ImageGeneration.swift (in target 'LecternCore' from project 'LecternCore')
    cd /path/to/user/.codex/worktrees/rostrum-metadata/rostrum/Lectern/Lectern.xcodeproj
    builtin-SwiftPerFileCompile ImageGeneration.swift

SwiftCompile normal arm64 /path/to/user/.codex/worktrees/rostrum-metadata/rostrum/Lectern/Sources/LecternCore/Providers/OpenAIImageProvider.swift (in target 'LecternCore' from project 'LecternCore')
    cd /path/to/user/.codex/worktrees/rostrum-metadata/rostrum/Lectern/Lectern.xcodeproj
    builtin-SwiftPerFileCompile OpenAIImageProvider.swift

SwiftCompile normal arm64 Compiling\ DeckValidation.swift,\ DeckExporter.swift,\ DeckDetail.swift,\ DeckInspection.swift /path/to/user/.codex/worktrees/rostrum-metadata/rostrum/Lectern/Sources/LecternCore/DeckIR/DeckValidation.swift /path/to/user/.codex/worktrees/rostrum-metadata/rostrum/Lectern/Sources/LecternCore/Export/DeckExporter.swift /path/to/user/.codex/worktrees/rostrum-metadata/rostrum/Lectern/Sources/LecternCore/Inspection/DeckDetail.swift /path/to/user/.codex/worktrees/rostrum-metadata/rostrum/Lectern/Sources/LecternCore/Inspection/DeckInspection.swift (in target 'LecternCore' from project 'LecternCore')

SwiftCompile normal arm64 /path/to/user/.codex/worktrees/rostrum-metadata/rostrum/Lectern/Sources/LecternCore/DeckIR/DeckValidation.swift (in target 'LecternCore' from project 'LecternCore')
    cd /path/to/user/.codex/worktrees/rostrum-metadata/rostrum/Lectern/Lectern.xcodeproj
    builtin-SwiftPerFileCompile DeckValidation.swift

SwiftCompile normal arm64 /path/to/user/.codex/worktrees/rostrum-metadata/rostrum/Lectern/Sources/LecternCore/Export/DeckExporter.swift (in target 'LecternCore' from project 'LecternCore')
    cd /path/to/user/.codex/worktrees/rostrum-metadata/rostrum/Lectern/Lectern.xcodeproj
    builtin-SwiftPerFileCompile DeckExporter.swift

SwiftCompile normal arm64 /path/to/user/.codex/worktrees/rostrum-metadata/rostrum/Lectern/Sources/LecternCore/Inspection/DeckDetail.swift (in target 'LecternCore' from project 'LecternCore')
    cd /path/to/user/.codex/worktrees/rostrum-metadata/rostrum/Lectern/Lectern.xcodeproj
    builtin-SwiftPerFileCompile DeckDetail.swift

SwiftCompile normal arm64 /path/to/user/.codex/worktrees/rostrum-metadata/rostrum/Lectern/Sources/LecternCore/Inspection/DeckInspection.swift (in target 'LecternCore' from project 'LecternCore')
    cd /path/to/user/.codex/worktrees/rostrum-metadata/rostrum/Lectern/Lectern.xcodeproj
    builtin-SwiftPerFileCompile DeckInspection.swift

SwiftCompile normal arm64 Compiling\ resource_bundle_accessor.swift,\ RunGate.swift,\ DeckIR.swift,\ DeckNormalizer.swift /tmp/lectern-transitions21-worker-xcode/Build/Intermediates.noindex/LecternCore.build/Debug/LecternCore-t.build/DerivedSources/resource_bundle_accessor.swift /path/to/user/.codex/worktrees/rostrum-metadata/rostrum/Lectern/Sources/LecternCore/Concurrency/RunGate.swift /path/to/user/.codex/worktrees/rostrum-metadata/rostrum/Lectern/Sources/LecternCore/DeckIR/DeckIR.swift /path/to/user/.codex/worktrees/rostrum-metadata/rostrum/Lectern/Sources/LecternCore/DeckIR/DeckNormalizer.swift (in target 'LecternCore' from project 'LecternCore')

SwiftCompile normal arm64 /tmp/lectern-transitions21-worker-xcode/Build/Intermediates.noindex/LecternCore.build/Debug/LecternCore-t.build/DerivedSources/resource_bundle_accessor.swift (in target 'LecternCore' from project 'LecternCore')
    cd /path/to/user/.codex/worktrees/rostrum-metadata/rostrum/Lectern/Lectern.xcodeproj
    builtin-SwiftPerFileCompile resource_bundle_accessor.swift

SwiftCompile normal arm64 /path/to/user/.codex/worktrees/rostrum-metadata/rostrum/Lectern/Sources/LecternCore/Concurrency/RunGate.swift (in target 'LecternCore' from project 'LecternCore')
    cd /path/to/user/.codex/worktrees/rostrum-metadata/rostrum/Lectern/Lectern.xcodeproj
    builtin-SwiftPerFileCompile RunGate.swift

SwiftCompile normal arm64 /path/to/user/.codex/worktrees/rostrum-metadata/rostrum/Lectern/Sources/LecternCore/DeckIR/DeckIR.swift (in target 'LecternCore' from project 'LecternCore')
    cd /path/to/user/.codex/worktrees/rostrum-metadata/rostrum/Lectern/Lectern.xcodeproj
    builtin-SwiftPerFileCompile DeckIR.swift

SwiftCompile normal arm64 /path/to/user/.codex/worktrees/rostrum-metadata/rostrum/Lectern/Sources/LecternCore/DeckIR/DeckNormalizer.swift (in target 'LecternCore' from project 'LecternCore')
    cd /path/to/user/.codex/worktrees/rostrum-metadata/rostrum/Lectern/Lectern.xcodeproj
    builtin-SwiftPerFileCompile DeckNormalizer.swift

SwiftCompile normal arm64 Compiling\ TableTextExtractor.swift,\ DeckCardIndex.swift,\ DocumentLabRecipes.swift,\ DrawingLabFixtures.swift /path/to/user/.codex/worktrees/rostrum-metadata/rostrum/Lectern/Sources/LecternCore/Inspection/TableTextExtractor.swift /path/to/user/.codex/worktrees/rostrum-metadata/rostrum/Lectern/Sources/LecternCore/Library/DeckCardIndex.swift /path/to/user/.codex/worktrees/rostrum-metadata/rostrum/Lectern/Sources/LecternCore/LibraryLab/DocumentLabRecipes.swift /path/to/user/.codex/worktrees/rostrum-metadata/rostrum/Lectern/Sources/LecternCore/LibraryLab/DrawingLabFixtures.swift (in target 'LecternCore' from project 'LecternCore')

SwiftCompile normal arm64 /path/to/user/.codex/worktrees/rostrum-metadata/rostrum/Lectern/Sources/LecternCore/Inspection/TableTextExtractor.swift (in target 'LecternCore' from project 'LecternCore')
    cd /path/to/user/.codex/worktrees/rostrum-metadata/rostrum/Lectern/Lectern.xcodeproj
    builtin-SwiftPerFileCompile TableTextExtractor.swift

SwiftCompile normal arm64 /path/to/user/.codex/worktrees/rostrum-metadata/rostrum/Lectern/Sources/LecternCore/Library/DeckCardIndex.swift (in target 'LecternCore' from project 'LecternCore')
    cd /path/to/user/.codex/worktrees/rostrum-metadata/rostrum/Lectern/Lectern.xcodeproj
    builtin-SwiftPerFileCompile DeckCardIndex.swift

SwiftCompile normal arm64 /path/to/user/.codex/worktrees/rostrum-metadata/rostrum/Lectern/Sources/LecternCore/LibraryLab/DocumentLabRecipes.swift (in target 'LecternCore' from project 'LecternCore')
    cd /path/to/user/.codex/worktrees/rostrum-metadata/rostrum/Lectern/Lectern.xcodeproj
    builtin-SwiftPerFileCompile DocumentLabRecipes.swift

SwiftCompile normal arm64 /path/to/user/.codex/worktrees/rostrum-metadata/rostrum/Lectern/Sources/LecternCore/LibraryLab/DrawingLabFixtures.swift (in target 'LecternCore' from project 'LecternCore')
    cd /path/to/user/.codex/worktrees/rostrum-metadata/rostrum/Lectern/Lectern.xcodeproj
    builtin-SwiftPerFileCompile DrawingLabFixtures.swift

SwiftCompile normal arm64 Compiling\ InspectionFonts.swift,\ NotesPageInspection.swift,\ SlidePreviewGeometry.swift,\ SlidePreviewRecord.swift /path/to/user/.codex/worktrees/rostrum-metadata/rostrum/Lectern/Sources/LecternCore/Inspection/InspectionFonts.swift /path/to/user/.codex/worktrees/rostrum-metadata/rostrum/Lectern/Sources/LecternCore/Inspection/NotesPageInspection.swift /path/to/user/.codex/worktrees/rostrum-metadata/rostrum/Lectern/Sources/LecternCore/Inspection/SlidePreviewGeometry.swift /path/to/user/.codex/worktrees/rostrum-metadata/rostrum/Lectern/Sources/LecternCore/Inspection/SlidePreviewRecord.swift (in target 'LecternCore' from project 'LecternCore')

SwiftCompile normal arm64 /path/to/user/.codex/worktrees/rostrum-metadata/rostrum/Lectern/Sources/LecternCore/Inspection/InspectionFonts.swift (in target 'LecternCore' from project 'LecternCore')
    cd /path/to/user/.codex/worktrees/rostrum-metadata/rostrum/Lectern/Lectern.xcodeproj
    builtin-SwiftPerFileCompile InspectionFonts.swift

SwiftCompile normal arm64 /path/to/user/.codex/worktrees/rostrum-metadata/rostrum/Lectern/Sources/LecternCore/Inspection/NotesPageInspection.swift (in target 'LecternCore' from project 'LecternCore')
    cd /path/to/user/.codex/worktrees/rostrum-metadata/rostrum/Lectern/Lectern.xcodeproj
    builtin-SwiftPerFileCompile NotesPageInspection.swift

SwiftCompile normal arm64 /path/to/user/.codex/worktrees/rostrum-metadata/rostrum/Lectern/Sources/LecternCore/Inspection/SlidePreviewGeometry.swift (in target 'LecternCore' from project 'LecternCore')
    cd /path/to/user/.codex/worktrees/rostrum-metadata/rostrum/Lectern/Lectern.xcodeproj
    builtin-SwiftPerFileCompile SlidePreviewGeometry.swift

SwiftCompile normal arm64 /path/to/user/.codex/worktrees/rostrum-metadata/rostrum/Lectern/Sources/LecternCore/Inspection/SlidePreviewRecord.swift (in target 'LecternCore' from project 'LecternCore')
    cd /path/to/user/.codex/worktrees/rostrum-metadata/rostrum/Lectern/Lectern.xcodeproj
    builtin-SwiftPerFileCompile SlidePreviewRecord.swift

SwiftCompile normal arm64 Compiling\ InstalledFonts.swift,\ PowerPointTemplate.swift,\ PreviewFontMeasurement.swift /path/to/user/.codex/worktrees/rostrum-metadata/rostrum/Lectern/Sources/LecternCore/Rendering/InstalledFonts.swift /path/to/user/.codex/worktrees/rostrum-metadata/rostrum/Lectern/Sources/LecternCore/Rendering/PowerPointTemplate.swift /path/to/user/.codex/worktrees/rostrum-metadata/rostrum/Lectern/Sources/LecternCore/Rendering/PreviewFontMeasurement.swift (in target 'LecternCore' from project 'LecternCore')

SwiftCompile normal arm64 /path/to/user/.codex/worktrees/rostrum-metadata/rostrum/Lectern/Sources/LecternCore/Rendering/InstalledFonts.swift (in target 'LecternCore' from project 'LecternCore')
    cd /path/to/user/.codex/worktrees/rostrum-metadata/rostrum/Lectern/Lectern.xcodeproj
    builtin-SwiftPerFileCompile InstalledFonts.swift

SwiftCompile normal arm64 /path/to/user/.codex/worktrees/rostrum-metadata/rostrum/Lectern/Sources/LecternCore/Rendering/PowerPointTemplate.swift (in target 'LecternCore' from project 'LecternCore')
    cd /path/to/user/.codex/worktrees/rostrum-metadata/rostrum/Lectern/Lectern.xcodeproj
    builtin-SwiftPerFileCompile PowerPointTemplate.swift

SwiftCompile normal arm64 /path/to/user/.codex/worktrees/rostrum-metadata/rostrum/Lectern/Sources/LecternCore/Rendering/PreviewFontMeasurement.swift (in target 'LecternCore' from project 'LecternCore')
    cd /path/to/user/.codex/worktrees/rostrum-metadata/rostrum/Lectern/Lectern.xcodeproj
    builtin-SwiftPerFileCompile PreviewFontMeasurement.swift

SwiftDriverJobDiscovery normal arm64 Compiling PriceTable.swift, PromptTemplates.swift, ProviderFactory.swift (in target 'LecternCore' from project 'LecternCore')

SwiftDriverJobDiscovery normal arm64 Compiling InspectionFonts.swift, NotesPageInspection.swift, SlidePreviewGeometry.swift, SlidePreviewRecord.swift (in target 'LecternCore' from project 'LecternCore')

ProcessInfoPlistFile /tmp/lectern-transitions21-worker-xcode/Build/Products/Debug/PackageFrameworks/RostrumLayout_41E2EB293FB7CC87_PackageProduct.framework/Versions/A/Resources/Info.plist /tmp/lectern-transitions21-worker-xcode/Build/Intermediates.noindex/Rostrum.build/Debug/RostrumLayout-product-t.build/empty-RostrumLayout_41E2EB293FB7CC87_PackageProduct.plist (in target 'RostrumLayoutdynamic-product' from project 'Rostrum')
    cd /path/to/user/.codex/worktrees/rostrum-metadata/rostrum
    builtin-infoPlistUtility /tmp/lectern-transitions21-worker-xcode/Build/Intermediates.noindex/Rostrum.build/Debug/RostrumLayout-product-t.build/empty-RostrumLayout_41E2EB293FB7CC87_PackageProduct.plist -producttype com.apple.product-type.framework -expandbuildsettings -platform macosx -o /tmp/lectern-transitions21-worker-xcode/Build/Products/Debug/PackageFrameworks/RostrumLayout_41E2EB293FB7CC87_PackageProduct.framework/Versions/A/Resources/Info.plist

Ld /tmp/lectern-transitions21-worker-xcode/Build/Products/Debug/PackageFrameworks/RostrumLayout_41E2EB293FB7CC87_PackageProduct.framework/Versions/A/RostrumLayout_41E2EB293FB7CC87_PackageProduct normal (in target 'RostrumLayoutdynamic-product' from project 'Rostrum')
    cd /path/to/user/.codex/worktrees/rostrum-metadata/rostrum
    /Applications/Xcode.app/Contents/Developer/Toolchains/XcodeDefault.xctoolchain/usr/bin/swiftc -Xlinker -reproducible -target arm64-apple-macos13.0 -emit-library -sdk /Applications/Xcode.app/Contents/Developer/Platforms/MacOSX.platform/Developer/SDKs/MacOSX27.0.sdk -Xlinker -no_warn_duplicate_libraries -L/tmp/lectern-transitions21-worker-xcode/Build/Intermediates.noindex/EagerLinkingTBDs/Debug -L/tmp/lectern-transitions21-worker-xcode/Build/Products/Debug -L/Applications/Xcode.app/Contents/Developer/Platforms/MacOSX.platform/Developer/usr/lib -F/tmp/lectern-transitions21-worker-xcode/Build/Intermediates.noindex/EagerLinkingTBDs/Debug -F/tmp/lectern-transitions21-worker-xcode/Build/Products/Debug/PackageFrameworks -F/tmp/lectern-transitions21-worker-xcode/Build/Products/Debug -Fsystem /Applications/Xcode.app/Contents/Developer/Platforms/MacOSX.platform/Developer/Library/Frameworks @/tmp/lectern-transitions21-worker-xcode/Build/Intermediates.noindex/Rostrum.build/Debug/RostrumLayout-product-t.build/Objects-normal/arm64/RostrumLayout_41E2EB293FB7CC87_PackageProduct.LinkFileList -Xclang-linker -install_name -Xclang-linker @rpath/RostrumLayout_41E2EB293FB7CC87_PackageProduct.framework/Versions/A/RostrumLayout_41E2EB293FB7CC87_PackageProduct -Xlinker -rpath -Xlinker /usr/lib/swift -Xlinker -rpath -Xlinker @loader_path -Xlinker -rpath -Xlinker /tmp/lectern-transitions21-worker-xcode/Build/Products/Debug/PackageFrameworks -Xlinker -object_path_lto -Xlinker /tmp/lectern-transitions21-worker-xcode/Build/Intermediates.noindex/Rostrum.build/Debug/RostrumLayout-product-t.build/Objects-normal/arm64/RostrumLayout_41E2EB293FB7CC87_PackageProduct_lto.o -Xclang-linker -rdynamic -Xlinker -no_deduplicate -Xlinker -dependency_info -Xlinker /tmp/lectern-transitions21-worker-xcode/Build/Intermediates.noindex/Rostrum.build/Debug/RostrumLayout-product-t.build/Objects-normal/arm64/RostrumLayout_41E2EB293FB7CC87_PackageProduct_dependency_info.dat -link-objc-runtime -L/Applications/Xcode.app/Contents/Developer/Toolchains/XcodeDefault.xctoolchain/usr/lib/swift/macosx -L/usr/lib/swift -framework Rostrum -o /tmp/lectern-transitions21-worker-xcode/Build/Products/Debug/PackageFrameworks/RostrumLayout_41E2EB293FB7CC87_PackageProduct.framework/Versions/A/RostrumLayout_41E2EB293FB7CC87_PackageProduct -no-stdlib-rpath

SwiftDriverJobDiscovery normal arm64 Compiling OpenAIModelCatalog.swift, OpenAIModels.swift, OpenAIProvider.swift (in target 'LecternCore' from project 'LecternCore')

SwiftDriverJobDiscovery normal arm64 Compiling Providers.swift, AuthoredPagination.swift, AuthoredRecovery.swift (in target 'LecternCore' from project 'LecternCore')

SwiftDriverJobDiscovery normal arm64 Compiling DeckSchema.swift, HTTPRetry.swift, ImageGeneration.swift, OpenAIImageProvider.swift (in target 'LecternCore' from project 'LecternCore')

SwiftDriverJobDiscovery normal arm64 Compiling DeckStorage.swift, RenderSnapshot.swift, StyleCatalog.swift (in target 'LecternCore' from project 'LecternCore')

GenerateTAPI /tmp/lectern-transitions21-worker-xcode/Build/Intermediates.noindex/EagerLinkingTBDs/Debug/RostrumLayout_41E2EB293FB7CC87_PackageProduct.framework/Versions/A/RostrumLayout_41E2EB293FB7CC87_PackageProduct.tbd (in target 'RostrumLayoutdynamic-product' from project 'Rostrum')
    cd /path/to/user/.codex/worktrees/rostrum-metadata/rostrum
    /Applications/Xcode.app/Contents/Developer/Toolchains/XcodeDefault.xctoolchain/usr/bin/tapi stubify -isysroot /Applications/Xcode.app/Contents/Developer/Platforms/MacOSX.platform/Developer/SDKs/MacOSX27.0.sdk -F/tmp/lectern-transitions21-worker-xcode/Build/Products/Debug/PackageFrameworks -F/tmp/lectern-transitions21-worker-xcode/Build/Products/Debug/PackageFrameworks -F/tmp/lectern-transitions21-worker-xcode/Build/Products/Debug -iframework /Applications/Xcode.app/Contents/Developer/Platforms/MacOSX.platform/Developer/Library/Frameworks -L/tmp/lectern-transitions21-worker-xcode/Build/Products/Debug -L/Applications/Xcode.app/Contents/Developer/Platforms/MacOSX.platform/Developer/usr/lib /tmp/lectern-transitions21-worker-xcode/Build/Products/Debug/PackageFrameworks/RostrumLayout_41E2EB293FB7CC87_PackageProduct.framework/Versions/A/RostrumLayout_41E2EB293FB7CC87_PackageProduct -o /tmp/lectern-transitions21-worker-xcode/Build/Intermediates.noindex/EagerLinkingTBDs/Debug/RostrumLayout_41E2EB293FB7CC87_PackageProduct.framework/Versions/A/RostrumLayout_41E2EB293FB7CC87_PackageProduct.tbd

RegisterExecutionPolicyException /tmp/lectern-transitions21-worker-xcode/Build/Products/Debug/PackageFrameworks/RostrumLayout_41E2EB293FB7CC87_PackageProduct.framework (in target 'RostrumLayoutdynamic-product' from project 'Rostrum')
    cd /path/to/user/.codex/worktrees/rostrum-metadata/rostrum
    builtin-RegisterExecutionPolicyException /tmp/lectern-transitions21-worker-xcode/Build/Products/Debug/PackageFrameworks/RostrumLayout_41E2EB293FB7CC87_PackageProduct.framework

Touch /tmp/lectern-transitions21-worker-xcode/Build/Products/Debug/PackageFrameworks/RostrumLayout_41E2EB293FB7CC87_PackageProduct.framework (in target 'RostrumLayoutdynamic-product' from project 'Rostrum')
    cd /path/to/user/.codex/worktrees/rostrum-metadata/rostrum
    /usr/bin/touch -c /tmp/lectern-transitions21-worker-xcode/Build/Products/Debug/PackageFrameworks/RostrumLayout_41E2EB293FB7CC87_PackageProduct.framework

SymLink /tmp/lectern-transitions21-worker-xcode/Build/Intermediates.noindex/EagerLinkingTBDs/Debug/RostrumLayout_41E2EB293FB7CC87_PackageProduct.framework/RostrumLayout_41E2EB293FB7CC87_PackageProduct.tbd /tmp/lectern-transitions21-worker-xcode/Build/Intermediates.noindex/EagerLinkingTBDs/Debug/RostrumLayout_41E2EB293FB7CC87_PackageProduct.framework/Versions/A/RostrumLayout_41E2EB293FB7CC87_PackageProduct.tbd (in target 'RostrumLayoutdynamic-product' from project 'Rostrum')
    cd /path/to/user/.codex/worktrees/rostrum-metadata/rostrum
    /bin/ln -sfh /tmp/lectern-transitions21-worker-xcode/Build/Intermediates.noindex/EagerLinkingTBDs/Debug/RostrumLayout_41E2EB293FB7CC87_PackageProduct.framework/Versions/A/RostrumLayout_41E2EB293FB7CC87_PackageProduct.tbd /tmp/lectern-transitions21-worker-xcode/Build/Intermediates.noindex/EagerLinkingTBDs/Debug/RostrumLayout_41E2EB293FB7CC87_PackageProduct.framework/RostrumLayout_41E2EB293FB7CC87_PackageProduct.tbd

SwiftDriverJobDiscovery normal arm64 Emitting module for LecternCore (in target 'LecternCore' from project 'LecternCore')

SwiftDriver\ Compilation\ Requirements LecternCore normal arm64 com.apple.xcode.tools.swift.compiler (in target 'LecternCore' from project 'LecternCore')
    cd /path/to/user/.codex/worktrees/rostrum-metadata/rostrum/Lectern/Lectern.xcodeproj
    builtin-Swift-Compilation-Requirements -- /Applications/Xcode.app/Contents/Developer/Toolchains/XcodeDefault.xctoolchain/usr/bin/swiftc -parse-as-library -module-name LecternCore -Onone @/tmp/lectern-transitions21-worker-xcode/Build/Intermediates.noindex/LecternCore.build/Debug/LecternCore-t.build/Objects-normal/arm64/LecternCore.SwiftFileList -DSWIFT_PACKAGE -DDEBUG -DSWIFT_MODULE_RESOURCE_BUNDLE_AVAILABLE -DXcode -plugin-path /Applications/Xcode.app/Contents/Developer/Toolchains/XcodeDefault.xctoolchain/usr/lib/swift/host/plugins/testing -enable-experimental-feature DebugDescriptionMacro -sdk /Applications/Xcode.app/Contents/Developer/Platforms/MacOSX.platform/Developer/SDKs/MacOSX27.0.sdk -target arm64-apple-macos13.0 -g -module-cache-path /tmp/lectern-transitions21-worker-xcode/ModuleCache.noindex -Xfrontend -serialize-debugging-options -enable-testing -index-store-path /tmp/lectern-transitions21-worker-xcode/Index.noindex/DataStore -Xcc -D_LIBCPP_HARDENING_MODE\=_LIBCPP_HARDENING_MODE_DEBUG -swift-version 6 -I /tmp/lectern-transitions21-worker-xcode/Build/Products/Debug -Isystem /Applications/Xcode.app/Contents/Developer/Platforms/MacOSX.platform/Developer/usr/lib -F /tmp/lectern-transitions21-worker-xcode/Build/Products/Debug/PackageFrameworks -F /tmp/lectern-transitions21-worker-xcode/Build/Products/Debug -F /Applications/Xcode.app/Contents/Developer/Platforms/MacOSX.platform/Developer/Library/Frameworks -c -j18 -enable-batch-mode -incremental -Xcc -ivfsstatcache -Xcc /tmp/lectern-transitions21-worker-xcode/SDKStatCaches.noindex/macosx27.0-26A425-e829b21a6f8c9b70876ba0858053c0447231f6df4def33e022ae2eb8f782df1a.sdkstatcache -output-file-map /tmp/lectern-transitions21-worker-xcode/Build/Intermediates.noindex/LecternCore.build/Debug/LecternCore-t.build/Objects-normal/arm64/LecternCore-OutputFileMap.json -save-temps -no-color-diagnostics -explicit-module-build -module-cache-path /tmp/lectern-transitions21-worker-xcode/Build/Intermediates.noindex/SwiftExplicitPrecompiledModules -clang-scanner-module-cache-path /tmp/lectern-transitions21-worker-xcode/ModuleCache.noindex -sdk-module-cache-path /tmp/lectern-transitions21-worker-xcode/SDKExplicitPrecompiledModules -emit-dependencies -emit-module -emit-module-path /tmp/lectern-transitions21-worker-xcode/Build/Intermediates.noindex/LecternCore.build/Debug/LecternCore-t.build/Objects-normal/arm64/LecternCore.swiftmodule -serialize-diagnostics -dependency-scan-serialize-diagnostics-path /tmp/lectern-transitions21-worker-xcode/Build/Intermediates.noindex/LecternCore.build/Debug/LecternCore-t.build/Objects-normal/arm64/LecternCore-dependency-scan.dia -validate-clang-modules-once -clang-build-session-file /tmp/lectern-transitions21-worker-xcode/ModuleCache.noindex/Session.modulevalidation -Xcc -fmodules-prune-interval\=86400 -Xcc -fmodules-prune-after\=345600 -package-name lectern -emit-const-values -const-gather-protocols-list /tmp/lectern-transitions21-worker-xcode/Build/Intermediates.noindex/LecternCore.build/Debug/LecternCore-t.build/Objects-normal/arm64/LecternCore_const_extract_protocols.json -Xcc -I/tmp/lectern-transitions21-worker-xcode/Build/Products/Debug/include -Xcc -I/tmp/lectern-transitions21-worker-xcode/Build/Intermediates.noindex/LecternCore.build/Debug/LecternCore-t.build/DerivedSources-normal/arm64 -Xcc -I/tmp/lectern-transitions21-worker-xcode/Build/Intermediates.noindex/LecternCore.build/Debug/LecternCore-t.build/DerivedSources/arm64 -Xcc -I/tmp/lectern-transitions21-worker-xcode/Build/Intermediates.noindex/LecternCore.build/Debug/LecternCore-t.build/DerivedSources -Xcc -DSWIFT_PACKAGE -Xcc -DDEBUG\=1 -emit-objc-header -emit-objc-header-path /tmp/lectern-transitions21-worker-xcode/Build/Intermediates.noindex/LecternCore.build/Debug/LecternCore-t.build/Objects-normal/arm64/LecternCore-Swift.h -working-directory /path/to/user/.codex/worktrees/rostrum-metadata/rostrum/Lectern/Lectern.xcodeproj -experimental-emit-module-separately -disable-cmo

SwiftMergeGeneratedHeaders /tmp/lectern-transitions21-worker-xcode/Build/Intermediates.noindex/GeneratedModuleMaps/LecternCore-Swift.h /tmp/lectern-transitions21-worker-xcode/Build/Intermediates.noindex/LecternCore.build/Debug/LecternCore-t.build/Objects-normal/arm64/LecternCore-Swift.h (in target 'LecternCore' from project 'LecternCore')
    cd /path/to/user/.codex/worktrees/rostrum-metadata/rostrum/Lectern
    builtin-swiftHeaderTool -arch arm64 /tmp/lectern-transitions21-worker-xcode/Build/Intermediates.noindex/LecternCore.build/Debug/LecternCore-t.build/Objects-normal/arm64/LecternCore-Swift.h -o /tmp/lectern-transitions21-worker-xcode/Build/Intermediates.noindex/GeneratedModuleMaps/LecternCore-Swift.h

Copy /tmp/lectern-transitions21-worker-xcode/Build/Products/Debug/LecternCore.swiftmodule/arm64-apple-macos.swiftmodule /tmp/lectern-transitions21-worker-xcode/Build/Intermediates.noindex/LecternCore.build/Debug/LecternCore-t.build/Objects-normal/arm64/LecternCore.swiftmodule (in target 'LecternCore' from project 'LecternCore')
    cd /path/to/user/.codex/worktrees/rostrum-metadata/rostrum/Lectern
    builtin-copy -exclude .DS_Store -exclude CVS -exclude .svn -exclude .git -exclude .hg -resolve-src-symlinks -rename /tmp/lectern-transitions21-worker-xcode/Build/Intermediates.noindex/LecternCore.build/Debug/LecternCore-t.build/Objects-normal/arm64/LecternCore.swiftmodule /tmp/lectern-transitions21-worker-xcode/Build/Products/Debug/LecternCore.swiftmodule/arm64-apple-macos.swiftmodule

Copy /tmp/lectern-transitions21-worker-xcode/Build/Products/Debug/LecternCore.swiftmodule/arm64-apple-macos.abi.json /tmp/lectern-transitions21-worker-xcode/Build/Intermediates.noindex/LecternCore.build/Debug/LecternCore-t.build/Objects-normal/arm64/LecternCore.abi.json (in target 'LecternCore' from project 'LecternCore')
    cd /path/to/user/.codex/worktrees/rostrum-metadata/rostrum/Lectern
    builtin-copy -exclude .DS_Store -exclude CVS -exclude .svn -exclude .git -exclude .hg -resolve-src-symlinks -rename /tmp/lectern-transitions21-worker-xcode/Build/Intermediates.noindex/LecternCore.build/Debug/LecternCore-t.build/Objects-normal/arm64/LecternCore.abi.json /tmp/lectern-transitions21-worker-xcode/Build/Products/Debug/LecternCore.swiftmodule/arm64-apple-macos.abi.json

Copy /tmp/lectern-transitions21-worker-xcode/Build/Products/Debug/LecternCore.swiftmodule/arm64-apple-macos.swiftdoc /tmp/lectern-transitions21-worker-xcode/Build/Intermediates.noindex/LecternCore.build/Debug/LecternCore-t.build/Objects-normal/arm64/LecternCore.swiftdoc (in target 'LecternCore' from project 'LecternCore')
    cd /path/to/user/.codex/worktrees/rostrum-metadata/rostrum/Lectern
    builtin-copy -exclude .DS_Store -exclude CVS -exclude .svn -exclude .git -exclude .hg -resolve-src-symlinks -rename /tmp/lectern-transitions21-worker-xcode/Build/Intermediates.noindex/LecternCore.build/Debug/LecternCore-t.build/Objects-normal/arm64/LecternCore.swiftdoc /tmp/lectern-transitions21-worker-xcode/Build/Products/Debug/LecternCore.swiftmodule/arm64-apple-macos.swiftdoc

Copy /tmp/lectern-transitions21-worker-xcode/Build/Products/Debug/LecternCore.swiftmodule/Project/arm64-apple-macos.swiftsourceinfo /tmp/lectern-transitions21-worker-xcode/Build/Intermediates.noindex/LecternCore.build/Debug/LecternCore-t.build/Objects-normal/arm64/LecternCore.swiftsourceinfo (in target 'LecternCore' from project 'LecternCore')
    cd /path/to/user/.codex/worktrees/rostrum-metadata/rostrum/Lectern
    builtin-copy -exclude .DS_Store -exclude CVS -exclude .svn -exclude .git -exclude .hg -resolve-src-symlinks -rename /tmp/lectern-transitions21-worker-xcode/Build/Intermediates.noindex/LecternCore.build/Debug/LecternCore-t.build/Objects-normal/arm64/LecternCore.swiftsourceinfo /tmp/lectern-transitions21-worker-xcode/Build/Products/Debug/LecternCore.swiftmodule/Project/arm64-apple-macos.swiftsourceinfo

ProcessProductPackaging "" /tmp/lectern-transitions21-worker-xcode/Build/Intermediates.noindex/Lectern.build/Debug/Lectern.build/Lectern.app.xcent (in target 'Lectern' from project 'Lectern')
    cd /path/to/user/.codex/worktrees/rostrum-metadata/rostrum/Lectern

    Entitlements:

    {
    "com.apple.security.get-task-allow" = 1;
}

    builtin-productPackagingUtility -entitlements -format xml -o /tmp/lectern-transitions21-worker-xcode/Build/Intermediates.noindex/Lectern.build/Debug/Lectern.build/Lectern.app.xcent

ProcessProductPackagingDER /tmp/lectern-transitions21-worker-xcode/Build/Intermediates.noindex/Lectern.build/Debug/Lectern.build/Lectern.app.xcent /tmp/lectern-transitions21-worker-xcode/Build/Intermediates.noindex/Lectern.build/Debug/Lectern.build/Lectern.app.xcent.der (in target 'Lectern' from project 'Lectern')
    cd /path/to/user/.codex/worktrees/rostrum-metadata/rostrum/Lectern
    /usr/bin/derq query -f xml -i /tmp/lectern-transitions21-worker-xcode/Build/Intermediates.noindex/Lectern.build/Debug/Lectern.build/Lectern.app.xcent -o /tmp/lectern-transitions21-worker-xcode/Build/Intermediates.noindex/Lectern.build/Debug/Lectern.build/Lectern.app.xcent.der --raw

GenerateAssetSymbols /path/to/user/.codex/worktrees/rostrum-metadata/rostrum/Lectern/App/Assets.xcassets (in target 'Lectern' from project 'Lectern')
    cd /path/to/user/.codex/worktrees/rostrum-metadata/rostrum/Lectern
    /Applications/Xcode.app/Contents/Developer/usr/bin/actool /path/to/user/.codex/worktrees/rostrum-metadata/rostrum/Lectern/App/Assets.xcassets --compile /tmp/lectern-transitions21-worker-xcode/Build/Products/Debug/Lectern.app/Contents/Resources --output-format human-readable-text --notices --warnings --export-dependency-info /tmp/lectern-transitions21-worker-xcode/Build/Intermediates.noindex/Lectern.build/Debug/Lectern.build/assetcatalog_dependencies --output-partial-info-plist /tmp/lectern-transitions21-worker-xcode/Build/Intermediates.noindex/Lectern.build/Debug/Lectern.build/assetcatalog_generated_info.plist --app-icon AppIcon --enable-on-demand-resources NO --development-region en --target-device mac --minimum-deployment-target 26.0 --platform macosx --bundle-identifier com.lectern.app --generate-swift-asset-symbol-extensions NO --generate-swift-asset-symbols /tmp/lectern-transitions21-worker-xcode/Build/Intermediates.noindex/Lectern.build/Debug/Lectern.build/DerivedSources/GeneratedAssetSymbols.swift --generate-objc-asset-symbols /tmp/lectern-transitions21-worker-xcode/Build/Intermediates.noindex/Lectern.build/Debug/Lectern.build/DerivedSources/GeneratedAssetSymbols.h --generate-asset-symbol-index /tmp/lectern-transitions21-worker-xcode/Build/Intermediates.noindex/Lectern.build/Debug/Lectern.build/DerivedSources/GeneratedAssetSymbols-Index.plist
/* com.apple.actool.compilation-results */
/tmp/lectern-transitions21-worker-xcode/Build/Intermediates.noindex/Lectern.build/Debug/Lectern.build/DerivedSources/GeneratedAssetSymbols-Index.plist
/tmp/lectern-transitions21-worker-xcode/Build/Intermediates.noindex/Lectern.build/Debug/Lectern.build/DerivedSources/GeneratedAssetSymbols.h
/tmp/lectern-transitions21-worker-xcode/Build/Intermediates.noindex/Lectern.build/Debug/Lectern.build/DerivedSources/GeneratedAssetSymbols.swift


MkDir /tmp/lectern-transitions21-worker-xcode/Build/Intermediates.noindex/Lectern.build/Debug/Lectern.build/assetcatalog_output/thinned (in target 'Lectern' from project 'Lectern')
    cd /path/to/user/.codex/worktrees/rostrum-metadata/rostrum/Lectern
    /bin/mkdir -p /tmp/lectern-transitions21-worker-xcode/Build/Intermediates.noindex/Lectern.build/Debug/Lectern.build/assetcatalog_output/thinned

MkDir /tmp/lectern-transitions21-worker-xcode/Build/Intermediates.noindex/Lectern.build/Debug/Lectern.build/assetcatalog_output/unthinned (in target 'Lectern' from project 'Lectern')
    cd /path/to/user/.codex/worktrees/rostrum-metadata/rostrum/Lectern
    /bin/mkdir -p /tmp/lectern-transitions21-worker-xcode/Build/Intermediates.noindex/Lectern.build/Debug/Lectern.build/assetcatalog_output/unthinned

CompileAssetCatalogVariant thinned /tmp/lectern-transitions21-worker-xcode/Build/Products/Debug/Lectern.app/Contents/Resources /path/to/user/.codex/worktrees/rostrum-metadata/rostrum/Lectern/App/Assets.xcassets (in target 'Lectern' from project 'Lectern')
    cd /path/to/user/.codex/worktrees/rostrum-metadata/rostrum/Lectern
    /Applications/Xcode.app/Contents/Developer/usr/bin/actool /path/to/user/.codex/worktrees/rostrum-metadata/rostrum/Lectern/App/Assets.xcassets --compile /tmp/lectern-transitions21-worker-xcode/Build/Intermediates.noindex/Lectern.build/Debug/Lectern.build/assetcatalog_output/thinned --output-format human-readable-text --notices --warnings --export-dependency-info /tmp/lectern-transitions21-worker-xcode/Build/Intermediates.noindex/Lectern.build/Debug/Lectern.build/assetcatalog_dependencies_thinned --output-partial-info-plist /tmp/lectern-transitions21-worker-xcode/Build/Intermediates.noindex/Lectern.build/Debug/Lectern.build/assetcatalog_generated_info.plist_thinned --app-icon AppIcon --enable-on-demand-resources NO --development-region en --target-device mac --minimum-deployment-target 26.0 --platform macosx
/* com.apple.actool.compilation-results */
/tmp/lectern-transitions21-worker-xcode/Build/Intermediates.noindex/Lectern.build/Debug/Lectern.build/assetcatalog_generated_info.plist_thinned
/tmp/lectern-transitions21-worker-xcode/Build/Intermediates.noindex/Lectern.build/Debug/Lectern.build/assetcatalog_output/thinned/AppIcon.icns
/tmp/lectern-transitions21-worker-xcode/Build/Intermediates.noindex/Lectern.build/Debug/Lectern.build/assetcatalog_output/thinned/Assets.car


SwiftDriverJobDiscovery normal arm64 Compiling PlatformAssetRecipes.swift, PlatformDesignRecipes.swift, PlatformDocumentRecipes.swift, PlatformLabRecipes.swift (in target 'LecternCore' from project 'LecternCore')

SwiftDriverJobDiscovery normal arm64 Compiling DeckValidation.swift, DeckExporter.swift, DeckDetail.swift, DeckInspection.swift (in target 'LecternCore' from project 'LecternCore')

SwiftDriverJobDiscovery normal arm64 Compiling resource_bundle_accessor.swift, RunGate.swift, DeckIR.swift, DeckNormalizer.swift (in target 'LecternCore' from project 'LecternCore')

SwiftDriverJobDiscovery normal arm64 Compiling PlatformParagraphLigatures.swift, PlatformParagraphPaint.swift, PlatformParagraphRecipe.swift, PlatformParagraphSpacing.swift (in target 'LecternCore' from project 'LecternCore')

SwiftDriverJobDiscovery normal arm64 Compiling InstalledFonts.swift, PowerPointTemplate.swift, PreviewFontMeasurement.swift (in target 'LecternCore' from project 'LecternCore')

SwiftDriverJobDiscovery normal arm64 Compiling RenderContentCheck.swift, TemplateRendering.swift, DeckLibrary.swift (in target 'LecternCore' from project 'LecternCore')

SwiftDriverJobDiscovery normal arm64 Compiling DeckPreviews.swift, DeckRenderer.swift, DeckTemplate.swift (in target 'LecternCore' from project 'LecternCore')

SwiftDriverJobDiscovery normal arm64 Compiling TableTextExtractor.swift, DeckCardIndex.swift, DocumentLabRecipes.swift, DrawingLabFixtures.swift (in target 'LecternCore' from project 'LecternCore')

SwiftDriverJobDiscovery normal arm64 Compiling DrawingLabRecipes.swift, ImportedFidelityRecipe.swift, LibraryLab.swift, LibraryLabTypes.swift (in target 'LecternCore' from project 'LecternCore')

LinkAssetCatalog /path/to/user/.codex/worktrees/rostrum-metadata/rostrum/Lectern/App/Assets.xcassets (in target 'Lectern' from project 'Lectern')
    cd /path/to/user/.codex/worktrees/rostrum-metadata/rostrum/Lectern
    builtin-linkAssetCatalog --thinned /tmp/lectern-transitions21-worker-xcode/Build/Intermediates.noindex/Lectern.build/Debug/Lectern.build/assetcatalog_output/thinned --thinned-dependencies /tmp/lectern-transitions21-worker-xcode/Build/Intermediates.noindex/Lectern.build/Debug/Lectern.build/assetcatalog_dependencies_thinned --thinned-info-plist-content /tmp/lectern-transitions21-worker-xcode/Build/Intermediates.noindex/Lectern.build/Debug/Lectern.build/assetcatalog_generated_info.plist_thinned --unthinned /tmp/lectern-transitions21-worker-xcode/Build/Intermediates.noindex/Lectern.build/Debug/Lectern.build/assetcatalog_output/unthinned --unthinned-dependencies /tmp/lectern-transitions21-worker-xcode/Build/Intermediates.noindex/Lectern.build/Debug/Lectern.build/assetcatalog_dependencies_unthinned --unthinned-info-plist-content /tmp/lectern-transitions21-worker-xcode/Build/Intermediates.noindex/Lectern.build/Debug/Lectern.build/assetcatalog_generated_info.plist_unthinned --output /tmp/lectern-transitions21-worker-xcode/Build/Products/Debug/Lectern.app/Contents/Resources --plist-output /tmp/lectern-transitions21-worker-xcode/Build/Intermediates.noindex/Lectern.build/Debug/Lectern.build/assetcatalog_generated_info.plist
note: Emplaced /tmp/lectern-transitions21-worker-xcode/Build/Products/Debug/Lectern.app/Contents/Resources/Assets.car (in target 'Lectern' from project 'Lectern')
note: Emplaced /tmp/lectern-transitions21-worker-xcode/Build/Products/Debug/Lectern.app/Contents/Resources/AppIcon.icns (in target 'Lectern' from project 'Lectern')

SwiftDriverJobDiscovery normal arm64 Compiling PlatformTableTransitionsRecipe.swift, PlatformTextAlignmentRecipe.swift, TableContextRecipe.swift, DeckGenerator.swift (in target 'LecternCore' from project 'LecternCore')

SwiftDriverJobDiscovery normal arm64 Compiling PlatformListMarkerRecipe.swift, PlatformMixedFaceSpacingRecipe.swift, PlatformParagraphBoundary.swift, PlatformParagraphBreaks.swift (in target 'LecternCore' from project 'LecternCore')

SwiftDriver Lectern normal arm64 com.apple.xcode.tools.swift.compiler (in target 'Lectern' from project 'Lectern')
    cd /path/to/user/.codex/worktrees/rostrum-metadata/rostrum/Lectern
    builtin-SwiftDriver -- /Applications/Xcode.app/Contents/Developer/Toolchains/XcodeDefault.xctoolchain/usr/bin/swiftc -module-name Lectern -Onone @/tmp/lectern-transitions21-worker-xcode/Build/Intermediates.noindex/Lectern.build/Debug/Lectern.build/Objects-normal/arm64/Lectern.SwiftFileList -DDEBUG -enable-experimental-feature DebugDescriptionMacro -sdk /Applications/Xcode.app/Contents/Developer/Platforms/MacOSX.platform/Developer/SDKs/MacOSX27.0.sdk -target arm64-apple-macos26.0 -g -module-cache-path /tmp/lectern-transitions21-worker-xcode/ModuleCache.noindex -Xfrontend -serialize-debugging-options -enable-testing -index-store-path /tmp/lectern-transitions21-worker-xcode/Index.noindex/DataStore -Xcc -D_LIBCPP_HARDENING_MODE\=_LIBCPP_HARDENING_MODE_DEBUG -swift-version 6 -I /tmp/lectern-transitions21-worker-xcode/Build/Products/Debug -F /tmp/lectern-transitions21-worker-xcode/Build/Products/Debug/PackageFrameworks -F /tmp/lectern-transitions21-worker-xcode/Build/Products/Debug -c -j18 -enable-batch-mode -incremental -Xcc -ivfsstatcache -Xcc /tmp/lectern-transitions21-worker-xcode/SDKStatCaches.noindex/macosx27.0-26A425-e829b21a6f8c9b70876ba0858053c0447231f6df4def33e022ae2eb8f782df1a.sdkstatcache -output-file-map /tmp/lectern-transitions21-worker-xcode/Build/Intermediates.noindex/Lectern.build/Debug/Lectern.build/Objects-normal/arm64/Lectern-OutputFileMap.json -save-temps -no-color-diagnostics -explicit-module-build -module-cache-path /tmp/lectern-transitions21-worker-xcode/Build/Intermediates.noindex/SwiftExplicitPrecompiledModules -clang-scanner-module-cache-path /tmp/lectern-transitions21-worker-xcode/ModuleCache.noindex -sdk-module-cache-path /tmp/lectern-transitions21-worker-xcode/SDKExplicitPrecompiledModules -emit-dependencies -emit-module -emit-module-path /tmp/lectern-transitions21-worker-xcode/Build/Intermediates.noindex/Lectern.build/Debug/Lectern.build/Objects-normal/arm64/Lectern.swiftmodule -serialize-diagnostics -dependency-scan-serialize-diagnostics-path /tmp/lectern-transitions21-worker-xcode/Build/Intermediates.noindex/Lectern.build/Debug/Lectern.build/Objects-normal/arm64/Lectern-dependency-scan.dia -validate-clang-modules-once -clang-build-session-file /tmp/lectern-transitions21-worker-xcode/ModuleCache.noindex/Session.modulevalidation -Xcc -fmodules-prune-interval\=86400 -Xcc -fmodules-prune-after\=345600 -emit-const-values -const-gather-protocols-list /tmp/lectern-transitions21-worker-xcode/Build/Intermediates.noindex/Lectern.build/Debug/Lectern.build/Objects-normal/arm64/Lectern_const_extract_protocols.json -Xcc -iquote -Xcc /tmp/lectern-transitions21-worker-xcode/Build/Intermediates.noindex/Lectern.build/Debug/Lectern.build/Lectern-generated-files.hmap -Xcc -I/tmp/lectern-transitions21-worker-xcode/Build/Intermediates.noindex/Lectern.build/Debug/Lectern.build/Lectern-own-target-headers.hmap -Xcc -I/tmp/lectern-transitions21-worker-xcode/Build/Intermediates.noindex/Lectern.build/Debug/Lectern.build/Lectern-all-non-framework-target-headers.hmap -Xcc -ivfsoverlay -Xcc /tmp/lectern-transitions21-worker-xcode/Build/Intermediates.noindex/Lectern.build/Debug/Lectern-81dd8c5d5ffef3ab3b9caa0531f1f110-VFS/all-product-headers.yaml -Xcc -iquote -Xcc /tmp/lectern-transitions21-worker-xcode/Build/Intermediates.noindex/Lectern.build/Debug/Lectern.build/Lectern-project-headers.hmap -Xcc -I/tmp/lectern-transitions21-worker-xcode/Build/Products/Debug/include -Xcc -I/tmp/lectern-transitions21-worker-xcode/Build/Intermediates.noindex/Lectern.build/Debug/Lectern.build/DerivedSources-normal/arm64 -Xcc -I/tmp/lectern-transitions21-worker-xcode/Build/Intermediates.noindex/Lectern.build/Debug/Lectern.build/DerivedSources/arm64 -Xcc -I/tmp/lectern-transitions21-worker-xcode/Build/Intermediates.noindex/Lectern.build/Debug/Lectern.build/DerivedSources -Xcc -DDEBUG\=1 -emit-objc-header -emit-objc-header-path /tmp/lectern-transitions21-worker-xcode/Build/Intermediates.noindex/Lectern.build/Debug/Lectern.build/Objects-normal/arm64/Lectern-Swift.h -working-directory /path/to/user/.codex/worktrees/rostrum-metadata/rostrum/Lectern -experimental-emit-module-separately -disable-cmo

SwiftDriverJobDiscovery normal arm64 Compiling PlatformPartialTableStylesRecipe.swift, PlatformTabRecipe.swift, PlatformTableDefaultsRecipe.swift, PlatformTableJoinProfilesRecipe.swift (in target 'LecternCore' from project 'LecternCore')

SwiftDriver\ Compilation LecternCore normal arm64 com.apple.xcode.tools.swift.compiler (in target 'LecternCore' from project 'LecternCore')
    cd /path/to/user/.codex/worktrees/rostrum-metadata/rostrum/Lectern/Lectern.xcodeproj
    builtin-Swift-Compilation -- /Applications/Xcode.app/Contents/Developer/Toolchains/XcodeDefault.xctoolchain/usr/bin/swiftc -parse-as-library -module-name LecternCore -Onone @/tmp/lectern-transitions21-worker-xcode/Build/Intermediates.noindex/LecternCore.build/Debug/LecternCore-t.build/Objects-normal/arm64/LecternCore.SwiftFileList -DSWIFT_PACKAGE -DDEBUG -DSWIFT_MODULE_RESOURCE_BUNDLE_AVAILABLE -DXcode -plugin-path /Applications/Xcode.app/Contents/Developer/Toolchains/XcodeDefault.xctoolchain/usr/lib/swift/host/plugins/testing -enable-experimental-feature DebugDescriptionMacro -sdk /Applications/Xcode.app/Contents/Developer/Platforms/MacOSX.platform/Developer/SDKs/MacOSX27.0.sdk -target arm64-apple-macos13.0 -g -module-cache-path /tmp/lectern-transitions21-worker-xcode/ModuleCache.noindex -Xfrontend -serialize-debugging-options -enable-testing -index-store-path /tmp/lectern-transitions21-worker-xcode/Index.noindex/DataStore -Xcc -D_LIBCPP_HARDENING_MODE\=_LIBCPP_HARDENING_MODE_DEBUG -swift-version 6 -I /tmp/lectern-transitions21-worker-xcode/Build/Products/Debug -Isystem /Applications/Xcode.app/Contents/Developer/Platforms/MacOSX.platform/Developer/usr/lib -F /tmp/lectern-transitions21-worker-xcode/Build/Products/Debug/PackageFrameworks -F /tmp/lectern-transitions21-worker-xcode/Build/Products/Debug -F /Applications/Xcode.app/Contents/Developer/Platforms/MacOSX.platform/Developer/Library/Frameworks -c -j18 -enable-batch-mode -incremental -Xcc -ivfsstatcache -Xcc /tmp/lectern-transitions21-worker-xcode/SDKStatCaches.noindex/macosx27.0-26A425-e829b21a6f8c9b70876ba0858053c0447231f6df4def33e022ae2eb8f782df1a.sdkstatcache -output-file-map /tmp/lectern-transitions21-worker-xcode/Build/Intermediates.noindex/LecternCore.build/Debug/LecternCore-t.build/Objects-normal/arm64/LecternCore-OutputFileMap.json -save-temps -no-color-diagnostics -explicit-module-build -module-cache-path /tmp/lectern-transitions21-worker-xcode/Build/Intermediates.noindex/SwiftExplicitPrecompiledModules -clang-scanner-module-cache-path /tmp/lectern-transitions21-worker-xcode/ModuleCache.noindex -sdk-module-cache-path /tmp/lectern-transitions21-worker-xcode/SDKExplicitPrecompiledModules -emit-dependencies -emit-module -emit-module-path /tmp/lectern-transitions21-worker-xcode/Build/Intermediates.noindex/LecternCore.build/Debug/LecternCore-t.build/Objects-normal/arm64/LecternCore.swiftmodule -serialize-diagnostics -dependency-scan-serialize-diagnostics-path /tmp/lectern-transitions21-worker-xcode/Build/Intermediates.noindex/LecternCore.build/Debug/LecternCore-t.build/Objects-normal/arm64/LecternCore-dependency-scan.dia -validate-clang-modules-once -clang-build-session-file /tmp/lectern-transitions21-worker-xcode/ModuleCache.noindex/Session.modulevalidation -Xcc -fmodules-prune-interval\=86400 -Xcc -fmodules-prune-after\=345600 -package-name lectern -emit-const-values -const-gather-protocols-list /tmp/lectern-transitions21-worker-xcode/Build/Intermediates.noindex/LecternCore.build/Debug/LecternCore-t.build/Objects-normal/arm64/LecternCore_const_extract_protocols.json -Xcc -I/tmp/lectern-transitions21-worker-xcode/Build/Products/Debug/include -Xcc -I/tmp/lectern-transitions21-worker-xcode/Build/Intermediates.noindex/LecternCore.build/Debug/LecternCore-t.build/DerivedSources-normal/arm64 -Xcc -I/tmp/lectern-transitions21-worker-xcode/Build/Intermediates.noindex/LecternCore.build/Debug/LecternCore-t.build/DerivedSources/arm64 -Xcc -I/tmp/lectern-transitions21-worker-xcode/Build/Intermediates.noindex/LecternCore.build/Debug/LecternCore-t.build/DerivedSources -Xcc -DSWIFT_PACKAGE -Xcc -DDEBUG\=1 -emit-objc-header -emit-objc-header-path /tmp/lectern-transitions21-worker-xcode/Build/Intermediates.noindex/LecternCore.build/Debug/LecternCore-t.build/Objects-normal/arm64/LecternCore-Swift.h -working-directory /path/to/user/.codex/worktrees/rostrum-metadata/rostrum/Lectern/Lectern.xcodeproj -experimental-emit-module-separately -disable-cmo

Ld /tmp/lectern-transitions21-worker-xcode/Build/Products/Debug/LecternCore.o normal (in target 'LecternCore' from project 'LecternCore')
    cd /path/to/user/.codex/worktrees/rostrum-metadata/rostrum/Lectern
    /Applications/Xcode.app/Contents/Developer/Toolchains/XcodeDefault.xctoolchain/usr/bin/clang -Xlinker -reproducible -target arm64-apple-macos13.0 -r -isysroot /Applications/Xcode.app/Contents/Developer/Platforms/MacOSX.platform/Developer/SDKs/MacOSX27.0.sdk -O0 -Xlinker -no_warn_duplicate_libraries -F/tmp/lectern-transitions21-worker-xcode/Build/Intermediates.noindex/EagerLinkingTBDs/Debug -F/tmp/lectern-transitions21-worker-xcode/Build/Products/Debug/PackageFrameworks -F/tmp/lectern-transitions21-worker-xcode/Build/Products/Debug -iframework /Applications/Xcode.app/Contents/Developer/Platforms/MacOSX.platform/Developer/Library/Frameworks -filelist /tmp/lectern-transitions21-worker-xcode/Build/Intermediates.noindex/LecternCore.build/Debug/LecternCore-t.build/Objects-normal/arm64/LecternCore.LinkFileList -nostdlib -Xlinker -object_path_lto -Xlinker /tmp/lectern-transitions21-worker-xcode/Build/Intermediates.noindex/LecternCore.build/Debug/LecternCore-t.build/Objects-normal/arm64/LecternCore_lto.o -Xlinker -no_deduplicate -Xlinker -dependency_info -Xlinker /tmp/lectern-transitions21-worker-xcode/Build/Intermediates.noindex/LecternCore.build/Debug/LecternCore-t.build/Objects-normal/arm64/LecternCore_dependency_info.dat -fobjc-link-runtime -L/Applications/Xcode.app/Contents/Developer/Toolchains/XcodeDefault.xctoolchain/usr/lib/swift/macosx -L/usr/lib/swift -Xlinker -add_ast_path -Xlinker /tmp/lectern-transitions21-worker-xcode/Build/Intermediates.noindex/LecternCore.build/Debug/LecternCore-t.build/Objects-normal/arm64/LecternCore.swiftmodule -o /tmp/lectern-transitions21-worker-xcode/Build/Products/Debug/LecternCore.o

ExtractAppIntentsMetadata (in target 'LecternCore' from project 'LecternCore')
    cd /path/to/user/.codex/worktrees/rostrum-metadata/rostrum/Lectern
    /Applications/Xcode.app/Contents/Developer/Toolchains/XcodeDefault.xctoolchain/usr/bin/appintentsmetadataprocessor --toolchain-dir /var/run/com.apple.security.cryptexd/mnt/com.apple.MobileAsset.MetalToolchain-v27.1.266.1.vjktuc/Metal.xctoolchain --module-name LecternCore --sdk-root /Applications/Xcode.app/Contents/Developer/Platforms/MacOSX.platform/Developer/SDKs/MacOSX27.0.sdk --xcode-version 27A266a --platform-family macOS --deployment-target 13.0 --bundle-identifier lectern.LecternCore --output /tmp/lectern-transitions21-worker-xcode/Build/Products/Debug/LecternCore.appintents --target-triple arm64-apple-macos13.0 --binary-file /tmp/lectern-transitions21-worker-xcode/Build/Products/Debug/LecternCore.o --dependency-file /tmp/lectern-transitions21-worker-xcode/Build/Intermediates.noindex/LecternCore.build/Debug/LecternCore-t.build/Objects-normal/arm64/LecternCore_dependency_info.dat --stringsdata-file /tmp/lectern-transitions21-worker-xcode/Build/Intermediates.noindex/LecternCore.build/Debug/LecternCore-t.build/Objects-normal/arm64/ExtractedAppShortcutsMetadata.stringsdata --source-file-list /tmp/lectern-transitions21-worker-xcode/Build/Intermediates.noindex/LecternCore.build/Debug/LecternCore-t.build/Objects-normal/arm64/LecternCore.SwiftFileList --metadata-file-list /tmp/lectern-transitions21-worker-xcode/Build/Intermediates.noindex/LecternCore.build/Debug/LecternCore-t.build/LecternCore.DependencyMetadataFileList --static-metadata-file-list /tmp/lectern-transitions21-worker-xcode/Build/Intermediates.noindex/LecternCore.build/Debug/LecternCore-t.build/LecternCore.DependencyStaticMetadataFileList --swift-const-vals-list /tmp/lectern-transitions21-worker-xcode/Build/Intermediates.noindex/LecternCore.build/Debug/LecternCore-t.build/Objects-normal/arm64/LecternCore.SwiftConstValuesFileList --force --compile-time-extraction --deployment-aware-processing --no-app-shortcuts-localization
2026-10-04 19:23:25.519 appintentsmetadataprocessor[88942:7844132] Starting appintentsmetadataprocessor export
2026-10-04 19:23:25.557 appintentsmetadataprocessor[88942:7844132] Extracted no relevant App Intents symbols, skipping writing output

CpResource /tmp/lectern-transitions21-worker-xcode/Build/Products/Debug/PackageFrameworks/LecternCore_44D1C1332000B761_PackageProduct.framework/Versions/A/Resources/LecternCore_LecternCore.bundle /tmp/lectern-transitions21-worker-xcode/Build/Products/Debug/LecternCore_LecternCore.bundle (in target 'LecternCoredynamic-product' from project 'LecternCore')
    cd /path/to/user/.codex/worktrees/rostrum-metadata/rostrum/Lectern
    builtin-copy -exclude .DS_Store -exclude CVS -exclude .svn -exclude .git -exclude .hg -resolve-src-symlinks /tmp/lectern-transitions21-worker-xcode/Build/Products/Debug/LecternCore_LecternCore.bundle /tmp/lectern-transitions21-worker-xcode/Build/Products/Debug/PackageFrameworks/LecternCore_44D1C1332000B761_PackageProduct.framework/Versions/A/Resources

ProcessInfoPlistFile /tmp/lectern-transitions21-worker-xcode/Build/Products/Debug/PackageFrameworks/LecternCore_44D1C1332000B761_PackageProduct.framework/Versions/A/Resources/Info.plist /tmp/lectern-transitions21-worker-xcode/Build/Intermediates.noindex/LecternCore.build/Debug/LecternCore-product-t.build/empty-LecternCore_44D1C1332000B761_PackageProduct.plist (in target 'LecternCoredynamic-product' from project 'LecternCore')
    cd /path/to/user/.codex/worktrees/rostrum-metadata/rostrum/Lectern
    builtin-infoPlistUtility /tmp/lectern-transitions21-worker-xcode/Build/Intermediates.noindex/LecternCore.build/Debug/LecternCore-product-t.build/empty-LecternCore_44D1C1332000B761_PackageProduct.plist -producttype com.apple.product-type.framework -expandbuildsettings -platform macosx -o /tmp/lectern-transitions21-worker-xcode/Build/Products/Debug/PackageFrameworks/LecternCore_44D1C1332000B761_PackageProduct.framework/Versions/A/Resources/Info.plist

Ld /tmp/lectern-transitions21-worker-xcode/Build/Products/Debug/PackageFrameworks/LecternCore_44D1C1332000B761_PackageProduct.framework/Versions/A/LecternCore_44D1C1332000B761_PackageProduct normal (in target 'LecternCoredynamic-product' from project 'LecternCore')
    cd /path/to/user/.codex/worktrees/rostrum-metadata/rostrum/Lectern
    /Applications/Xcode.app/Contents/Developer/Toolchains/XcodeDefault.xctoolchain/usr/bin/swiftc -Xlinker -reproducible -target arm64-apple-macos13.0 -emit-library -sdk /Applications/Xcode.app/Contents/Developer/Platforms/MacOSX.platform/Developer/SDKs/MacOSX27.0.sdk -Xlinker -no_warn_duplicate_libraries -L/tmp/lectern-transitions21-worker-xcode/Build/Intermediates.noindex/EagerLinkingTBDs/Debug -L/tmp/lectern-transitions21-worker-xcode/Build/Products/Debug -L/Applications/Xcode.app/Contents/Developer/Platforms/MacOSX.platform/Developer/usr/lib -F/tmp/lectern-transitions21-worker-xcode/Build/Intermediates.noindex/EagerLinkingTBDs/Debug -F/tmp/lectern-transitions21-worker-xcode/Build/Products/Debug/PackageFrameworks -F/tmp/lectern-transitions21-worker-xcode/Build/Products/Debug -Fsystem /Applications/Xcode.app/Contents/Developer/Platforms/MacOSX.platform/Developer/Library/Frameworks @/tmp/lectern-transitions21-worker-xcode/Build/Intermediates.noindex/LecternCore.build/Debug/LecternCore-product-t.build/Objects-normal/arm64/LecternCore_44D1C1332000B761_PackageProduct.LinkFileList -Xclang-linker -install_name -Xclang-linker @rpath/LecternCore_44D1C1332000B761_PackageProduct.framework/Versions/A/LecternCore_44D1C1332000B761_PackageProduct -Xlinker -rpath -Xlinker /usr/lib/swift -Xlinker -rpath -Xlinker @loader_path -Xlinker -rpath -Xlinker /tmp/lectern-transitions21-worker-xcode/Build/Products/Debug/PackageFrameworks -Xlinker -object_path_lto -Xlinker /tmp/lectern-transitions21-worker-xcode/Build/Intermediates.noindex/LecternCore.build/Debug/LecternCore-product-t.build/Objects-normal/arm64/LecternCore_44D1C1332000B761_PackageProduct_lto.o -Xclang-linker -rdynamic -Xlinker -no_deduplicate -Xlinker -dependency_info -Xlinker /tmp/lectern-transitions21-worker-xcode/Build/Intermediates.noindex/LecternCore.build/Debug/LecternCore-product-t.build/Objects-normal/arm64/LecternCore_44D1C1332000B761_PackageProduct_dependency_info.dat -link-objc-runtime -L/Applications/Xcode.app/Contents/Developer/Toolchains/XcodeDefault.xctoolchain/usr/lib/swift/macosx -L/usr/lib/swift /tmp/lectern-transitions21-worker-xcode/Build/Products/Debug/PackageFrameworks/Rostrum.framework/Versions/A/Rostrum /tmp/lectern-transitions21-worker-xcode/Build/Products/Debug/PackageFrameworks/RostrumLayout_41E2EB293FB7CC87_PackageProduct.framework/Versions/A/RostrumLayout_41E2EB293FB7CC87_PackageProduct -o /tmp/lectern-transitions21-worker-xcode/Build/Products/Debug/PackageFrameworks/LecternCore_44D1C1332000B761_PackageProduct.framework/Versions/A/LecternCore_44D1C1332000B761_PackageProduct -no-stdlib-rpath

GenerateTAPI /tmp/lectern-transitions21-worker-xcode/Build/Intermediates.noindex/EagerLinkingTBDs/Debug/LecternCore_44D1C1332000B761_PackageProduct.framework/Versions/A/LecternCore_44D1C1332000B761_PackageProduct.tbd (in target 'LecternCoredynamic-product' from project 'LecternCore')
    cd /path/to/user/.codex/worktrees/rostrum-metadata/rostrum/Lectern
    /Applications/Xcode.app/Contents/Developer/Toolchains/XcodeDefault.xctoolchain/usr/bin/tapi stubify -isysroot /Applications/Xcode.app/Contents/Developer/Platforms/MacOSX.platform/Developer/SDKs/MacOSX27.0.sdk -F/tmp/lectern-transitions21-worker-xcode/Build/Products/Debug/PackageFrameworks -F/tmp/lectern-transitions21-worker-xcode/Build/Products/Debug/PackageFrameworks -F/tmp/lectern-transitions21-worker-xcode/Build/Products/Debug/PackageFrameworks -F/tmp/lectern-transitions21-worker-xcode/Build/Products/Debug -iframework /Applications/Xcode.app/Contents/Developer/Platforms/MacOSX.platform/Developer/Library/Frameworks -L/tmp/lectern-transitions21-worker-xcode/Build/Products/Debug -L/Applications/Xcode.app/Contents/Developer/Platforms/MacOSX.platform/Developer/usr/lib /tmp/lectern-transitions21-worker-xcode/Build/Products/Debug/PackageFrameworks/LecternCore_44D1C1332000B761_PackageProduct.framework/Versions/A/LecternCore_44D1C1332000B761_PackageProduct -o /tmp/lectern-transitions21-worker-xcode/Build/Intermediates.noindex/EagerLinkingTBDs/Debug/LecternCore_44D1C1332000B761_PackageProduct.framework/Versions/A/LecternCore_44D1C1332000B761_PackageProduct.tbd

RegisterExecutionPolicyException /tmp/lectern-transitions21-worker-xcode/Build/Products/Debug/PackageFrameworks/LecternCore_44D1C1332000B761_PackageProduct.framework (in target 'LecternCoredynamic-product' from project 'LecternCore')
    cd /path/to/user/.codex/worktrees/rostrum-metadata/rostrum/Lectern
    builtin-RegisterExecutionPolicyException /tmp/lectern-transitions21-worker-xcode/Build/Products/Debug/PackageFrameworks/LecternCore_44D1C1332000B761_PackageProduct.framework

Touch /tmp/lectern-transitions21-worker-xcode/Build/Products/Debug/PackageFrameworks/LecternCore_44D1C1332000B761_PackageProduct.framework (in target 'LecternCoredynamic-product' from project 'LecternCore')
    cd /path/to/user/.codex/worktrees/rostrum-metadata/rostrum/Lectern
    /usr/bin/touch -c /tmp/lectern-transitions21-worker-xcode/Build/Products/Debug/PackageFrameworks/LecternCore_44D1C1332000B761_PackageProduct.framework

SymLink /tmp/lectern-transitions21-worker-xcode/Build/Intermediates.noindex/EagerLinkingTBDs/Debug/LecternCore_44D1C1332000B761_PackageProduct.framework/LecternCore_44D1C1332000B761_PackageProduct.tbd /tmp/lectern-transitions21-worker-xcode/Build/Intermediates.noindex/EagerLinkingTBDs/Debug/LecternCore_44D1C1332000B761_PackageProduct.framework/Versions/A/LecternCore_44D1C1332000B761_PackageProduct.tbd (in target 'LecternCoredynamic-product' from project 'LecternCore')
    cd /path/to/user/.codex/worktrees/rostrum-metadata/rostrum/Lectern
    /bin/ln -sfh /tmp/lectern-transitions21-worker-xcode/Build/Intermediates.noindex/EagerLinkingTBDs/Debug/LecternCore_44D1C1332000B761_PackageProduct.framework/Versions/A/LecternCore_44D1C1332000B761_PackageProduct.tbd /tmp/lectern-transitions21-worker-xcode/Build/Intermediates.noindex/EagerLinkingTBDs/Debug/LecternCore_44D1C1332000B761_PackageProduct.framework/LecternCore_44D1C1332000B761_PackageProduct.tbd

CpResource /tmp/lectern-transitions21-worker-xcode/Build/Products/Debug/Lectern.app/Contents/Resources/Styles /path/to/user/.codex/worktrees/rostrum-metadata/rostrum/Lectern/App/Resources/Styles (in target 'Lectern' from project 'Lectern')
    cd /path/to/user/.codex/worktrees/rostrum-metadata/rostrum/Lectern
    builtin-copy -exclude .DS_Store -exclude CVS -exclude .svn -exclude .git -exclude .hg -resolve-src-symlinks /path/to/user/.codex/worktrees/rostrum-metadata/rostrum/Lectern/App/Resources/Styles /tmp/lectern-transitions21-worker-xcode/Build/Products/Debug/Lectern.app/Contents/Resources

Copy /tmp/lectern-transitions21-worker-xcode/Build/Products/Debug/Lectern.app/Contents/Resources/LecternCore_LecternCore.bundle /tmp/lectern-transitions21-worker-xcode/Build/Products/Debug/LecternCore_LecternCore.bundle (in target 'Lectern' from project 'Lectern')
    cd /path/to/user/.codex/worktrees/rostrum-metadata/rostrum/Lectern
    builtin-copy -exclude .DS_Store -exclude CVS -exclude .svn -exclude .git -exclude .hg -resolve-src-symlinks /tmp/lectern-transitions21-worker-xcode/Build/Products/Debug/LecternCore_LecternCore.bundle /tmp/lectern-transitions21-worker-xcode/Build/Products/Debug/Lectern.app/Contents/Resources

Ld /tmp/lectern-transitions21-worker-xcode/Build/Products/Debug/Lectern.app/Contents/MacOS/__preview.dylib normal (in target 'Lectern' from project 'Lectern')
    cd /path/to/user/.codex/worktrees/rostrum-metadata/rostrum/Lectern
    /Applications/Xcode.app/Contents/Developer/Toolchains/XcodeDefault.xctoolchain/usr/bin/clang -Xlinker -reproducible -target arm64-apple-macos26.0 -dynamiclib -isysroot /Applications/Xcode.app/Contents/Developer/Platforms/MacOSX.platform/Developer/SDKs/MacOSX27.0.sdk -O0 -Xlinker -no_warn_duplicate_libraries -L/tmp/lectern-transitions21-worker-xcode/Build/Products/Debug -F/tmp/lectern-transitions21-worker-xcode/Build/Products/Debug/PackageFrameworks -F/tmp/lectern-transitions21-worker-xcode/Build/Products/Debug -install_name @rpath/Lectern.debug.dylib -rdynamic -Xlinker -no_deduplicate -Xlinker -dependency_info -Xlinker /tmp/lectern-transitions21-worker-xcode/Build/Intermediates.noindex/Lectern.build/Debug/Lectern.build/Objects-normal/arm64/Lectern_dependency_info.dat -Xlinker -no_adhoc_codesign -o /tmp/lectern-transitions21-worker-xcode/Build/Products/Debug/Lectern.app/Contents/MacOS/__preview.dylib

Copy /tmp/lectern-transitions21-worker-xcode/Build/Products/Debug/Lectern.app/Contents/Frameworks/LecternCore_44D1C1332000B761_PackageProduct.framework /tmp/lectern-transitions21-worker-xcode/Build/Products/Debug/PackageFrameworks/LecternCore_44D1C1332000B761_PackageProduct.framework (in target 'Lectern' from project 'Lectern')
    cd /path/to/user/.codex/worktrees/rostrum-metadata/rostrum/Lectern
    builtin-copy -exclude .DS_Store -exclude CVS -exclude .svn -exclude .git -exclude .hg -resolve-src-symlinks -remove-static-executable /tmp/lectern-transitions21-worker-xcode/Build/Products/Debug/PackageFrameworks/LecternCore_44D1C1332000B761_PackageProduct.framework /tmp/lectern-transitions21-worker-xcode/Build/Products/Debug/Lectern.app/Contents/Frameworks

Copy /tmp/lectern-transitions21-worker-xcode/Build/Products/Debug/Lectern.app/Contents/Frameworks/Rostrum.framework /tmp/lectern-transitions21-worker-xcode/Build/Products/Debug/PackageFrameworks/Rostrum.framework (in target 'Lectern' from project 'Lectern')
    cd /path/to/user/.codex/worktrees/rostrum-metadata/rostrum/Lectern
    builtin-copy -exclude .DS_Store -exclude CVS -exclude .svn -exclude .git -exclude .hg -resolve-src-symlinks -remove-static-executable /tmp/lectern-transitions21-worker-xcode/Build/Products/Debug/PackageFrameworks/Rostrum.framework /tmp/lectern-transitions21-worker-xcode/Build/Products/Debug/Lectern.app/Contents/Frameworks

Copy /tmp/lectern-transitions21-worker-xcode/Build/Products/Debug/Lectern.app/Contents/Frameworks/RostrumLayout_41E2EB293FB7CC87_PackageProduct.framework /tmp/lectern-transitions21-worker-xcode/Build/Products/Debug/PackageFrameworks/RostrumLayout_41E2EB293FB7CC87_PackageProduct.framework (in target 'Lectern' from project 'Lectern')
    cd /path/to/user/.codex/worktrees/rostrum-metadata/rostrum/Lectern
    builtin-copy -exclude .DS_Store -exclude CVS -exclude .svn -exclude .git -exclude .hg -resolve-src-symlinks -remove-static-executable /tmp/lectern-transitions21-worker-xcode/Build/Products/Debug/PackageFrameworks/RostrumLayout_41E2EB293FB7CC87_PackageProduct.framework /tmp/lectern-transitions21-worker-xcode/Build/Products/Debug/Lectern.app/Contents/Frameworks

CodeSign /tmp/lectern-transitions21-worker-xcode/Build/Products/Debug/Lectern.app/Contents/Frameworks/RostrumLayout_41E2EB293FB7CC87_PackageProduct.framework/Versions/A (in target 'Lectern' from project 'Lectern')
    cd /path/to/user/.codex/worktrees/rostrum-metadata/rostrum/Lectern

    Signing Identity:     "Apple Development: Local Developer"

    /usr/bin/codesign --force --sign 7B35F3DA522EE581F12475E7DD419B93C1AF1C6D --timestamp\=none --preserve-metadata\=identifier,entitlements,flags --generate-entitlement-der /tmp/lectern-transitions21-worker-xcode/Build/Products/Debug/Lectern.app/Contents/Frameworks/RostrumLayout_41E2EB293FB7CC87_PackageProduct.framework/Versions/A
/tmp/lectern-transitions21-worker-xcode/Build/Products/Debug/Lectern.app/Contents/Frameworks/RostrumLayout_41E2EB293FB7CC87_PackageProduct.framework/Versions/A: replacing existing signature

CodeSign /tmp/lectern-transitions21-worker-xcode/Build/Products/Debug/Lectern.app/Contents/Frameworks/Rostrum.framework/Versions/A (in target 'Lectern' from project 'Lectern')
    cd /path/to/user/.codex/worktrees/rostrum-metadata/rostrum/Lectern

    Signing Identity:     "Apple Development: Local Developer"

    /usr/bin/codesign --force --sign 7B35F3DA522EE581F12475E7DD419B93C1AF1C6D --timestamp\=none --preserve-metadata\=identifier,entitlements,flags --generate-entitlement-der /tmp/lectern-transitions21-worker-xcode/Build/Products/Debug/Lectern.app/Contents/Frameworks/Rostrum.framework/Versions/A
/tmp/lectern-transitions21-worker-xcode/Build/Products/Debug/Lectern.app/Contents/Frameworks/Rostrum.framework/Versions/A: replacing existing signature

ProcessInfoPlistFile /tmp/lectern-transitions21-worker-xcode/Build/Products/Debug/Lectern.app/Contents/Info.plist /tmp/lectern-transitions21-worker-xcode/Build/Intermediates.noindex/Lectern.build/Debug/Lectern.build/empty-Lectern.plist (in target 'Lectern' from project 'Lectern')
    cd /path/to/user/.codex/worktrees/rostrum-metadata/rostrum/Lectern
    builtin-infoPlistUtility /tmp/lectern-transitions21-worker-xcode/Build/Intermediates.noindex/Lectern.build/Debug/Lectern.build/empty-Lectern.plist -producttype com.apple.product-type.application -genpkginfo /tmp/lectern-transitions21-worker-xcode/Build/Products/Debug/Lectern.app/Contents/PkgInfo -expandbuildsettings -platform macosx -additionalcontentfile /tmp/lectern-transitions21-worker-xcode/Build/Intermediates.noindex/Lectern.build/Debug/Lectern.build/assetcatalog_generated_info.plist -scanforprivacyfile /tmp/lectern-transitions21-worker-xcode/Build/Products/Debug/Lectern.app/Contents/Frameworks/LecternCore_44D1C1332000B761_PackageProduct.framework -scanforprivacyfile /tmp/lectern-transitions21-worker-xcode/Build/Products/Debug/Lectern.app/Contents/Frameworks/Rostrum.framework -scanforprivacyfile /tmp/lectern-transitions21-worker-xcode/Build/Products/Debug/Lectern.app/Contents/Frameworks/RostrumLayout_41E2EB293FB7CC87_PackageProduct.framework -scanforprivacyfile /tmp/lectern-transitions21-worker-xcode/Build/Products/Debug/Lectern.app/Contents/Resources/LecternCore_LecternCore.bundle -o /tmp/lectern-transitions21-worker-xcode/Build/Products/Debug/Lectern.app/Contents/Info.plist

CodeSign /tmp/lectern-transitions21-worker-xcode/Build/Products/Debug/Lectern.app/Contents/Frameworks/LecternCore_44D1C1332000B761_PackageProduct.framework/Versions/A (in target 'Lectern' from project 'Lectern')
    cd /path/to/user/.codex/worktrees/rostrum-metadata/rostrum/Lectern

    Signing Identity:     "Apple Development: Local Developer"

    /usr/bin/codesign --force --sign 7B35F3DA522EE581F12475E7DD419B93C1AF1C6D --timestamp\=none --preserve-metadata\=identifier,entitlements,flags --generate-entitlement-der /tmp/lectern-transitions21-worker-xcode/Build/Products/Debug/Lectern.app/Contents/Frameworks/LecternCore_44D1C1332000B761_PackageProduct.framework/Versions/A
/tmp/lectern-transitions21-worker-xcode/Build/Products/Debug/Lectern.app/Contents/Frameworks/LecternCore_44D1C1332000B761_PackageProduct.framework/Versions/A: replacing existing signature

SwiftExplicitDependencyGeneratePcm arm64 /tmp/lectern-transitions21-worker-xcode/SDKExplicitPrecompiledModules/ptrcheck-B5OLSZBEFXTN37VJ9H2VBJST8.pcm

SwiftExplicitDependencyGeneratePcm arm64 /tmp/lectern-transitions21-worker-xcode/SDKExplicitPrecompiledModules/_Builtin_float-7ZO2JT7WFKIW23L8ZULHA6UMF.pcm

SwiftExplicitDependencyGeneratePcm arm64 /tmp/lectern-transitions21-worker-xcode/SDKExplicitPrecompiledModules/_AvailabilityInternal-9TP008W9SN0NASAPWAPRI7X23.pcm

SwiftExplicitDependencyGeneratePcm arm64 /tmp/lectern-transitions21-worker-xcode/SDKExplicitPrecompiledModules/SwiftShims-87623MRY2GCD18J3O69YH5RQN.pcm

SwiftExplicitDependencyGeneratePcm arm64 /tmp/lectern-transitions21-worker-xcode/SDKExplicitPrecompiledModules/_SwiftConcurrencyShims-3O950I322H87RI03YSCR41U6S.pcm

SwiftExplicitDependencyGeneratePcm arm64 /tmp/lectern-transitions21-worker-xcode/SDKExplicitPrecompiledModules/_Builtin_stdbool-EBA5D2SFAZAT2AA12FO8UVTSF.pcm

SwiftExplicitDependencyGeneratePcm arm64 /tmp/lectern-transitions21-worker-xcode/SDKExplicitPrecompiledModules/_Builtin_stddef-50P6ZPGEI3ZNRE8OZBMPNGUA3.pcm

SwiftExplicitDependencyGeneratePcm arm64 /tmp/lectern-transitions21-worker-xcode/SDKExplicitPrecompiledModules/_Builtin_stdarg-37LRMUVN47ATFTV4UBJG9E2KR.pcm

SwiftExplicitDependencyGeneratePcm arm64 /tmp/lectern-transitions21-worker-xcode/SDKExplicitPrecompiledModules/DeveloperToolsSupport-61JASWK3PXA1M3GACHUWG4EFN.pcm

SwiftExplicitDependencyGeneratePcm arm64 /tmp/lectern-transitions21-worker-xcode/SDKExplicitPrecompiledModules/ptrauth-5RKGV28HFW5SNBYFTQW8NULUA.pcm

SwiftExplicitDependencyGeneratePcm arm64 /tmp/lectern-transitions21-worker-xcode/SDKExplicitPrecompiledModules/_DarwinFoundation1-1WY3XOB8JL34M3FR6W8MQCZT3.pcm

SwiftExplicitDependencyGeneratePcm arm64 /tmp/lectern-transitions21-worker-xcode/SDKExplicitPrecompiledModules/ExtensionFoundation-CGDZUWMAOARVLXU3VYXF3P8PD.pcm

SwiftExplicitDependencyGeneratePcm arm64 /tmp/lectern-transitions21-worker-xcode/SDKExplicitPrecompiledModules/_Builtin_limits-60V3OUD7A8A1J21N3UXBL69R5.pcm

SwiftExplicitDependencyGeneratePcm arm64 /tmp/lectern-transitions21-worker-xcode/SDKExplicitPrecompiledModules/_DarwinFoundation2-4OH2GVT1Q27B1H1VQNOVJM9D1.pcm

SwiftExplicitDependencyGeneratePcm arm64 /tmp/lectern-transitions21-worker-xcode/SDKExplicitPrecompiledModules/_Builtin_tgmath-130ZJIX1DSMKHEJ65QLE6U9P0.pcm

SwiftExplicitDependencyGeneratePcm arm64 /tmp/lectern-transitions21-worker-xcode/SDKExplicitPrecompiledModules/string_h-ATNTGK14U7VA54MCFH01E9FDY.pcm

SwiftExplicitDependencyGeneratePcm arm64 /tmp/lectern-transitions21-worker-xcode/SDKExplicitPrecompiledModules/sys_types-6H9EQX1B4IFDCC9R42D5AHY7Z.pcm

SwiftExplicitDependencyGeneratePcm arm64 /tmp/lectern-transitions21-worker-xcode/SDKExplicitPrecompiledModules/_Builtin_stdint-ENGHINVZBYNGXQCSOR1BAY3TQ.pcm

SwiftExplicitDependencyGeneratePcm arm64 /tmp/lectern-transitions21-worker-xcode/SDKExplicitPrecompiledModules/_Builtin_stdatomic-DPXE3JNQ3BBG89X1B6FA82P47.pcm

SwiftExplicitDependencyGeneratePcm arm64 /tmp/lectern-transitions21-worker-xcode/SDKExplicitPrecompiledModules/_Builtin_intrinsics-5N7N9RHO2XA3BK8O7DXLBLMRI.pcm

SwiftExplicitDependencyGeneratePcm arm64 /tmp/lectern-transitions21-worker-xcode/SDKExplicitPrecompiledModules/libDER-70TD9ZR4A02ZPG4KXMUY6DLI0.pcm

SwiftExplicitDependencyGeneratePcm arm64 /tmp/lectern-transitions21-worker-xcode/SDKExplicitPrecompiledModules/_DarwinFoundation3-DVI2N79DJS565A0V0QFYS4COQ.pcm

SwiftExplicitDependencyGeneratePcm arm64 /tmp/lectern-transitions21-worker-xcode/SDKExplicitPrecompiledModules/_Builtin_inttypes-BHT045LKWMW29CGRJ9URCDX40.pcm

SwiftExplicitDependencyGeneratePcm arm64 /tmp/lectern-transitions21-worker-xcode/SDKExplicitPrecompiledModules/Darwin-EC62ZPTWZ27YVJ4TCVU3JV7B7.pcm

SwiftExplicitDependencyGeneratePcm arm64 /tmp/lectern-transitions21-worker-xcode/SDKExplicitPrecompiledModules/simd-DJ55O9U58UTFMMRZMFKXGN74U.pcm

SwiftExplicitDependencyGeneratePcm arm64 /tmp/lectern-transitions21-worker-xcode/SDKExplicitPrecompiledModules/libkern-ARR0DNR3ZO4CYXTXI5AAX2HNG.pcm

SwiftExplicitDependencyGeneratePcm arm64 /tmp/lectern-transitions21-worker-xcode/SDKExplicitPrecompiledModules/MachO-9AGKZ4G4N8D26ROKTFQ5DKT73.pcm

SwiftExplicitDependencyGeneratePcm arm64 /tmp/lectern-transitions21-worker-xcode/SDKExplicitPrecompiledModules/launch-11M1JKBBGYYTQ6WF57U97JRZL.pcm

SwiftExplicitDependencyGeneratePcm arm64 /tmp/lectern-transitions21-worker-xcode/SDKExplicitPrecompiledModules/CUPS-90R6UH1X877WL3ANJIJ7BS8O0.pcm

SwiftExplicitDependencyGeneratePcm arm64 /tmp/lectern-transitions21-worker-xcode/SDKExplicitPrecompiledModules/Spatial-614RK88MCUA6491IG7XBYN1V8.pcm

SwiftExplicitDependencyGeneratePcm arm64 /tmp/lectern-transitions21-worker-xcode/SDKExplicitPrecompiledModules/ObjectiveC-86LBWGT4DIJ0994V374A65OUN.pcm

SwiftExplicitDependencyGeneratePcm arm64 /tmp/lectern-transitions21-worker-xcode/SDKExplicitPrecompiledModules/os_object-6M2TVC1FQA6ADFW69CVFC827P.pcm

SwiftExplicitDependencyGeneratePcm arm64 /tmp/lectern-transitions21-worker-xcode/SDKExplicitPrecompiledModules/os_workgroup-C75IS4OV5CUADCF3097LB5E8L.pcm

SwiftExplicitDependencyGeneratePcm arm64 /tmp/lectern-transitions21-worker-xcode/SDKExplicitPrecompiledModules/Dispatch-59H9JQSY3M0IVEJ0KQ0238RNK.pcm

SwiftExplicitDependencyGeneratePcm arm64 /tmp/lectern-transitions21-worker-xcode/SDKExplicitPrecompiledModules/CoreFoundation-27IEOWN0YCEME9NV65GA1CJBU.pcm

SwiftExplicitDependencyGeneratePcm arm64 /tmp/lectern-transitions21-worker-xcode/SDKExplicitPrecompiledModules/dnssd-A1F8QL82M60XC7YE198A84UHM.pcm

SwiftExplicitDependencyGeneratePcm arm64 /tmp/lectern-transitions21-worker-xcode/SDKExplicitPrecompiledModules/XPC-72O4E7WJHZXMYU5AS2U4HR36R.pcm

SwiftExplicitDependencyGeneratePcm arm64 /tmp/lectern-transitions21-worker-xcode/SDKExplicitPrecompiledModules/os-AHEZCKUWUXL9KBSM6ARRSRI62.pcm

SwiftExplicitDependencyGeneratePcm arm64 /tmp/lectern-transitions21-worker-xcode/SDKExplicitPrecompiledModules/CFNetwork-AS42C0F23XTTXQ7RVWKZ8PW8M.pcm

SwiftExplicitDependencyGeneratePcm arm64 /tmp/lectern-transitions21-worker-xcode/SDKExplicitPrecompiledModules/IOKit-61RJKT6YIDA68XUIT59LE8LQD.pcm

SwiftExplicitDependencyGeneratePcm arm64 /tmp/lectern-transitions21-worker-xcode/SDKExplicitPrecompiledModules/Security-CSUMHNHLQLU02EIUZZWIZ3GEK.pcm

SwiftExplicitDependencyGeneratePcm arm64 /tmp/lectern-transitions21-worker-xcode/SDKExplicitPrecompiledModules/ColorSync-6W8YPAA37IULRMAS9SDO40ROH.pcm

SwiftExplicitDependencyGeneratePcm arm64 /tmp/lectern-transitions21-worker-xcode/SDKExplicitPrecompiledModules/CoreAudioTypes-1CJNO3NE9G7E5XVH37L58HGXC.pcm

SwiftExplicitDependencyGeneratePcm arm64 /tmp/lectern-transitions21-worker-xcode/SDKExplicitPrecompiledModules/CoreGraphics-29GY2WD5IOGTIBZS2E2I5JAUP.pcm

SwiftExplicitDependencyGeneratePcm arm64 /tmp/lectern-transitions21-worker-xcode/SDKExplicitPrecompiledModules/DiskArbitration-AN72KFLQAWX473V593UZMQ6GY.pcm

SwiftExplicitDependencyGeneratePcm arm64 /tmp/lectern-transitions21-worker-xcode/SDKExplicitPrecompiledModules/CoreServices-LXI0AD6NVMH1O7BWEKNGRAPK.pcm

SwiftExplicitDependencyGeneratePcm arm64 /tmp/lectern-transitions21-worker-xcode/SDKExplicitPrecompiledModules/ImageIO-6UDSTY7JJBW0HIAW014POZXJN.pcm

SwiftExplicitDependencyGeneratePcm arm64 /tmp/lectern-transitions21-worker-xcode/SDKExplicitPrecompiledModules/CoreText-C0OWJE7SW1H0AYSX417BOR0CE.pcm

SwiftExplicitDependencyGeneratePcm arm64 /tmp/lectern-transitions21-worker-xcode/SDKExplicitPrecompiledModules/Foundation-1SJTD639FRZW6S2BLD25226PL.pcm

SwiftExplicitDependencyGeneratePcm arm64 /tmp/lectern-transitions21-worker-xcode/SDKExplicitPrecompiledModules/IOSurface-2Q4N7KVR5HUY0ZGI4E7AAVWHA.pcm

SwiftExplicitDependencyGeneratePcm arm64 /tmp/lectern-transitions21-worker-xcode/SDKExplicitPrecompiledModules/CoreAudio-C9UMH575GM1P3OB4I3FAUDUFZ.pcm

SwiftExplicitDependencyGeneratePcm arm64 /tmp/lectern-transitions21-worker-xcode/SDKExplicitPrecompiledModules/Accessibility-8HBH37ACOGCCDJR36C999STP0.pcm

SwiftExplicitDependencyGeneratePcm arm64 /tmp/lectern-transitions21-worker-xcode/SDKExplicitPrecompiledModules/Symbols-59FUHSQCWSJJKOS440ZKTJWH5.pcm

SwiftExplicitDependencyGeneratePcm arm64 /tmp/lectern-transitions21-worker-xcode/SDKExplicitPrecompiledModules/CoreData-GAB8TFCMR8CIBWP26FXA2SRN.pcm

SwiftExplicitDependencyGeneratePcm arm64 /tmp/lectern-transitions21-worker-xcode/SDKExplicitPrecompiledModules/CoreTransferable-CYPGBCF00WSPBWS4YLD39Y8NJ.pcm

SwiftExplicitDependencyGeneratePcm arm64 /tmp/lectern-transitions21-worker-xcode/SDKExplicitPrecompiledModules/JavaScriptCore-AQ4TC10ISPT0DYYM12EF9MQI.pcm

SwiftExplicitDependencyGeneratePcm arm64 /tmp/lectern-transitions21-worker-xcode/SDKExplicitPrecompiledModules/ApplicationServices-3XSOC59QQILIETMQLD2KS746H.pcm

SwiftExplicitDependencyGeneratePcm arm64 /tmp/lectern-transitions21-worker-xcode/SDKExplicitPrecompiledModules/Network-866V31POAWQLYO646WVK0HG05.pcm

SwiftExplicitDependencyGeneratePcm arm64 /tmp/lectern-transitions21-worker-xcode/SDKExplicitPrecompiledModules/DataDetection-DD306CG2RA2NQSWZC5ETN29WX.pcm

SwiftExplicitDependencyGeneratePcm arm64 /tmp/lectern-transitions21-worker-xcode/SDKExplicitPrecompiledModules/OSLog-ARJYSISVX24NXYJ9LRPSAINZ4.pcm

SwiftExplicitDependencyGeneratePcm arm64 /tmp/lectern-transitions21-worker-xcode/SDKExplicitPrecompiledModules/UniformTypeIdentifiers-ARLJ8SSQY4HOSN4X9I2N0HYJ1.pcm

SwiftExplicitDependencyGeneratePcm arm64 /tmp/lectern-transitions21-worker-xcode/SDKExplicitPrecompiledModules/QuickLookThumbnailing-ECIPD7DS1ZYCE575Q2HTILUUA.pcm

SwiftExplicitDependencyGeneratePcm arm64 /tmp/lectern-transitions21-worker-xcode/SDKExplicitPrecompiledModules/Metal-8BCCTA27QATRCKB3XR399PXF0.pcm

SwiftExplicitDependencyGeneratePcm arm64 /tmp/lectern-transitions21-worker-xcode/SDKExplicitPrecompiledModules/OpenGL-8N9XY9IONN35JDESYMBNVCRYO.pcm

SwiftExplicitDependencyGeneratePcm arm64 /tmp/lectern-transitions21-worker-xcode/SDKExplicitPrecompiledModules/CoreVideo-BD4YHF5R2B4IUT6O0FCDLTWXC.pcm

SwiftExplicitDependencyGeneratePcm arm64 /tmp/lectern-transitions21-worker-xcode/SDKExplicitPrecompiledModules/CoreImage-BSGD7P536DX9URWDYQFMZ3WYR.pcm

SwiftExplicitDependencyGeneratePcm arm64 /tmp/lectern-transitions21-worker-xcode/SDKExplicitPrecompiledModules/CoreMedia-T9YRPSKKYUX1Z3JDGYJZZQ0H.pcm

SwiftExplicitDependencyGeneratePcm arm64 /tmp/lectern-transitions21-worker-xcode/SDKExplicitPrecompiledModules/QuartzCore-4GTT9T0A8K16MTR4PJC23EMKB.pcm

SwiftExplicitDependencyGeneratePcm arm64 /tmp/lectern-transitions21-worker-xcode/SDKExplicitPrecompiledModules/SwiftUICore-EJMRI1R023562WST7OIILXVNM.pcm

SwiftExplicitDependencyGeneratePcm arm64 /tmp/lectern-transitions21-worker-xcode/SDKExplicitPrecompiledModules/AppKit-C1XU5KZQFUEIKWVLFU13ELEAJ.pcm

SwiftExplicitDependencyGeneratePcm arm64 /tmp/lectern-transitions21-worker-xcode/SDKExplicitPrecompiledModules/WebKit-DOWHYXMUX1NVLAQQ5QLVDLXQI.pcm

SwiftExplicitDependencyGeneratePcm arm64 /tmp/lectern-transitions21-worker-xcode/SDKExplicitPrecompiledModules/Cocoa-3AEJOYY56V97KV8B4B0VY0FJ6.pcm

SwiftExplicitDependencyGeneratePcm arm64 /tmp/lectern-transitions21-worker-xcode/SDKExplicitPrecompiledModules/SwiftUI-2TPOY734WJBMH8BVL27FI4M0S.pcm

SwiftExplicitDependencyGeneratePcm arm64 /tmp/lectern-transitions21-worker-xcode/SDKExplicitPrecompiledModules/PDFKit-25ZW8SSLCLNXNVGDB9474JAN6.pcm

SwiftEmitModule normal arm64 Emitting\ module\ for\ Lectern (in target 'Lectern' from project 'Lectern')

SwiftCompile normal arm64 (in target 'Lectern' from project 'Lectern')
    cd /path/to/user/.codex/worktrees/rostrum-metadata/rostrum/Lectern


SwiftCompile normal arm64 Compiling\ TemplateSelectionModel.swift /path/to/user/.codex/worktrees/rostrum-metadata/rostrum/Lectern/App/TemplateSelectionModel.swift (in target 'Lectern' from project 'Lectern')

SwiftCompile normal arm64 /path/to/user/.codex/worktrees/rostrum-metadata/rostrum/Lectern/App/TemplateSelectionModel.swift (in target 'Lectern' from project 'Lectern')
    cd /path/to/user/.codex/worktrees/rostrum-metadata/rostrum/Lectern
    builtin-SwiftPerFileCompile TemplateSelectionModel.swift

SwiftCompile normal arm64 Compiling\ Theme.swift /path/to/user/.codex/worktrees/rostrum-metadata/rostrum/Lectern/App/Theme.swift (in target 'Lectern' from project 'Lectern')

SwiftCompile normal arm64 /path/to/user/.codex/worktrees/rostrum-metadata/rostrum/Lectern/App/Theme.swift (in target 'Lectern' from project 'Lectern')
    cd /path/to/user/.codex/worktrees/rostrum-metadata/rostrum/Lectern
    builtin-SwiftPerFileCompile Theme.swift

SwiftCompile normal arm64 Compiling\ StylePickerSheet.swift /path/to/user/.codex/worktrees/rostrum-metadata/rostrum/Lectern/App/StylePickerSheet.swift (in target 'Lectern' from project 'Lectern')

SwiftCompile normal arm64 /path/to/user/.codex/worktrees/rostrum-metadata/rostrum/Lectern/App/StylePickerSheet.swift (in target 'Lectern' from project 'Lectern')
    cd /path/to/user/.codex/worktrees/rostrum-metadata/rostrum/Lectern
    builtin-SwiftPerFileCompile StylePickerSheet.swift

SwiftCompile normal arm64 Compiling\ StyleThumbnail.swift /path/to/user/.codex/worktrees/rostrum-metadata/rostrum/Lectern/App/StyleThumbnail.swift (in target 'Lectern' from project 'Lectern')

SwiftCompile normal arm64 /path/to/user/.codex/worktrees/rostrum-metadata/rostrum/Lectern/App/StyleThumbnail.swift (in target 'Lectern' from project 'Lectern')
    cd /path/to/user/.codex/worktrees/rostrum-metadata/rostrum/Lectern
    builtin-SwiftPerFileCompile StyleThumbnail.swift

SwiftCompile normal arm64 Compiling\ SlidePreviewGeometry.swift /path/to/user/.codex/worktrees/rostrum-metadata/rostrum/Lectern/App/SlidePreviewGeometry.swift (in target 'Lectern' from project 'Lectern')

SwiftCompile normal arm64 /path/to/user/.codex/worktrees/rostrum-metadata/rostrum/Lectern/App/SlidePreviewGeometry.swift (in target 'Lectern' from project 'Lectern')
    cd /path/to/user/.codex/worktrees/rostrum-metadata/rostrum/Lectern
    builtin-SwiftPerFileCompile SlidePreviewGeometry.swift

SwiftCompile normal arm64 Compiling\ TemplatePickerCard.swift /path/to/user/.codex/worktrees/rostrum-metadata/rostrum/Lectern/App/TemplatePickerCard.swift (in target 'Lectern' from project 'Lectern')

SwiftCompile normal arm64 /path/to/user/.codex/worktrees/rostrum-metadata/rostrum/Lectern/App/TemplatePickerCard.swift (in target 'Lectern' from project 'Lectern')
    cd /path/to/user/.codex/worktrees/rostrum-metadata/rostrum/Lectern
    builtin-SwiftPerFileCompile TemplatePickerCard.swift

SwiftCompile normal arm64 Compiling\ SlideRasterizer.swift /path/to/user/.codex/worktrees/rostrum-metadata/rostrum/Lectern/App/SlideRasterizer.swift (in target 'Lectern' from project 'Lectern')

SwiftCompile normal arm64 /path/to/user/.codex/worktrees/rostrum-metadata/rostrum/Lectern/App/SlideRasterizer.swift (in target 'Lectern' from project 'Lectern')
    cd /path/to/user/.codex/worktrees/rostrum-metadata/rostrum/Lectern
    builtin-SwiftPerFileCompile SlideRasterizer.swift

SwiftCompile normal arm64 Compiling\ KeychainStore.swift,\ LecternApp.swift /path/to/user/.codex/worktrees/rostrum-metadata/rostrum/Lectern/App/KeychainStore.swift /path/to/user/.codex/worktrees/rostrum-metadata/rostrum/Lectern/App/LecternApp.swift (in target 'Lectern' from project 'Lectern')

SwiftCompile normal arm64 /path/to/user/.codex/worktrees/rostrum-metadata/rostrum/Lectern/App/KeychainStore.swift (in target 'Lectern' from project 'Lectern')
    cd /path/to/user/.codex/worktrees/rostrum-metadata/rostrum/Lectern
    builtin-SwiftPerFileCompile KeychainStore.swift

SwiftCompile normal arm64 /path/to/user/.codex/worktrees/rostrum-metadata/rostrum/Lectern/App/LecternApp.swift (in target 'Lectern' from project 'Lectern')
    cd /path/to/user/.codex/worktrees/rostrum-metadata/rostrum/Lectern
    builtin-SwiftPerFileCompile LecternApp.swift

SwiftCompile normal arm64 Compiling\ SettingsView.swift /path/to/user/.codex/worktrees/rostrum-metadata/rostrum/Lectern/App/SettingsView.swift (in target 'Lectern' from project 'Lectern')

SwiftCompile normal arm64 /path/to/user/.codex/worktrees/rostrum-metadata/rostrum/Lectern/App/SettingsView.swift (in target 'Lectern' from project 'Lectern')
    cd /path/to/user/.codex/worktrees/rostrum-metadata/rostrum/Lectern
    builtin-SwiftPerFileCompile SettingsView.swift

SwiftCompile normal arm64 Compiling\ PreviewDiagnosticsView.swift,\ RecoveryView.swift /path/to/user/.codex/worktrees/rostrum-metadata/rostrum/Lectern/App/PreviewDiagnosticsView.swift /path/to/user/.codex/worktrees/rostrum-metadata/rostrum/Lectern/App/RecoveryView.swift (in target 'Lectern' from project 'Lectern')

SwiftCompile normal arm64 /path/to/user/.codex/worktrees/rostrum-metadata/rostrum/Lectern/App/PreviewDiagnosticsView.swift (in target 'Lectern' from project 'Lectern')
    cd /path/to/user/.codex/worktrees/rostrum-metadata/rostrum/Lectern
    builtin-SwiftPerFileCompile PreviewDiagnosticsView.swift

SwiftCompile normal arm64 /path/to/user/.codex/worktrees/rostrum-metadata/rostrum/Lectern/App/RecoveryView.swift (in target 'Lectern' from project 'Lectern')
    cd /path/to/user/.codex/worktrees/rostrum-metadata/rostrum/Lectern
    builtin-SwiftPerFileCompile RecoveryView.swift

SwiftCompile normal arm64 Compiling\ DeckThumbnail.swift,\ InspectorView.swift /path/to/user/.codex/worktrees/rostrum-metadata/rostrum/Lectern/App/DeckThumbnail.swift /path/to/user/.codex/worktrees/rostrum-metadata/rostrum/Lectern/App/InspectorView.swift (in target 'Lectern' from project 'Lectern')

SwiftCompile normal arm64 /path/to/user/.codex/worktrees/rostrum-metadata/rostrum/Lectern/App/DeckThumbnail.swift (in target 'Lectern' from project 'Lectern')
    cd /path/to/user/.codex/worktrees/rostrum-metadata/rostrum/Lectern
    builtin-SwiftPerFileCompile DeckThumbnail.swift

SwiftCompile normal arm64 /path/to/user/.codex/worktrees/rostrum-metadata/rostrum/Lectern/App/InspectorView.swift (in target 'Lectern' from project 'Lectern')
    cd /path/to/user/.codex/worktrees/rostrum-metadata/rostrum/Lectern
    builtin-SwiftPerFileCompile InspectorView.swift

SwiftCompile normal arm64 Compiling\ AppState.swift,\ ContentView.swift /path/to/user/.codex/worktrees/rostrum-metadata/rostrum/Lectern/App/AppState.swift /path/to/user/.codex/worktrees/rostrum-metadata/rostrum/Lectern/App/ContentView.swift (in target 'Lectern' from project 'Lectern')

SwiftCompile normal arm64 /path/to/user/.codex/worktrees/rostrum-metadata/rostrum/Lectern/App/AppState.swift (in target 'Lectern' from project 'Lectern')
    cd /path/to/user/.codex/worktrees/rostrum-metadata/rostrum/Lectern
    builtin-SwiftPerFileCompile AppState.swift

SwiftCompile normal arm64 /path/to/user/.codex/worktrees/rostrum-metadata/rostrum/Lectern/App/ContentView.swift (in target 'Lectern' from project 'Lectern')
    cd /path/to/user/.codex/worktrees/rostrum-metadata/rostrum/Lectern
    builtin-SwiftPerFileCompile ContentView.swift

/path/to/user/.codex/worktrees/rostrum-metadata/rostrum/Lectern/App/AppState.swift:689:85: warning: 'weak' ownership of capture 'self' differs from implicitly-captured strong reference in outer scope [#ImplicitStrongCapture]
 649 |         let unreadableImageKey = Self.isUnreadable(imageKeyRead)
 650 |
 651 |         task = Task {
     |                     |- note: 'self' implicitly strongly captured here
     |                     `- note: add 'self' as a capture list item to silence
 652 |             do {
 653 |                 guard !unreadableKey else { throw LecternError.keyUnreadable }
     :
 687 |                 var result = try await DeckGenerator(provider: provider, imageProvider: imageProvider, imageStyle: imageStyle, useSmartArt: smartArt)
 688 |                     .generate(request, designURL: designURL, into: directory,
 689 |                               diagnostics: diagnostics, template: template) { [weak self] event in
     |                                                                                     |- warning: 'weak' ownership of capture 'self' differs from implicitly-captured strong reference in outer scope [#ImplicitStrongCapture]
     |                                                                                     `- note: explicitly assign the capture list item to silence
 690 |                         Task { @MainActor in self?.apply(event, run: run) }
 691 |                     }

[#ImplicitStrongCapture]: <https://docs.swift.org/compiler/documentation/diagnostics/implicit-strong-capture>
SwiftCompile normal arm64 Compiling\ DeckLibrarySheet.swift,\ DeckListView.swift /path/to/user/.codex/worktrees/rostrum-metadata/rostrum/Lectern/App/DeckLibrarySheet.swift /path/to/user/.codex/worktrees/rostrum-metadata/rostrum/Lectern/App/DeckListView.swift (in target 'Lectern' from project 'Lectern')

SwiftCompile normal arm64 /path/to/user/.codex/worktrees/rostrum-metadata/rostrum/Lectern/App/DeckLibrarySheet.swift (in target 'Lectern' from project 'Lectern')
    cd /path/to/user/.codex/worktrees/rostrum-metadata/rostrum/Lectern
    builtin-SwiftPerFileCompile DeckLibrarySheet.swift

SwiftCompile normal arm64 /path/to/user/.codex/worktrees/rostrum-metadata/rostrum/Lectern/App/DeckListView.swift (in target 'Lectern' from project 'Lectern')
    cd /path/to/user/.codex/worktrees/rostrum-metadata/rostrum/Lectern
    builtin-SwiftPerFileCompile DeckListView.swift

SwiftCompile normal arm64 Compiling\ SlidePreview.swift /path/to/user/.codex/worktrees/rostrum-metadata/rostrum/Lectern/App/SlidePreview.swift (in target 'Lectern' from project 'Lectern')

SwiftCompile normal arm64 /path/to/user/.codex/worktrees/rostrum-metadata/rostrum/Lectern/App/SlidePreview.swift (in target 'Lectern' from project 'Lectern')
    cd /path/to/user/.codex/worktrees/rostrum-metadata/rostrum/Lectern
    builtin-SwiftPerFileCompile SlidePreview.swift

SwiftCompile normal arm64 Compiling\ LibraryView.swift,\ NotesPagePreviewModel.swift /path/to/user/.codex/worktrees/rostrum-metadata/rostrum/Lectern/App/LibraryView.swift /path/to/user/.codex/worktrees/rostrum-metadata/rostrum/Lectern/App/NotesPagePreviewModel.swift (in target 'Lectern' from project 'Lectern')

SwiftCompile normal arm64 /path/to/user/.codex/worktrees/rostrum-metadata/rostrum/Lectern/App/LibraryView.swift (in target 'Lectern' from project 'Lectern')
    cd /path/to/user/.codex/worktrees/rostrum-metadata/rostrum/Lectern
    builtin-SwiftPerFileCompile LibraryView.swift

SwiftCompile normal arm64 /path/to/user/.codex/worktrees/rostrum-metadata/rostrum/Lectern/App/NotesPagePreviewModel.swift (in target 'Lectern' from project 'Lectern')
    cd /path/to/user/.codex/worktrees/rostrum-metadata/rostrum/Lectern
    builtin-SwiftPerFileCompile NotesPagePreviewModel.swift

SwiftCompile normal arm64 Compiling\ GeneratedAssetSymbols.swift /tmp/lectern-transitions21-worker-xcode/Build/Intermediates.noindex/Lectern.build/Debug/Lectern.build/DerivedSources/GeneratedAssetSymbols.swift (in target 'Lectern' from project 'Lectern')

SwiftCompile normal arm64 /tmp/lectern-transitions21-worker-xcode/Build/Intermediates.noindex/Lectern.build/Debug/Lectern.build/DerivedSources/GeneratedAssetSymbols.swift (in target 'Lectern' from project 'Lectern')
    cd /path/to/user/.codex/worktrees/rostrum-metadata/rostrum/Lectern
    builtin-SwiftPerFileCompile GeneratedAssetSymbols.swift

SwiftCompile normal arm64 Compiling\ LibraryLabModel.swift,\ LibraryLabView.swift /path/to/user/.codex/worktrees/rostrum-metadata/rostrum/Lectern/App/LibraryLabModel.swift /path/to/user/.codex/worktrees/rostrum-metadata/rostrum/Lectern/App/LibraryLabView.swift (in target 'Lectern' from project 'Lectern')

SwiftCompile normal arm64 /path/to/user/.codex/worktrees/rostrum-metadata/rostrum/Lectern/App/LibraryLabModel.swift (in target 'Lectern' from project 'Lectern')
    cd /path/to/user/.codex/worktrees/rostrum-metadata/rostrum/Lectern
    builtin-SwiftPerFileCompile LibraryLabModel.swift

SwiftCompile normal arm64 /path/to/user/.codex/worktrees/rostrum-metadata/rostrum/Lectern/App/LibraryLabView.swift (in target 'Lectern' from project 'Lectern')
    cd /path/to/user/.codex/worktrees/rostrum-metadata/rostrum/Lectern
    builtin-SwiftPerFileCompile LibraryLabView.swift

SwiftCompile normal arm64 Compiling\ NotesPagePreviewView.swift,\ PDFGrounding.swift /path/to/user/.codex/worktrees/rostrum-metadata/rostrum/Lectern/App/NotesPagePreviewView.swift /path/to/user/.codex/worktrees/rostrum-metadata/rostrum/Lectern/App/PDFGrounding.swift (in target 'Lectern' from project 'Lectern')

SwiftCompile normal arm64 /path/to/user/.codex/worktrees/rostrum-metadata/rostrum/Lectern/App/NotesPagePreviewView.swift (in target 'Lectern' from project 'Lectern')
    cd /path/to/user/.codex/worktrees/rostrum-metadata/rostrum/Lectern
    builtin-SwiftPerFileCompile NotesPagePreviewView.swift

SwiftCompile normal arm64 /path/to/user/.codex/worktrees/rostrum-metadata/rostrum/Lectern/App/PDFGrounding.swift (in target 'Lectern' from project 'Lectern')
    cd /path/to/user/.codex/worktrees/rostrum-metadata/rostrum/Lectern
    builtin-SwiftPerFileCompile PDFGrounding.swift

SwiftDriverJobDiscovery normal arm64 Compiling TemplateSelectionModel.swift (in target 'Lectern' from project 'Lectern')

SwiftDriverJobDiscovery normal arm64 Compiling GeneratedAssetSymbols.swift (in target 'Lectern' from project 'Lectern')

SwiftDriverJobDiscovery normal arm64 Compiling SlidePreviewGeometry.swift (in target 'Lectern' from project 'Lectern')

SwiftDriverJobDiscovery normal arm64 Emitting module for Lectern (in target 'Lectern' from project 'Lectern')

SwiftDriver\ Compilation\ Requirements Lectern normal arm64 com.apple.xcode.tools.swift.compiler (in target 'Lectern' from project 'Lectern')
    cd /path/to/user/.codex/worktrees/rostrum-metadata/rostrum/Lectern
    builtin-Swift-Compilation-Requirements -- /Applications/Xcode.app/Contents/Developer/Toolchains/XcodeDefault.xctoolchain/usr/bin/swiftc -module-name Lectern -Onone @/tmp/lectern-transitions21-worker-xcode/Build/Intermediates.noindex/Lectern.build/Debug/Lectern.build/Objects-normal/arm64/Lectern.SwiftFileList -DDEBUG -enable-experimental-feature DebugDescriptionMacro -sdk /Applications/Xcode.app/Contents/Developer/Platforms/MacOSX.platform/Developer/SDKs/MacOSX27.0.sdk -target arm64-apple-macos26.0 -g -module-cache-path /tmp/lectern-transitions21-worker-xcode/ModuleCache.noindex -Xfrontend -serialize-debugging-options -enable-testing -index-store-path /tmp/lectern-transitions21-worker-xcode/Index.noindex/DataStore -Xcc -D_LIBCPP_HARDENING_MODE\=_LIBCPP_HARDENING_MODE_DEBUG -swift-version 6 -I /tmp/lectern-transitions21-worker-xcode/Build/Products/Debug -F /tmp/lectern-transitions21-worker-xcode/Build/Products/Debug/PackageFrameworks -F /tmp/lectern-transitions21-worker-xcode/Build/Products/Debug -c -j18 -enable-batch-mode -incremental -Xcc -ivfsstatcache -Xcc /tmp/lectern-transitions21-worker-xcode/SDKStatCaches.noindex/macosx27.0-26A425-e829b21a6f8c9b70876ba0858053c0447231f6df4def33e022ae2eb8f782df1a.sdkstatcache -output-file-map /tmp/lectern-transitions21-worker-xcode/Build/Intermediates.noindex/Lectern.build/Debug/Lectern.build/Objects-normal/arm64/Lectern-OutputFileMap.json -save-temps -no-color-diagnostics -explicit-module-build -module-cache-path /tmp/lectern-transitions21-worker-xcode/Build/Intermediates.noindex/SwiftExplicitPrecompiledModules -clang-scanner-module-cache-path /tmp/lectern-transitions21-worker-xcode/ModuleCache.noindex -sdk-module-cache-path /tmp/lectern-transitions21-worker-xcode/SDKExplicitPrecompiledModules -emit-dependencies -emit-module -emit-module-path /tmp/lectern-transitions21-worker-xcode/Build/Intermediates.noindex/Lectern.build/Debug/Lectern.build/Objects-normal/arm64/Lectern.swiftmodule -serialize-diagnostics -dependency-scan-serialize-diagnostics-path /tmp/lectern-transitions21-worker-xcode/Build/Intermediates.noindex/Lectern.build/Debug/Lectern.build/Objects-normal/arm64/Lectern-dependency-scan.dia -validate-clang-modules-once -clang-build-session-file /tmp/lectern-transitions21-worker-xcode/ModuleCache.noindex/Session.modulevalidation -Xcc -fmodules-prune-interval\=86400 -Xcc -fmodules-prune-after\=345600 -emit-const-values -const-gather-protocols-list /tmp/lectern-transitions21-worker-xcode/Build/Intermediates.noindex/Lectern.build/Debug/Lectern.build/Objects-normal/arm64/Lectern_const_extract_protocols.json -Xcc -iquote -Xcc /tmp/lectern-transitions21-worker-xcode/Build/Intermediates.noindex/Lectern.build/Debug/Lectern.build/Lectern-generated-files.hmap -Xcc -I/tmp/lectern-transitions21-worker-xcode/Build/Intermediates.noindex/Lectern.build/Debug/Lectern.build/Lectern-own-target-headers.hmap -Xcc -I/tmp/lectern-transitions21-worker-xcode/Build/Intermediates.noindex/Lectern.build/Debug/Lectern.build/Lectern-all-non-framework-target-headers.hmap -Xcc -ivfsoverlay -Xcc /tmp/lectern-transitions21-worker-xcode/Build/Intermediates.noindex/Lectern.build/Debug/Lectern-81dd8c5d5ffef3ab3b9caa0531f1f110-VFS/all-product-headers.yaml -Xcc -iquote -Xcc /tmp/lectern-transitions21-worker-xcode/Build/Intermediates.noindex/Lectern.build/Debug/Lectern.build/Lectern-project-headers.hmap -Xcc -I/tmp/lectern-transitions21-worker-xcode/Build/Products/Debug/include -Xcc -I/tmp/lectern-transitions21-worker-xcode/Build/Intermediates.noindex/Lectern.build/Debug/Lectern.build/DerivedSources-normal/arm64 -Xcc -I/tmp/lectern-transitions21-worker-xcode/Build/Intermediates.noindex/Lectern.build/Debug/Lectern.build/DerivedSources/arm64 -Xcc -I/tmp/lectern-transitions21-worker-xcode/Build/Intermediates.noindex/Lectern.build/Debug/Lectern.build/DerivedSources -Xcc -DDEBUG\=1 -emit-objc-header -emit-objc-header-path /tmp/lectern-transitions21-worker-xcode/Build/Intermediates.noindex/Lectern.build/Debug/Lectern.build/Objects-normal/arm64/Lectern-Swift.h -working-directory /path/to/user/.codex/worktrees/rostrum-metadata/rostrum/Lectern -experimental-emit-module-separately -disable-cmo

SwiftMergeGeneratedHeaders /tmp/lectern-transitions21-worker-xcode/Build/Intermediates.noindex/Lectern.build/Debug/Lectern.build/DerivedSources/Lectern-Swift.h /tmp/lectern-transitions21-worker-xcode/Build/Intermediates.noindex/Lectern.build/Debug/Lectern.build/Objects-normal/arm64/Lectern-Swift.h (in target 'Lectern' from project 'Lectern')
    cd /path/to/user/.codex/worktrees/rostrum-metadata/rostrum/Lectern
    builtin-swiftHeaderTool -arch arm64 /tmp/lectern-transitions21-worker-xcode/Build/Intermediates.noindex/Lectern.build/Debug/Lectern.build/Objects-normal/arm64/Lectern-Swift.h -o /tmp/lectern-transitions21-worker-xcode/Build/Intermediates.noindex/Lectern.build/Debug/Lectern.build/DerivedSources/Lectern-Swift.h

Copy /tmp/lectern-transitions21-worker-xcode/Build/Products/Debug/Lectern.swiftmodule/arm64-apple-macos.swiftdoc /tmp/lectern-transitions21-worker-xcode/Build/Intermediates.noindex/Lectern.build/Debug/Lectern.build/Objects-normal/arm64/Lectern.swiftdoc (in target 'Lectern' from project 'Lectern')
    cd /path/to/user/.codex/worktrees/rostrum-metadata/rostrum/Lectern
    builtin-copy -exclude .DS_Store -exclude CVS -exclude .svn -exclude .git -exclude .hg -resolve-src-symlinks -rename /tmp/lectern-transitions21-worker-xcode/Build/Intermediates.noindex/Lectern.build/Debug/Lectern.build/Objects-normal/arm64/Lectern.swiftdoc /tmp/lectern-transitions21-worker-xcode/Build/Products/Debug/Lectern.swiftmodule/arm64-apple-macos.swiftdoc

Copy /tmp/lectern-transitions21-worker-xcode/Build/Products/Debug/Lectern.swiftmodule/arm64-apple-macos.swiftmodule /tmp/lectern-transitions21-worker-xcode/Build/Intermediates.noindex/Lectern.build/Debug/Lectern.build/Objects-normal/arm64/Lectern.swiftmodule (in target 'Lectern' from project 'Lectern')
    cd /path/to/user/.codex/worktrees/rostrum-metadata/rostrum/Lectern
    builtin-copy -exclude .DS_Store -exclude CVS -exclude .svn -exclude .git -exclude .hg -resolve-src-symlinks -rename /tmp/lectern-transitions21-worker-xcode/Build/Intermediates.noindex/Lectern.build/Debug/Lectern.build/Objects-normal/arm64/Lectern.swiftmodule /tmp/lectern-transitions21-worker-xcode/Build/Products/Debug/Lectern.swiftmodule/arm64-apple-macos.swiftmodule

Copy /tmp/lectern-transitions21-worker-xcode/Build/Products/Debug/Lectern.swiftmodule/arm64-apple-macos.abi.json /tmp/lectern-transitions21-worker-xcode/Build/Intermediates.noindex/Lectern.build/Debug/Lectern.build/Objects-normal/arm64/Lectern.abi.json (in target 'Lectern' from project 'Lectern')
    cd /path/to/user/.codex/worktrees/rostrum-metadata/rostrum/Lectern
    builtin-copy -exclude .DS_Store -exclude CVS -exclude .svn -exclude .git -exclude .hg -resolve-src-symlinks -rename /tmp/lectern-transitions21-worker-xcode/Build/Intermediates.noindex/Lectern.build/Debug/Lectern.build/Objects-normal/arm64/Lectern.abi.json /tmp/lectern-transitions21-worker-xcode/Build/Products/Debug/Lectern.swiftmodule/arm64-apple-macos.abi.json

Copy /tmp/lectern-transitions21-worker-xcode/Build/Products/Debug/Lectern.swiftmodule/Project/arm64-apple-macos.swiftsourceinfo /tmp/lectern-transitions21-worker-xcode/Build/Intermediates.noindex/Lectern.build/Debug/Lectern.build/Objects-normal/arm64/Lectern.swiftsourceinfo (in target 'Lectern' from project 'Lectern')
    cd /path/to/user/.codex/worktrees/rostrum-metadata/rostrum/Lectern
    builtin-copy -exclude .DS_Store -exclude CVS -exclude .svn -exclude .git -exclude .hg -resolve-src-symlinks -rename /tmp/lectern-transitions21-worker-xcode/Build/Intermediates.noindex/Lectern.build/Debug/Lectern.build/Objects-normal/arm64/Lectern.swiftsourceinfo /tmp/lectern-transitions21-worker-xcode/Build/Products/Debug/Lectern.swiftmodule/Project/arm64-apple-macos.swiftsourceinfo

SwiftDriver LecternAppTests normal arm64 com.apple.xcode.tools.swift.compiler (in target 'LecternAppTests' from project 'Lectern')
    cd /path/to/user/.codex/worktrees/rostrum-metadata/rostrum/Lectern
    builtin-SwiftDriver -- /Applications/Xcode.app/Contents/Developer/Toolchains/XcodeDefault.xctoolchain/usr/bin/swiftc -module-name LecternAppTests -Onone @/tmp/lectern-transitions21-worker-xcode/Build/Intermediates.noindex/Lectern.build/Debug/LecternAppTests.build/Objects-normal/arm64/LecternAppTests.SwiftFileList -DDEBUG -plugin-path /Applications/Xcode.app/Contents/Developer/Toolchains/XcodeDefault.xctoolchain/usr/lib/swift/host/plugins/testing -enable-experimental-feature DebugDescriptionMacro -sdk /Applications/Xcode.app/Contents/Developer/Platforms/MacOSX.platform/Developer/SDKs/MacOSX27.0.sdk -target arm64-apple-macos26.0 -g -module-cache-path /tmp/lectern-transitions21-worker-xcode/ModuleCache.noindex -Xfrontend -serialize-debugging-options -enable-testing -index-store-path /tmp/lectern-transitions21-worker-xcode/Index.noindex/DataStore -Xcc -D_LIBCPP_HARDENING_MODE\=_LIBCPP_HARDENING_MODE_DEBUG -swift-version 6 -I /tmp/lectern-transitions21-worker-xcode/Build/Products/Debug -Isystem /Applications/Xcode.app/Contents/Developer/Platforms/MacOSX.platform/Developer/usr/lib -F /tmp/lectern-transitions21-worker-xcode/Build/Products/Debug/PackageFrameworks -F /tmp/lectern-transitions21-worker-xcode/Build/Products/Debug -F /Applications/Xcode.app/Contents/Developer/Platforms/MacOSX.platform/Developer/Library/Frameworks -c -j18 -enable-batch-mode -incremental -Xcc -ivfsstatcache -Xcc /tmp/lectern-transitions21-worker-xcode/SDKStatCaches.noindex/macosx27.0-26A425-e829b21a6f8c9b70876ba0858053c0447231f6df4def33e022ae2eb8f782df1a.sdkstatcache -output-file-map /tmp/lectern-transitions21-worker-xcode/Build/Intermediates.noindex/Lectern.build/Debug/LecternAppTests.build/Objects-normal/arm64/LecternAppTests-OutputFileMap.json -save-temps -no-color-diagnostics -explicit-module-build -module-cache-path /tmp/lectern-transitions21-worker-xcode/Build/Intermediates.noindex/SwiftExplicitPrecompiledModules -clang-scanner-module-cache-path /tmp/lectern-transitions21-worker-xcode/ModuleCache.noindex -sdk-module-cache-path /tmp/lectern-transitions21-worker-xcode/SDKExplicitPrecompiledModules -emit-dependencies -emit-module -emit-module-path /tmp/lectern-transitions21-worker-xcode/Build/Intermediates.noindex/Lectern.build/Debug/LecternAppTests.build/Objects-normal/arm64/LecternAppTests.swiftmodule -serialize-diagnostics -dependency-scan-serialize-diagnostics-path /tmp/lectern-transitions21-worker-xcode/Build/Intermediates.noindex/Lectern.build/Debug/LecternAppTests.build/Objects-normal/arm64/LecternAppTests-dependency-scan.dia -validate-clang-modules-once -clang-build-session-file /tmp/lectern-transitions21-worker-xcode/ModuleCache.noindex/Session.modulevalidation -Xcc -fmodules-prune-interval\=86400 -Xcc -fmodules-prune-after\=345600 -emit-const-values -const-gather-protocols-list /tmp/lectern-transitions21-worker-xcode/Build/Intermediates.noindex/Lectern.build/Debug/LecternAppTests.build/Objects-normal/arm64/LecternAppTests_const_extract_protocols.json -Xcc -iquote -Xcc /tmp/lectern-transitions21-worker-xcode/Build/Intermediates.noindex/Lectern.build/Debug/LecternAppTests.build/LecternAppTests-generated-files.hmap -Xcc -I/tmp/lectern-transitions21-worker-xcode/Build/Intermediates.noindex/Lectern.build/Debug/LecternAppTests.build/LecternAppTests-own-target-headers.hmap -Xcc -I/tmp/lectern-transitions21-worker-xcode/Build/Intermediates.noindex/Lectern.build/Debug/LecternAppTests.build/LecternAppTests-all-non-framework-target-headers.hmap -Xcc -ivfsoverlay -Xcc /tmp/lectern-transitions21-worker-xcode/Build/Intermediates.noindex/Lectern.build/Debug/Lectern-81dd8c5d5ffef3ab3b9caa0531f1f110-VFS/all-product-headers.yaml -Xcc -iquote -Xcc /tmp/lectern-transitions21-worker-xcode/Build/Intermediates.noindex/Lectern.build/Debug/LecternAppTests.build/LecternAppTests-project-headers.hmap -Xcc -I/tmp/lectern-transitions21-worker-xcode/Build/Products/Debug/include -Xcc -I/tmp/lectern-transitions21-worker-xcode/Build/Intermediates.noindex/Lectern.build/Debug/LecternAppTests.build/DerivedSources-normal/arm64 -Xcc -I/tmp/lectern-transitions21-worker-xcode/Build/Intermediates.noindex/Lectern.build/Debug/LecternAppTests.build/DerivedSources/arm64 -Xcc -I/tmp/lectern-transitions21-worker-xcode/Build/Intermediates.noindex/Lectern.build/Debug/LecternAppTests.build/DerivedSources -Xcc -DDEBUG\=1 -emit-objc-header -emit-objc-header-path /tmp/lectern-transitions21-worker-xcode/Build/Intermediates.noindex/Lectern.build/Debug/LecternAppTests.build/Objects-normal/arm64/LecternAppTests-Swift.h -working-directory /path/to/user/.codex/worktrees/rostrum-metadata/rostrum/Lectern -experimental-emit-module-separately -disable-cmo

SwiftExplicitDependencyCompileModuleFromInterface arm64 /tmp/lectern-transitions21-worker-xcode/Build/Intermediates.noindex/SwiftExplicitPrecompiledModules/Testing-3TFI6BUBIE06Y.swiftmodule

SwiftExplicitDependencyGeneratePcm arm64 /tmp/lectern-transitions21-worker-xcode/SDKExplicitPrecompiledModules/LocalAuthentication-AXN58Q1VSEFWWQNZHXU5EIPJU.pcm

SwiftDriverJobDiscovery normal arm64 Compiling PreviewDiagnosticsView.swift, RecoveryView.swift (in target 'Lectern' from project 'Lectern')

SwiftDriverJobDiscovery normal arm64 Compiling Theme.swift (in target 'Lectern' from project 'Lectern')

SwiftDriverJobDiscovery normal arm64 Compiling TemplatePickerCard.swift (in target 'Lectern' from project 'Lectern')

SwiftDriverJobDiscovery normal arm64 Compiling LibraryLabModel.swift, LibraryLabView.swift (in target 'Lectern' from project 'Lectern')

SwiftDriverJobDiscovery normal arm64 Compiling KeychainStore.swift, LecternApp.swift (in target 'Lectern' from project 'Lectern')

SwiftDriverJobDiscovery normal arm64 Compiling DeckLibrarySheet.swift, DeckListView.swift (in target 'Lectern' from project 'Lectern')

SwiftDriverJobDiscovery normal arm64 Compiling NotesPagePreviewView.swift, PDFGrounding.swift (in target 'Lectern' from project 'Lectern')

SwiftDriverJobDiscovery normal arm64 Compiling StyleThumbnail.swift (in target 'Lectern' from project 'Lectern')

SwiftDriverJobDiscovery normal arm64 Compiling StylePickerSheet.swift (in target 'Lectern' from project 'Lectern')

SwiftDriverJobDiscovery normal arm64 Compiling LibraryView.swift, NotesPagePreviewModel.swift (in target 'Lectern' from project 'Lectern')

SwiftDriverJobDiscovery normal arm64 Compiling SettingsView.swift (in target 'Lectern' from project 'Lectern')

SwiftExplicitDependencyCompileModuleFromInterface arm64 /tmp/lectern-transitions21-worker-xcode/Build/Intermediates.noindex/SwiftExplicitPrecompiledModules/_Testing_CoreTransferable-218AVL1UN2QFN.swiftmodule

SwiftExplicitDependencyCompileModuleFromInterface arm64 /tmp/lectern-transitions21-worker-xcode/Build/Intermediates.noindex/SwiftExplicitPrecompiledModules/_Testing_CoreGraphics-18JASLBCX708V.swiftmodule

SwiftExplicitDependencyCompileModuleFromInterface arm64 /tmp/lectern-transitions21-worker-xcode/Build/Intermediates.noindex/SwiftExplicitPrecompiledModules/_Testing_Foundation-3858KL5ZV39D9.swiftmodule

SwiftExplicitDependencyCompileModuleFromInterface arm64 /tmp/lectern-transitions21-worker-xcode/Build/Intermediates.noindex/SwiftExplicitPrecompiledModules/_Testing_AppKit-3UHQXZDWXITHT.swiftmodule

SwiftDriverJobDiscovery normal arm64 Compiling DeckThumbnail.swift, InspectorView.swift (in target 'Lectern' from project 'Lectern')

SwiftDriverJobDiscovery normal arm64 Compiling SlidePreview.swift (in target 'Lectern' from project 'Lectern')

SwiftCompile normal arm64 Compiling\ SlideRasterizerTests.swift /path/to/user/.codex/worktrees/rostrum-metadata/rostrum/Lectern/AppTests/SlideRasterizerTests.swift (in target 'LecternAppTests' from project 'Lectern')

SwiftCompile normal arm64 /path/to/user/.codex/worktrees/rostrum-metadata/rostrum/Lectern/AppTests/SlideRasterizerTests.swift (in target 'LecternAppTests' from project 'Lectern')
    cd /path/to/user/.codex/worktrees/rostrum-metadata/rostrum/Lectern
    builtin-SwiftPerFileCompile SlideRasterizerTests.swift

SwiftEmitModule normal arm64 Emitting\ module\ for\ LecternAppTests (in target 'LecternAppTests' from project 'Lectern')

SwiftCompile normal arm64 (in target 'LecternAppTests' from project 'Lectern')
    cd /path/to/user/.codex/worktrees/rostrum-metadata/rostrum/Lectern


SwiftCompile normal arm64 Compiling\ PreviewGeometryTests.swift,\ PreviewIdentityTests.swift /path/to/user/.codex/worktrees/rostrum-metadata/rostrum/Lectern/AppTests/PreviewGeometryTests.swift /path/to/user/.codex/worktrees/rostrum-metadata/rostrum/Lectern/AppTests/PreviewIdentityTests.swift (in target 'LecternAppTests' from project 'Lectern')

SwiftCompile normal arm64 /path/to/user/.codex/worktrees/rostrum-metadata/rostrum/Lectern/AppTests/PreviewGeometryTests.swift (in target 'LecternAppTests' from project 'Lectern')
    cd /path/to/user/.codex/worktrees/rostrum-metadata/rostrum/Lectern
    builtin-SwiftPerFileCompile PreviewGeometryTests.swift

SwiftCompile normal arm64 /path/to/user/.codex/worktrees/rostrum-metadata/rostrum/Lectern/AppTests/PreviewIdentityTests.swift (in target 'LecternAppTests' from project 'Lectern')
    cd /path/to/user/.codex/worktrees/rostrum-metadata/rostrum/Lectern
    builtin-SwiftPerFileCompile PreviewIdentityTests.swift

SwiftCompile normal arm64 Compiling\ PreviewSlideNumberTests.swift /path/to/user/.codex/worktrees/rostrum-metadata/rostrum/Lectern/AppTests/PreviewSlideNumberTests.swift (in target 'LecternAppTests' from project 'Lectern')

SwiftCompile normal arm64 /path/to/user/.codex/worktrees/rostrum-metadata/rostrum/Lectern/AppTests/PreviewSlideNumberTests.swift (in target 'LecternAppTests' from project 'Lectern')
    cd /path/to/user/.codex/worktrees/rostrum-metadata/rostrum/Lectern
    builtin-SwiftPerFileCompile PreviewSlideNumberTests.swift

SwiftCompile normal arm64 Compiling\ SlideCountFanOutTests.swift /path/to/user/.codex/worktrees/rostrum-metadata/rostrum/Lectern/AppTests/SlideCountFanOutTests.swift (in target 'LecternAppTests' from project 'Lectern')

SwiftCompile normal arm64 /path/to/user/.codex/worktrees/rostrum-metadata/rostrum/Lectern/AppTests/SlideCountFanOutTests.swift (in target 'LecternAppTests' from project 'Lectern')
    cd /path/to/user/.codex/worktrees/rostrum-metadata/rostrum/Lectern
    builtin-SwiftPerFileCompile SlideCountFanOutTests.swift

SwiftCompile normal arm64 Compiling\ ProviderModelPairingTests.swift /path/to/user/.codex/worktrees/rostrum-metadata/rostrum/Lectern/AppTests/ProviderModelPairingTests.swift (in target 'LecternAppTests' from project 'Lectern')

SwiftCompile normal arm64 /path/to/user/.codex/worktrees/rostrum-metadata/rostrum/Lectern/AppTests/ProviderModelPairingTests.swift (in target 'LecternAppTests' from project 'Lectern')
    cd /path/to/user/.codex/worktrees/rostrum-metadata/rostrum/Lectern
    builtin-SwiftPerFileCompile ProviderModelPairingTests.swift

SwiftCompile normal arm64 Compiling\ TemplateSelectionTests.swift /path/to/user/.codex/worktrees/rostrum-metadata/rostrum/Lectern/AppTests/TemplateSelectionTests.swift (in target 'LecternAppTests' from project 'Lectern')

SwiftCompile normal arm64 /path/to/user/.codex/worktrees/rostrum-metadata/rostrum/Lectern/AppTests/TemplateSelectionTests.swift (in target 'LecternAppTests' from project 'Lectern')
    cd /path/to/user/.codex/worktrees/rostrum-metadata/rostrum/Lectern
    builtin-SwiftPerFileCompile TemplateSelectionTests.swift

SwiftCompile normal arm64 Compiling\ RenderRecoveryStateTests.swift /path/to/user/.codex/worktrees/rostrum-metadata/rostrum/Lectern/AppTests/RenderRecoveryStateTests.swift (in target 'LecternAppTests' from project 'Lectern')

SwiftCompile normal arm64 /path/to/user/.codex/worktrees/rostrum-metadata/rostrum/Lectern/AppTests/RenderRecoveryStateTests.swift (in target 'LecternAppTests' from project 'Lectern')
    cd /path/to/user/.codex/worktrees/rostrum-metadata/rostrum/Lectern
    builtin-SwiftPerFileCompile RenderRecoveryStateTests.swift

SwiftCompile normal arm64 Compiling\ TemplateChoiceTests.swift /path/to/user/.codex/worktrees/rostrum-metadata/rostrum/Lectern/AppTests/TemplateChoiceTests.swift (in target 'LecternAppTests' from project 'Lectern')

SwiftCompile normal arm64 /path/to/user/.codex/worktrees/rostrum-metadata/rostrum/Lectern/AppTests/TemplateChoiceTests.swift (in target 'LecternAppTests' from project 'Lectern')
    cd /path/to/user/.codex/worktrees/rostrum-metadata/rostrum/Lectern
    builtin-SwiftPerFileCompile TemplateChoiceTests.swift

SwiftCompile normal arm64 Compiling\ LibraryMixedFaceSpacingTests.swift,\ LibraryPartialTableStylesTests.swift /path/to/user/.codex/worktrees/rostrum-metadata/rostrum/Lectern/AppTests/LibraryMixedFaceSpacingTests.swift /path/to/user/.codex/worktrees/rostrum-metadata/rostrum/Lectern/AppTests/LibraryPartialTableStylesTests.swift (in target 'LecternAppTests' from project 'Lectern')

SwiftCompile normal arm64 /path/to/user/.codex/worktrees/rostrum-metadata/rostrum/Lectern/AppTests/LibraryMixedFaceSpacingTests.swift (in target 'LecternAppTests' from project 'Lectern')
    cd /path/to/user/.codex/worktrees/rostrum-metadata/rostrum/Lectern
    builtin-SwiftPerFileCompile LibraryMixedFaceSpacingTests.swift

SwiftCompile normal arm64 /path/to/user/.codex/worktrees/rostrum-metadata/rostrum/Lectern/AppTests/LibraryPartialTableStylesTests.swift (in target 'LecternAppTests' from project 'Lectern')
    cd /path/to/user/.codex/worktrees/rostrum-metadata/rostrum/Lectern
    builtin-SwiftPerFileCompile LibraryPartialTableStylesTests.swift

SwiftCompile normal arm64 Compiling\ ImageCacheBoundsTests.swift,\ InspectionRequestTests.swift /path/to/user/.codex/worktrees/rostrum-metadata/rostrum/Lectern/AppTests/ImageCacheBoundsTests.swift /path/to/user/.codex/worktrees/rostrum-metadata/rostrum/Lectern/AppTests/InspectionRequestTests.swift (in target 'LecternAppTests' from project 'Lectern')

SwiftCompile normal arm64 /path/to/user/.codex/worktrees/rostrum-metadata/rostrum/Lectern/AppTests/ImageCacheBoundsTests.swift (in target 'LecternAppTests' from project 'Lectern')
    cd /path/to/user/.codex/worktrees/rostrum-metadata/rostrum/Lectern
    builtin-SwiftPerFileCompile ImageCacheBoundsTests.swift

SwiftCompile normal arm64 /path/to/user/.codex/worktrees/rostrum-metadata/rostrum/Lectern/AppTests/InspectionRequestTests.swift (in target 'LecternAppTests' from project 'Lectern')
    cd /path/to/user/.codex/worktrees/rostrum-metadata/rostrum/Lectern
    builtin-SwiftPerFileCompile InspectionRequestTests.swift

SwiftCompile normal arm64 Compiling\ LibraryTableJoinProfilesTests.swift,\ LibraryTableTransitionsTests.swift /path/to/user/.codex/worktrees/rostrum-metadata/rostrum/Lectern/AppTests/LibraryTableJoinProfilesTests.swift /path/to/user/.codex/worktrees/rostrum-metadata/rostrum/Lectern/AppTests/LibraryTableTransitionsTests.swift (in target 'LecternAppTests' from project 'Lectern')

SwiftCompile normal arm64 /path/to/user/.codex/worktrees/rostrum-metadata/rostrum/Lectern/AppTests/LibraryTableJoinProfilesTests.swift (in target 'LecternAppTests' from project 'Lectern')
    cd /path/to/user/.codex/worktrees/rostrum-metadata/rostrum/Lectern
    builtin-SwiftPerFileCompile LibraryTableJoinProfilesTests.swift

SwiftCompile normal arm64 /path/to/user/.codex/worktrees/rostrum-metadata/rostrum/Lectern/AppTests/LibraryTableTransitionsTests.swift (in target 'LecternAppTests' from project 'Lectern')
    cd /path/to/user/.codex/worktrees/rostrum-metadata/rostrum/Lectern
    builtin-SwiftPerFileCompile LibraryTableTransitionsTests.swift

SwiftCompile normal arm64 Compiling\ AppIconAppearanceTests.swift,\ AppStateIsolationTests.swift /path/to/user/.codex/worktrees/rostrum-metadata/rostrum/Lectern/AppTests/AppIconAppearanceTests.swift /path/to/user/.codex/worktrees/rostrum-metadata/rostrum/Lectern/AppTests/AppStateIsolationTests.swift (in target 'LecternAppTests' from project 'Lectern')

SwiftCompile normal arm64 /path/to/user/.codex/worktrees/rostrum-metadata/rostrum/Lectern/AppTests/AppIconAppearanceTests.swift (in target 'LecternAppTests' from project 'Lectern')
    cd /path/to/user/.codex/worktrees/rostrum-metadata/rostrum/Lectern
    builtin-SwiftPerFileCompile AppIconAppearanceTests.swift

SwiftCompile normal arm64 /path/to/user/.codex/worktrees/rostrum-metadata/rostrum/Lectern/AppTests/AppStateIsolationTests.swift (in target 'LecternAppTests' from project 'Lectern')
    cd /path/to/user/.codex/worktrees/rostrum-metadata/rostrum/Lectern
    builtin-SwiftPerFileCompile AppStateIsolationTests.swift

SwiftCompile normal arm64 Compiling\ LibraryStartupTests.swift,\ LibraryTableDefaultsTests.swift /path/to/user/.codex/worktrees/rostrum-metadata/rostrum/Lectern/AppTests/LibraryStartupTests.swift /path/to/user/.codex/worktrees/rostrum-metadata/rostrum/Lectern/AppTests/LibraryTableDefaultsTests.swift (in target 'LecternAppTests' from project 'Lectern')

SwiftCompile normal arm64 /path/to/user/.codex/worktrees/rostrum-metadata/rostrum/Lectern/AppTests/LibraryStartupTests.swift (in target 'LecternAppTests' from project 'Lectern')
    cd /path/to/user/.codex/worktrees/rostrum-metadata/rostrum/Lectern
    builtin-SwiftPerFileCompile LibraryStartupTests.swift

SwiftCompile normal arm64 /path/to/user/.codex/worktrees/rostrum-metadata/rostrum/Lectern/AppTests/LibraryTableDefaultsTests.swift (in target 'LecternAppTests' from project 'Lectern')
    cd /path/to/user/.codex/worktrees/rostrum-metadata/rostrum/Lectern
    builtin-SwiftPerFileCompile LibraryTableDefaultsTests.swift

SwiftCompile normal arm64 Compiling\ DeckInspectorStateTests.swift,\ ExportRequestTests.swift /path/to/user/.codex/worktrees/rostrum-metadata/rostrum/Lectern/AppTests/DeckInspectorStateTests.swift /path/to/user/.codex/worktrees/rostrum-metadata/rostrum/Lectern/AppTests/ExportRequestTests.swift (in target 'LecternAppTests' from project 'Lectern')

SwiftCompile normal arm64 /path/to/user/.codex/worktrees/rostrum-metadata/rostrum/Lectern/AppTests/DeckInspectorStateTests.swift (in target 'LecternAppTests' from project 'Lectern')
    cd /path/to/user/.codex/worktrees/rostrum-metadata/rostrum/Lectern
    builtin-SwiftPerFileCompile DeckInspectorStateTests.swift

SwiftCompile normal arm64 /path/to/user/.codex/worktrees/rostrum-metadata/rostrum/Lectern/AppTests/ExportRequestTests.swift (in target 'LecternAppTests' from project 'Lectern')
    cd /path/to/user/.codex/worktrees/rostrum-metadata/rostrum/Lectern
    builtin-SwiftPerFileCompile ExportRequestTests.swift

SwiftCompile normal arm64 Compiling\ LibraryLabTests.swift,\ LibraryListMarkerTests.swift /path/to/user/.codex/worktrees/rostrum-metadata/rostrum/Lectern/AppTests/LibraryLabTests.swift /path/to/user/.codex/worktrees/rostrum-metadata/rostrum/Lectern/AppTests/LibraryListMarkerTests.swift (in target 'LecternAppTests' from project 'Lectern')

SwiftCompile normal arm64 /path/to/user/.codex/worktrees/rostrum-metadata/rostrum/Lectern/AppTests/LibraryLabTests.swift (in target 'LecternAppTests' from project 'Lectern')
    cd /path/to/user/.codex/worktrees/rostrum-metadata/rostrum/Lectern
    builtin-SwiftPerFileCompile LibraryLabTests.swift

SwiftCompile normal arm64 /path/to/user/.codex/worktrees/rostrum-metadata/rostrum/Lectern/AppTests/LibraryListMarkerTests.swift (in target 'LecternAppTests' from project 'Lectern')
    cd /path/to/user/.codex/worktrees/rostrum-metadata/rostrum/Lectern
    builtin-SwiftPerFileCompile LibraryListMarkerTests.swift

SwiftCompile normal arm64 Compiling\ AppStateTestContext.swift,\ DeckDeletionConfirmationTests.swift /path/to/user/.codex/worktrees/rostrum-metadata/rostrum/Lectern/AppTests/AppStateTestContext.swift /path/to/user/.codex/worktrees/rostrum-metadata/rostrum/Lectern/AppTests/DeckDeletionConfirmationTests.swift (in target 'LecternAppTests' from project 'Lectern')

SwiftCompile normal arm64 /path/to/user/.codex/worktrees/rostrum-metadata/rostrum/Lectern/AppTests/AppStateTestContext.swift (in target 'LecternAppTests' from project 'Lectern')
    cd /path/to/user/.codex/worktrees/rostrum-metadata/rostrum/Lectern
    builtin-SwiftPerFileCompile AppStateTestContext.swift

SwiftCompile normal arm64 /path/to/user/.codex/worktrees/rostrum-metadata/rostrum/Lectern/AppTests/DeckDeletionConfirmationTests.swift (in target 'LecternAppTests' from project 'Lectern')
    cd /path/to/user/.codex/worktrees/rostrum-metadata/rostrum/Lectern
    builtin-SwiftPerFileCompile DeckDeletionConfirmationTests.swift

SwiftDriverJobDiscovery normal arm64 Compiling SlideRasterizer.swift (in target 'Lectern' from project 'Lectern')

SwiftCompile normal arm64 Compiling\ LibraryTextAlignmentTests.swift,\ NotesPagePreviewTests.swift /path/to/user/.codex/worktrees/rostrum-metadata/rostrum/Lectern/AppTests/LibraryTextAlignmentTests.swift /path/to/user/.codex/worktrees/rostrum-metadata/rostrum/Lectern/AppTests/NotesPagePreviewTests.swift (in target 'LecternAppTests' from project 'Lectern')

SwiftCompile normal arm64 /path/to/user/.codex/worktrees/rostrum-metadata/rostrum/Lectern/AppTests/LibraryTextAlignmentTests.swift (in target 'LecternAppTests' from project 'Lectern')
    cd /path/to/user/.codex/worktrees/rostrum-metadata/rostrum/Lectern
    builtin-SwiftPerFileCompile LibraryTextAlignmentTests.swift

SwiftCompile normal arm64 /path/to/user/.codex/worktrees/rostrum-metadata/rostrum/Lectern/AppTests/NotesPagePreviewTests.swift (in target 'LecternAppTests' from project 'Lectern')
    cd /path/to/user/.codex/worktrees/rostrum-metadata/rostrum/Lectern
    builtin-SwiftPerFileCompile NotesPagePreviewTests.swift

SwiftDriverJobDiscovery normal arm64 Compiling PreviewSlideNumberTests.swift (in target 'LecternAppTests' from project 'Lectern')

SwiftCompile normal arm64 Compiling\ FileImportFailureTests.swift,\ GlyphPaintWebKitTests.swift /path/to/user/.codex/worktrees/rostrum-metadata/rostrum/Lectern/AppTests/FileImportFailureTests.swift /path/to/user/.codex/worktrees/rostrum-metadata/rostrum/Lectern/AppTests/GlyphPaintWebKitTests.swift (in target 'LecternAppTests' from project 'Lectern')

SwiftCompile normal arm64 /path/to/user/.codex/worktrees/rostrum-metadata/rostrum/Lectern/AppTests/FileImportFailureTests.swift (in target 'LecternAppTests' from project 'Lectern')
    cd /path/to/user/.codex/worktrees/rostrum-metadata/rostrum/Lectern
    builtin-SwiftPerFileCompile FileImportFailureTests.swift

SwiftCompile normal arm64 /path/to/user/.codex/worktrees/rostrum-metadata/rostrum/Lectern/AppTests/GlyphPaintWebKitTests.swift (in target 'LecternAppTests' from project 'Lectern')
    cd /path/to/user/.codex/worktrees/rostrum-metadata/rostrum/Lectern
    builtin-SwiftPerFileCompile GlyphPaintWebKitTests.swift

SwiftDriverJobDiscovery normal arm64 Compiling RenderRecoveryStateTests.swift (in target 'LecternAppTests' from project 'Lectern')

SwiftDriverJobDiscovery normal arm64 Compiling TemplateChoiceTests.swift (in target 'LecternAppTests' from project 'Lectern')

SwiftDriverJobDiscovery normal arm64 Compiling ProviderModelPairingTests.swift (in target 'LecternAppTests' from project 'Lectern')

SwiftDriverJobDiscovery normal arm64 Compiling AppStateTestContext.swift, DeckDeletionConfirmationTests.swift (in target 'LecternAppTests' from project 'Lectern')

SwiftDriverJobDiscovery normal arm64 Compiling SlideCountFanOutTests.swift (in target 'LecternAppTests' from project 'Lectern')

SwiftDriverJobDiscovery normal arm64 Emitting module for LecternAppTests (in target 'LecternAppTests' from project 'Lectern')

SwiftDriver\ Compilation\ Requirements LecternAppTests normal arm64 com.apple.xcode.tools.swift.compiler (in target 'LecternAppTests' from project 'Lectern')
    cd /path/to/user/.codex/worktrees/rostrum-metadata/rostrum/Lectern
    builtin-Swift-Compilation-Requirements -- /Applications/Xcode.app/Contents/Developer/Toolchains/XcodeDefault.xctoolchain/usr/bin/swiftc -module-name LecternAppTests -Onone @/tmp/lectern-transitions21-worker-xcode/Build/Intermediates.noindex/Lectern.build/Debug/LecternAppTests.build/Objects-normal/arm64/LecternAppTests.SwiftFileList -DDEBUG -plugin-path /Applications/Xcode.app/Contents/Developer/Toolchains/XcodeDefault.xctoolchain/usr/lib/swift/host/plugins/testing -enable-experimental-feature DebugDescriptionMacro -sdk /Applications/Xcode.app/Contents/Developer/Platforms/MacOSX.platform/Developer/SDKs/MacOSX27.0.sdk -target arm64-apple-macos26.0 -g -module-cache-path /tmp/lectern-transitions21-worker-xcode/ModuleCache.noindex -Xfrontend -serialize-debugging-options -enable-testing -index-store-path /tmp/lectern-transitions21-worker-xcode/Index.noindex/DataStore -Xcc -D_LIBCPP_HARDENING_MODE\=_LIBCPP_HARDENING_MODE_DEBUG -swift-version 6 -I /tmp/lectern-transitions21-worker-xcode/Build/Products/Debug -Isystem /Applications/Xcode.app/Contents/Developer/Platforms/MacOSX.platform/Developer/usr/lib -F /tmp/lectern-transitions21-worker-xcode/Build/Products/Debug/PackageFrameworks -F /tmp/lectern-transitions21-worker-xcode/Build/Products/Debug -F /Applications/Xcode.app/Contents/Developer/Platforms/MacOSX.platform/Developer/Library/Frameworks -c -j18 -enable-batch-mode -incremental -Xcc -ivfsstatcache -Xcc /tmp/lectern-transitions21-worker-xcode/SDKStatCaches.noindex/macosx27.0-26A425-e829b21a6f8c9b70876ba0858053c0447231f6df4def33e022ae2eb8f782df1a.sdkstatcache -output-file-map /tmp/lectern-transitions21-worker-xcode/Build/Intermediates.noindex/Lectern.build/Debug/LecternAppTests.build/Objects-normal/arm64/LecternAppTests-OutputFileMap.json -save-temps -no-color-diagnostics -explicit-module-build -module-cache-path /tmp/lectern-transitions21-worker-xcode/Build/Intermediates.noindex/SwiftExplicitPrecompiledModules -clang-scanner-module-cache-path /tmp/lectern-transitions21-worker-xcode/ModuleCache.noindex -sdk-module-cache-path /tmp/lectern-transitions21-worker-xcode/SDKExplicitPrecompiledModules -emit-dependencies -emit-module -emit-module-path /tmp/lectern-transitions21-worker-xcode/Build/Intermediates.noindex/Lectern.build/Debug/LecternAppTests.build/Objects-normal/arm64/LecternAppTests.swiftmodule -serialize-diagnostics -dependency-scan-serialize-diagnostics-path /tmp/lectern-transitions21-worker-xcode/Build/Intermediates.noindex/Lectern.build/Debug/LecternAppTests.build/Objects-normal/arm64/LecternAppTests-dependency-scan.dia -validate-clang-modules-once -clang-build-session-file /tmp/lectern-transitions21-worker-xcode/ModuleCache.noindex/Session.modulevalidation -Xcc -fmodules-prune-interval\=86400 -Xcc -fmodules-prune-after\=345600 -emit-const-values -const-gather-protocols-list /tmp/lectern-transitions21-worker-xcode/Build/Intermediates.noindex/Lectern.build/Debug/LecternAppTests.build/Objects-normal/arm64/LecternAppTests_const_extract_protocols.json -Xcc -iquote -Xcc /tmp/lectern-transitions21-worker-xcode/Build/Intermediates.noindex/Lectern.build/Debug/LecternAppTests.build/LecternAppTests-generated-files.hmap -Xcc -I/tmp/lectern-transitions21-worker-xcode/Build/Intermediates.noindex/Lectern.build/Debug/LecternAppTests.build/LecternAppTests-own-target-headers.hmap -Xcc -I/tmp/lectern-transitions21-worker-xcode/Build/Intermediates.noindex/Lectern.build/Debug/LecternAppTests.build/LecternAppTests-all-non-framework-target-headers.hmap -Xcc -ivfsoverlay -Xcc /tmp/lectern-transitions21-worker-xcode/Build/Intermediates.noindex/Lectern.build/Debug/Lectern-81dd8c5d5ffef3ab3b9caa0531f1f110-VFS/all-product-headers.yaml -Xcc -iquote -Xcc /tmp/lectern-transitions21-worker-xcode/Build/Intermediates.noindex/Lectern.build/Debug/LecternAppTests.build/LecternAppTests-project-headers.hmap -Xcc -I/tmp/lectern-transitions21-worker-xcode/Build/Products/Debug/include -Xcc -I/tmp/lectern-transitions21-worker-xcode/Build/Intermediates.noindex/Lectern.build/Debug/LecternAppTests.build/DerivedSources-normal/arm64 -Xcc -I/tmp/lectern-transitions21-worker-xcode/Build/Intermediates.noindex/Lectern.build/Debug/LecternAppTests.build/DerivedSources/arm64 -Xcc -I/tmp/lectern-transitions21-worker-xcode/Build/Intermediates.noindex/Lectern.build/Debug/LecternAppTests.build/DerivedSources -Xcc -DDEBUG\=1 -emit-objc-header -emit-objc-header-path /tmp/lectern-transitions21-worker-xcode/Build/Intermediates.noindex/Lectern.build/Debug/LecternAppTests.build/Objects-normal/arm64/LecternAppTests-Swift.h -working-directory /path/to/user/.codex/worktrees/rostrum-metadata/rostrum/Lectern -experimental-emit-module-separately -disable-cmo

SwiftMergeGeneratedHeaders /tmp/lectern-transitions21-worker-xcode/Build/Intermediates.noindex/Lectern.build/Debug/LecternAppTests.build/DerivedSources/LecternAppTests-Swift.h /tmp/lectern-transitions21-worker-xcode/Build/Intermediates.noindex/Lectern.build/Debug/LecternAppTests.build/Objects-normal/arm64/LecternAppTests-Swift.h (in target 'LecternAppTests' from project 'Lectern')
    cd /path/to/user/.codex/worktrees/rostrum-metadata/rostrum/Lectern
    builtin-swiftHeaderTool -arch arm64 /tmp/lectern-transitions21-worker-xcode/Build/Intermediates.noindex/Lectern.build/Debug/LecternAppTests.build/Objects-normal/arm64/LecternAppTests-Swift.h -o /tmp/lectern-transitions21-worker-xcode/Build/Intermediates.noindex/Lectern.build/Debug/LecternAppTests.build/DerivedSources/LecternAppTests-Swift.h

Copy /tmp/lectern-transitions21-worker-xcode/Build/Products/Debug/LecternAppTests.swiftmodule/arm64-apple-macos.swiftmodule /tmp/lectern-transitions21-worker-xcode/Build/Intermediates.noindex/Lectern.build/Debug/LecternAppTests.build/Objects-normal/arm64/LecternAppTests.swiftmodule (in target 'LecternAppTests' from project 'Lectern')
    cd /path/to/user/.codex/worktrees/rostrum-metadata/rostrum/Lectern
    builtin-copy -exclude .DS_Store -exclude CVS -exclude .svn -exclude .git -exclude .hg -resolve-src-symlinks -rename /tmp/lectern-transitions21-worker-xcode/Build/Intermediates.noindex/Lectern.build/Debug/LecternAppTests.build/Objects-normal/arm64/LecternAppTests.swiftmodule /tmp/lectern-transitions21-worker-xcode/Build/Products/Debug/LecternAppTests.swiftmodule/arm64-apple-macos.swiftmodule

Copy /tmp/lectern-transitions21-worker-xcode/Build/Products/Debug/LecternAppTests.swiftmodule/arm64-apple-macos.abi.json /tmp/lectern-transitions21-worker-xcode/Build/Intermediates.noindex/Lectern.build/Debug/LecternAppTests.build/Objects-normal/arm64/LecternAppTests.abi.json (in target 'LecternAppTests' from project 'Lectern')
    cd /path/to/user/.codex/worktrees/rostrum-metadata/rostrum/Lectern
    builtin-copy -exclude .DS_Store -exclude CVS -exclude .svn -exclude .git -exclude .hg -resolve-src-symlinks -rename /tmp/lectern-transitions21-worker-xcode/Build/Intermediates.noindex/Lectern.build/Debug/LecternAppTests.build/Objects-normal/arm64/LecternAppTests.abi.json /tmp/lectern-transitions21-worker-xcode/Build/Products/Debug/LecternAppTests.swiftmodule/arm64-apple-macos.abi.json

Copy /tmp/lectern-transitions21-worker-xcode/Build/Products/Debug/LecternAppTests.swiftmodule/arm64-apple-macos.swiftdoc /tmp/lectern-transitions21-worker-xcode/Build/Intermediates.noindex/Lectern.build/Debug/LecternAppTests.build/Objects-normal/arm64/LecternAppTests.swiftdoc (in target 'LecternAppTests' from project 'Lectern')
    cd /path/to/user/.codex/worktrees/rostrum-metadata/rostrum/Lectern
    builtin-copy -exclude .DS_Store -exclude CVS -exclude .svn -exclude .git -exclude .hg -resolve-src-symlinks -rename /tmp/lectern-transitions21-worker-xcode/Build/Intermediates.noindex/Lectern.build/Debug/LecternAppTests.build/Objects-normal/arm64/LecternAppTests.swiftdoc /tmp/lectern-transitions21-worker-xcode/Build/Products/Debug/LecternAppTests.swiftmodule/arm64-apple-macos.swiftdoc

Copy /tmp/lectern-transitions21-worker-xcode/Build/Products/Debug/LecternAppTests.swiftmodule/Project/arm64-apple-macos.swiftsourceinfo /tmp/lectern-transitions21-worker-xcode/Build/Intermediates.noindex/Lectern.build/Debug/LecternAppTests.build/Objects-normal/arm64/LecternAppTests.swiftsourceinfo (in target 'LecternAppTests' from project 'Lectern')
    cd /path/to/user/.codex/worktrees/rostrum-metadata/rostrum/Lectern
    builtin-copy -exclude .DS_Store -exclude CVS -exclude .svn -exclude .git -exclude .hg -resolve-src-symlinks -rename /tmp/lectern-transitions21-worker-xcode/Build/Intermediates.noindex/Lectern.build/Debug/LecternAppTests.build/Objects-normal/arm64/LecternAppTests.swiftsourceinfo /tmp/lectern-transitions21-worker-xcode/Build/Products/Debug/LecternAppTests.swiftmodule/Project/arm64-apple-macos.swiftsourceinfo

SwiftDriverJobDiscovery normal arm64 Compiling PreviewGeometryTests.swift, PreviewIdentityTests.swift (in target 'LecternAppTests' from project 'Lectern')

SwiftDriverJobDiscovery normal arm64 Compiling TemplateSelectionTests.swift (in target 'LecternAppTests' from project 'Lectern')

SwiftDriverJobDiscovery normal arm64 Compiling DeckInspectorStateTests.swift, ExportRequestTests.swift (in target 'LecternAppTests' from project 'Lectern')

SwiftDriverJobDiscovery normal arm64 Compiling AppIconAppearanceTests.swift, AppStateIsolationTests.swift (in target 'LecternAppTests' from project 'Lectern')

SwiftDriverJobDiscovery normal arm64 Compiling LibraryTableJoinProfilesTests.swift, LibraryTableTransitionsTests.swift (in target 'LecternAppTests' from project 'Lectern')

SwiftDriverJobDiscovery normal arm64 Compiling LibraryMixedFaceSpacingTests.swift, LibraryPartialTableStylesTests.swift (in target 'LecternAppTests' from project 'Lectern')

SwiftDriverJobDiscovery normal arm64 Compiling SlideRasterizerTests.swift (in target 'LecternAppTests' from project 'Lectern')

SwiftDriverJobDiscovery normal arm64 Compiling AppState.swift, ContentView.swift (in target 'Lectern' from project 'Lectern')

SwiftDriver\ Compilation Lectern normal arm64 com.apple.xcode.tools.swift.compiler (in target 'Lectern' from project 'Lectern')
    cd /path/to/user/.codex/worktrees/rostrum-metadata/rostrum/Lectern
    builtin-Swift-Compilation -- /Applications/Xcode.app/Contents/Developer/Toolchains/XcodeDefault.xctoolchain/usr/bin/swiftc -module-name Lectern -Onone @/tmp/lectern-transitions21-worker-xcode/Build/Intermediates.noindex/Lectern.build/Debug/Lectern.build/Objects-normal/arm64/Lectern.SwiftFileList -DDEBUG -enable-experimental-feature DebugDescriptionMacro -sdk /Applications/Xcode.app/Contents/Developer/Platforms/MacOSX.platform/Developer/SDKs/MacOSX27.0.sdk -target arm64-apple-macos26.0 -g -module-cache-path /tmp/lectern-transitions21-worker-xcode/ModuleCache.noindex -Xfrontend -serialize-debugging-options -enable-testing -index-store-path /tmp/lectern-transitions21-worker-xcode/Index.noindex/DataStore -Xcc -D_LIBCPP_HARDENING_MODE\=_LIBCPP_HARDENING_MODE_DEBUG -swift-version 6 -I /tmp/lectern-transitions21-worker-xcode/Build/Products/Debug -F /tmp/lectern-transitions21-worker-xcode/Build/Products/Debug/PackageFrameworks -F /tmp/lectern-transitions21-worker-xcode/Build/Products/Debug -c -j18 -enable-batch-mode -incremental -Xcc -ivfsstatcache -Xcc /tmp/lectern-transitions21-worker-xcode/SDKStatCaches.noindex/macosx27.0-26A425-e829b21a6f8c9b70876ba0858053c0447231f6df4def33e022ae2eb8f782df1a.sdkstatcache -output-file-map /tmp/lectern-transitions21-worker-xcode/Build/Intermediates.noindex/Lectern.build/Debug/Lectern.build/Objects-normal/arm64/Lectern-OutputFileMap.json -save-temps -no-color-diagnostics -explicit-module-build -module-cache-path /tmp/lectern-transitions21-worker-xcode/Build/Intermediates.noindex/SwiftExplicitPrecompiledModules -clang-scanner-module-cache-path /tmp/lectern-transitions21-worker-xcode/ModuleCache.noindex -sdk-module-cache-path /tmp/lectern-transitions21-worker-xcode/SDKExplicitPrecompiledModules -emit-dependencies -emit-module -emit-module-path /tmp/lectern-transitions21-worker-xcode/Build/Intermediates.noindex/Lectern.build/Debug/Lectern.build/Objects-normal/arm64/Lectern.swiftmodule -serialize-diagnostics -dependency-scan-serialize-diagnostics-path /tmp/lectern-transitions21-worker-xcode/Build/Intermediates.noindex/Lectern.build/Debug/Lectern.build/Objects-normal/arm64/Lectern-dependency-scan.dia -validate-clang-modules-once -clang-build-session-file /tmp/lectern-transitions21-worker-xcode/ModuleCache.noindex/Session.modulevalidation -Xcc -fmodules-prune-interval\=86400 -Xcc -fmodules-prune-after\=345600 -emit-const-values -const-gather-protocols-list /tmp/lectern-transitions21-worker-xcode/Build/Intermediates.noindex/Lectern.build/Debug/Lectern.build/Objects-normal/arm64/Lectern_const_extract_protocols.json -Xcc -iquote -Xcc /tmp/lectern-transitions21-worker-xcode/Build/Intermediates.noindex/Lectern.build/Debug/Lectern.build/Lectern-generated-files.hmap -Xcc -I/tmp/lectern-transitions21-worker-xcode/Build/Intermediates.noindex/Lectern.build/Debug/Lectern.build/Lectern-own-target-headers.hmap -Xcc -I/tmp/lectern-transitions21-worker-xcode/Build/Intermediates.noindex/Lectern.build/Debug/Lectern.build/Lectern-all-non-framework-target-headers.hmap -Xcc -ivfsoverlay -Xcc /tmp/lectern-transitions21-worker-xcode/Build/Intermediates.noindex/Lectern.build/Debug/Lectern-81dd8c5d5ffef3ab3b9caa0531f1f110-VFS/all-product-headers.yaml -Xcc -iquote -Xcc /tmp/lectern-transitions21-worker-xcode/Build/Intermediates.noindex/Lectern.build/Debug/Lectern.build/Lectern-project-headers.hmap -Xcc -I/tmp/lectern-transitions21-worker-xcode/Build/Products/Debug/include -Xcc -I/tmp/lectern-transitions21-worker-xcode/Build/Intermediates.noindex/Lectern.build/Debug/Lectern.build/DerivedSources-normal/arm64 -Xcc -I/tmp/lectern-transitions21-worker-xcode/Build/Intermediates.noindex/Lectern.build/Debug/Lectern.build/DerivedSources/arm64 -Xcc -I/tmp/lectern-transitions21-worker-xcode/Build/Intermediates.noindex/Lectern.build/Debug/Lectern.build/DerivedSources -Xcc -DDEBUG\=1 -emit-objc-header -emit-objc-header-path /tmp/lectern-transitions21-worker-xcode/Build/Intermediates.noindex/Lectern.build/Debug/Lectern.build/Objects-normal/arm64/Lectern-Swift.h -working-directory /path/to/user/.codex/worktrees/rostrum-metadata/rostrum/Lectern -experimental-emit-module-separately -disable-cmo

Ld /tmp/lectern-transitions21-worker-xcode/Build/Products/Debug/Lectern.app/Contents/MacOS/Lectern.debug.dylib normal (in target 'Lectern' from project 'Lectern')
    cd /path/to/user/.codex/worktrees/rostrum-metadata/rostrum/Lectern
    /Applications/Xcode.app/Contents/Developer/Toolchains/XcodeDefault.xctoolchain/usr/bin/clang -Xlinker -reproducible -target arm64-apple-macos26.0 -dynamiclib -isysroot /Applications/Xcode.app/Contents/Developer/Platforms/MacOSX.platform/Developer/SDKs/MacOSX27.0.sdk -O0 -Xlinker -no_warn_duplicate_libraries -L/tmp/lectern-transitions21-worker-xcode/Build/Intermediates.noindex/EagerLinkingTBDs/Debug -L/tmp/lectern-transitions21-worker-xcode/Build/Products/Debug -F/tmp/lectern-transitions21-worker-xcode/Build/Intermediates.noindex/EagerLinkingTBDs/Debug -F/tmp/lectern-transitions21-worker-xcode/Build/Products/Debug/PackageFrameworks -F/tmp/lectern-transitions21-worker-xcode/Build/Products/Debug -filelist /tmp/lectern-transitions21-worker-xcode/Build/Intermediates.noindex/Lectern.build/Debug/Lectern.build/Objects-normal/arm64/Lectern.LinkFileList -install_name @rpath/Lectern.debug.dylib -Xlinker -rpath -Xlinker @loader_path -Xlinker -rpath -Xlinker /tmp/lectern-transitions21-worker-xcode/Build/Products/Debug/PackageFrameworks -Xlinker -rpath -Xlinker @executable_path/../Frameworks -Xlinker -object_path_lto -Xlinker /tmp/lectern-transitions21-worker-xcode/Build/Intermediates.noindex/Lectern.build/Debug/Lectern.build/Objects-normal/arm64/Lectern_lto.o -rdynamic -Xlinker -no_deduplicate -Xlinker -dependency_info -Xlinker /tmp/lectern-transitions21-worker-xcode/Build/Intermediates.noindex/Lectern.build/Debug/Lectern.build/Objects-normal/arm64/Lectern_dependency_info.dat -fobjc-link-runtime -L/Applications/Xcode.app/Contents/Developer/Toolchains/XcodeDefault.xctoolchain/usr/lib/swift/macosx -L/usr/lib/swift -Xlinker -add_ast_path -Xlinker /tmp/lectern-transitions21-worker-xcode/Build/Intermediates.noindex/Lectern.build/Debug/Lectern.build/Objects-normal/arm64/Lectern.swiftmodule -Xlinker -alias -Xlinker _main -Xlinker ___debug_main_executable_dylib_entry_point /tmp/lectern-transitions21-worker-xcode/Build/Products/Debug/PackageFrameworks/LecternCore_44D1C1332000B761_PackageProduct.framework/Versions/A/LecternCore_44D1C1332000B761_PackageProduct /tmp/lectern-transitions21-worker-xcode/Build/Products/Debug/PackageFrameworks/Rostrum.framework/Versions/A/Rostrum -Xlinker -no_adhoc_codesign -o /tmp/lectern-transitions21-worker-xcode/Build/Products/Debug/Lectern.app/Contents/MacOS/Lectern.debug.dylib

SwiftDriverJobDiscovery normal arm64 Compiling LibraryStartupTests.swift, LibraryTableDefaultsTests.swift (in target 'LecternAppTests' from project 'Lectern')

SwiftDriverJobDiscovery normal arm64 Compiling LibraryTextAlignmentTests.swift, NotesPagePreviewTests.swift (in target 'LecternAppTests' from project 'Lectern')

ConstructStubExecutorLinkFileList /tmp/lectern-transitions21-worker-xcode/Build/Intermediates.noindex/Lectern.build/Debug/Lectern.build/Lectern-ExecutorLinkFileList-normal-arm64.txt (in target 'Lectern' from project 'Lectern')
    cd /path/to/user/.codex/worktrees/rostrum-metadata/rostrum/Lectern
    construct-stub-executor-link-file-list /tmp/lectern-transitions21-worker-xcode/Build/Products/Debug/Lectern.app/Contents/MacOS/Lectern.debug.dylib /Applications/Xcode.app/Contents/Developer/Platforms/MacOSX.platform/Developer/usr/lib/libPreviewsJITStubExecutor_no_swift_entry_point.a /Applications/Xcode.app/Contents/Developer/Platforms/MacOSX.platform/Developer/usr/lib/libPreviewsJITStubExecutor.a --output /tmp/lectern-transitions21-worker-xcode/Build/Intermediates.noindex/Lectern.build/Debug/Lectern.build/Lectern-ExecutorLinkFileList-normal-arm64.txt
note: Using stub executor library with Swift entry point. (in target 'Lectern' from project 'Lectern')

Ld /tmp/lectern-transitions21-worker-xcode/Build/Products/Debug/Lectern.app/Contents/MacOS/Lectern normal (in target 'Lectern' from project 'Lectern')
    cd /path/to/user/.codex/worktrees/rostrum-metadata/rostrum/Lectern
    /Applications/Xcode.app/Contents/Developer/Toolchains/XcodeDefault.xctoolchain/usr/bin/clang -Xlinker -reproducible -target arm64-apple-macos26.0 -isysroot /Applications/Xcode.app/Contents/Developer/Platforms/MacOSX.platform/Developer/SDKs/MacOSX27.0.sdk -O0 -Xlinker -no_warn_duplicate_libraries -L/tmp/lectern-transitions21-worker-xcode/Build/Products/Debug -F/tmp/lectern-transitions21-worker-xcode/Build/Products/Debug/PackageFrameworks -F/tmp/lectern-transitions21-worker-xcode/Build/Products/Debug -Xlinker -rpath -Xlinker @executable_path -Xlinker -rpath -Xlinker @loader_path -Xlinker -rpath -Xlinker /tmp/lectern-transitions21-worker-xcode/Build/Products/Debug/PackageFrameworks -Xlinker -rpath -Xlinker @executable_path/../Frameworks -rdynamic -Xlinker -no_deduplicate -e ___debug_blank_executor_main -Xlinker -sectcreate -Xlinker __TEXT -Xlinker __debug_dylib -Xlinker /tmp/lectern-transitions21-worker-xcode/Build/Intermediates.noindex/Lectern.build/Debug/Lectern.build/Lectern-DebugDylibPath-normal-arm64.txt -Xlinker -sectcreate -Xlinker __TEXT -Xlinker __debug_instlnm -Xlinker /tmp/lectern-transitions21-worker-xcode/Build/Intermediates.noindex/Lectern.build/Debug/Lectern.build/Lectern-DebugDylibInstallName-normal-arm64.txt -Xlinker -filelist -Xlinker /tmp/lectern-transitions21-worker-xcode/Build/Intermediates.noindex/Lectern.build/Debug/Lectern.build/Lectern-ExecutorLinkFileList-normal-arm64.txt /tmp/lectern-transitions21-worker-xcode/Build/Products/Debug/Lectern.app/Contents/MacOS/Lectern.debug.dylib -Xlinker -no_adhoc_codesign -o /tmp/lectern-transitions21-worker-xcode/Build/Products/Debug/Lectern.app/Contents/MacOS/Lectern

ExtractAppIntentsMetadata (in target 'Lectern' from project 'Lectern')
    cd /path/to/user/.codex/worktrees/rostrum-metadata/rostrum/Lectern
    /Applications/Xcode.app/Contents/Developer/Toolchains/XcodeDefault.xctoolchain/usr/bin/appintentsmetadataprocessor --toolchain-dir /var/run/com.apple.security.cryptexd/mnt/com.apple.MobileAsset.MetalToolchain-v27.1.266.1.vjktuc/Metal.xctoolchain --module-name Lectern --sdk-root /Applications/Xcode.app/Contents/Developer/Platforms/MacOSX.platform/Developer/SDKs/MacOSX27.0.sdk --xcode-version 27A266a --platform-family macOS --deployment-target 26.0 --bundle-identifier com.lectern.app --output /tmp/lectern-transitions21-worker-xcode/Build/Products/Debug/Lectern.app/Contents/Resources --target-triple arm64-apple-macos26.0 --binary-file /tmp/lectern-transitions21-worker-xcode/Build/Products/Debug/Lectern.app/Contents/MacOS/Lectern --dependency-file /tmp/lectern-transitions21-worker-xcode/Build/Intermediates.noindex/Lectern.build/Debug/Lectern.build/Objects-normal/arm64/Lectern_dependency_info.dat --stringsdata-file /tmp/lectern-transitions21-worker-xcode/Build/Intermediates.noindex/Lectern.build/Debug/Lectern.build/Objects-normal/arm64/ExtractedAppShortcutsMetadata.stringsdata --source-file-list /tmp/lectern-transitions21-worker-xcode/Build/Intermediates.noindex/Lectern.build/Debug/Lectern.build/Objects-normal/arm64/Lectern.SwiftFileList --metadata-file-list /tmp/lectern-transitions21-worker-xcode/Build/Intermediates.noindex/Lectern.build/Debug/Lectern.build/Lectern.DependencyMetadataFileList --static-metadata-file-list /tmp/lectern-transitions21-worker-xcode/Build/Intermediates.noindex/Lectern.build/Debug/Lectern.build/Lectern.DependencyStaticMetadataFileList --swift-const-vals-list /tmp/lectern-transitions21-worker-xcode/Build/Intermediates.noindex/Lectern.build/Debug/Lectern.build/Objects-normal/arm64/Lectern.SwiftConstValuesFileList --compile-time-extraction --deployment-aware-processing --no-app-shortcuts-localization
2026-10-04 19:23:32.068 appintentsmetadataprocessor[89116:7845127] Starting appintentsmetadataprocessor export
2026-10-04 19:23:32.070 appintentsmetadataprocessor[89116:7845127] warning: Metadata extraction skipped, no AppIntents.framework dependency found

CopySwiftLibs /tmp/lectern-transitions21-worker-xcode/Build/Products/Debug/Lectern.app (in target 'Lectern' from project 'Lectern')
    cd /path/to/user/.codex/worktrees/rostrum-metadata/rostrum/Lectern
    builtin-swiftStdLibTool --copy --verbose --sign 7B35F3DA522EE581F12475E7DD419B93C1AF1C6D --scan-executable /tmp/lectern-transitions21-worker-xcode/Build/Products/Debug/Lectern.app/Contents/MacOS/Lectern.debug.dylib --scan-folder /tmp/lectern-transitions21-worker-xcode/Build/Products/Debug/Lectern.app/Contents/Frameworks --scan-folder /tmp/lectern-transitions21-worker-xcode/Build/Products/Debug/Lectern.app/Contents/PlugIns --scan-folder /tmp/lectern-transitions21-worker-xcode/Build/Products/Debug/Lectern.app/Contents/Library/SystemExtensions --scan-folder /tmp/lectern-transitions21-worker-xcode/Build/Products/Debug/Lectern.app/Contents/Extensions --scan-folder /tmp/lectern-transitions21-worker-xcode/Build/Products/Debug/PackageFrameworks/LecternCore_44D1C1332000B761_PackageProduct.framework --platform macosx --toolchain /var/run/com.apple.security.cryptexd/mnt/com.apple.MobileAsset.MetalToolchain-v27.1.266.1.vjktuc/Metal.xctoolchain --toolchain /Applications/Xcode.app/Contents/Developer/Toolchains/XcodeDefault.xctoolchain --destination /tmp/lectern-transitions21-worker-xcode/Build/Products/Debug/Lectern.app/Contents/Frameworks --strip-bitcode --strip-bitcode-tool /Applications/Xcode.app/Contents/Developer/Toolchains/XcodeDefault.xctoolchain/usr/bin/bitcode_strip --emit-dependency-info /tmp/lectern-transitions21-worker-xcode/Build/Intermediates.noindex/Lectern.build/Debug/Lectern.build/SwiftStdLibToolInputDependencies.dep --filter-for-swift-os

SwiftDriverJobDiscovery normal arm64 Compiling ImageCacheBoundsTests.swift, InspectionRequestTests.swift (in target 'LecternAppTests' from project 'Lectern')

CpResource /tmp/lectern-transitions21-worker-xcode/Build/Products/Debug/Lectern.app/Contents/PlugIns/LecternAppTests.xctest/Contents/Resources/Fixtures /path/to/user/.codex/worktrees/rostrum-metadata/rostrum/Lectern/AppTests/Fixtures (in target 'LecternAppTests' from project 'Lectern')
    cd /path/to/user/.codex/worktrees/rostrum-metadata/rostrum/Lectern
    builtin-copy -exclude .DS_Store -exclude CVS -exclude .svn -exclude .git -exclude .hg -resolve-src-symlinks /path/to/user/.codex/worktrees/rostrum-metadata/rostrum/Lectern/AppTests/Fixtures /tmp/lectern-transitions21-worker-xcode/Build/Products/Debug/Lectern.app/Contents/PlugIns/LecternAppTests.xctest/Contents/Resources

Copy /tmp/lectern-transitions21-worker-xcode/Build/Products/Debug/Lectern.app/Contents/PlugIns/LecternAppTests.xctest/Contents/Resources/LecternCore_LecternCore.bundle /tmp/lectern-transitions21-worker-xcode/Build/Products/Debug/LecternCore_LecternCore.bundle (in target 'LecternAppTests' from project 'Lectern')
    cd /path/to/user/.codex/worktrees/rostrum-metadata/rostrum/Lectern
    builtin-copy -exclude .DS_Store -exclude CVS -exclude .svn -exclude .git -exclude .hg -resolve-src-symlinks /tmp/lectern-transitions21-worker-xcode/Build/Products/Debug/LecternCore_LecternCore.bundle /tmp/lectern-transitions21-worker-xcode/Build/Products/Debug/Lectern.app/Contents/PlugIns/LecternAppTests.xctest/Contents/Resources

Copy /tmp/lectern-transitions21-worker-xcode/Build/Products/Debug/Lectern.app/Contents/PlugIns/LecternAppTests.xctest/Contents/Frameworks/RostrumLayout_41E2EB293FB7CC87_PackageProduct.framework /tmp/lectern-transitions21-worker-xcode/Build/Products/Debug/PackageFrameworks/RostrumLayout_41E2EB293FB7CC87_PackageProduct.framework (in target 'LecternAppTests' from project 'Lectern')
    cd /path/to/user/.codex/worktrees/rostrum-metadata/rostrum/Lectern
    builtin-copy -exclude .DS_Store -exclude CVS -exclude .svn -exclude .git -exclude .hg -resolve-src-symlinks -remove-static-executable /tmp/lectern-transitions21-worker-xcode/Build/Products/Debug/PackageFrameworks/RostrumLayout_41E2EB293FB7CC87_PackageProduct.framework /tmp/lectern-transitions21-worker-xcode/Build/Products/Debug/Lectern.app/Contents/PlugIns/LecternAppTests.xctest/Contents/Frameworks

Copy /tmp/lectern-transitions21-worker-xcode/Build/Products/Debug/Lectern.app/Contents/PlugIns/LecternAppTests.xctest/Contents/Frameworks/Rostrum.framework /tmp/lectern-transitions21-worker-xcode/Build/Products/Debug/PackageFrameworks/Rostrum.framework (in target 'LecternAppTests' from project 'Lectern')
    cd /path/to/user/.codex/worktrees/rostrum-metadata/rostrum/Lectern
    builtin-copy -exclude .DS_Store -exclude CVS -exclude .svn -exclude .git -exclude .hg -resolve-src-symlinks -remove-static-executable /tmp/lectern-transitions21-worker-xcode/Build/Products/Debug/PackageFrameworks/Rostrum.framework /tmp/lectern-transitions21-worker-xcode/Build/Products/Debug/Lectern.app/Contents/PlugIns/LecternAppTests.xctest/Contents/Frameworks

Copy /tmp/lectern-transitions21-worker-xcode/Build/Products/Debug/Lectern.app/Contents/PlugIns/LecternAppTests.xctest/Contents/Frameworks/LecternCore_44D1C1332000B761_PackageProduct.framework /tmp/lectern-transitions21-worker-xcode/Build/Products/Debug/PackageFrameworks/LecternCore_44D1C1332000B761_PackageProduct.framework (in target 'LecternAppTests' from project 'Lectern')
    cd /path/to/user/.codex/worktrees/rostrum-metadata/rostrum/Lectern
    builtin-copy -exclude .DS_Store -exclude CVS -exclude .svn -exclude .git -exclude .hg -resolve-src-symlinks -remove-static-executable /tmp/lectern-transitions21-worker-xcode/Build/Products/Debug/PackageFrameworks/LecternCore_44D1C1332000B761_PackageProduct.framework /tmp/lectern-transitions21-worker-xcode/Build/Products/Debug/Lectern.app/Contents/PlugIns/LecternAppTests.xctest/Contents/Frameworks

CodeSign /tmp/lectern-transitions21-worker-xcode/Build/Products/Debug/Lectern.app/Contents/PlugIns/LecternAppTests.xctest/Contents/Frameworks/RostrumLayout_41E2EB293FB7CC87_PackageProduct.framework/Versions/A (in target 'LecternAppTests' from project 'Lectern')
    cd /path/to/user/.codex/worktrees/rostrum-metadata/rostrum/Lectern

    Signing Identity:     "Apple Development: Local Developer"

    /usr/bin/codesign --force --sign 7B35F3DA522EE581F12475E7DD419B93C1AF1C6D --timestamp\=none --preserve-metadata\=identifier,entitlements,flags --generate-entitlement-der /tmp/lectern-transitions21-worker-xcode/Build/Products/Debug/Lectern.app/Contents/PlugIns/LecternAppTests.xctest/Contents/Frameworks/RostrumLayout_41E2EB293FB7CC87_PackageProduct.framework/Versions/A
/tmp/lectern-transitions21-worker-xcode/Build/Products/Debug/Lectern.app/Contents/PlugIns/LecternAppTests.xctest/Contents/Frameworks/RostrumLayout_41E2EB293FB7CC87_PackageProduct.framework/Versions/A: replacing existing signature

CodeSign /tmp/lectern-transitions21-worker-xcode/Build/Products/Debug/Lectern.app/Contents/PlugIns/LecternAppTests.xctest/Contents/Frameworks/Rostrum.framework/Versions/A (in target 'LecternAppTests' from project 'Lectern')
    cd /path/to/user/.codex/worktrees/rostrum-metadata/rostrum/Lectern

    Signing Identity:     "Apple Development: Local Developer"

    /usr/bin/codesign --force --sign 7B35F3DA522EE581F12475E7DD419B93C1AF1C6D --timestamp\=none --preserve-metadata\=identifier,entitlements,flags --generate-entitlement-der /tmp/lectern-transitions21-worker-xcode/Build/Products/Debug/Lectern.app/Contents/PlugIns/LecternAppTests.xctest/Contents/Frameworks/Rostrum.framework/Versions/A
/tmp/lectern-transitions21-worker-xcode/Build/Products/Debug/Lectern.app/Contents/PlugIns/LecternAppTests.xctest/Contents/Frameworks/Rostrum.framework/Versions/A: replacing existing signature

ProcessInfoPlistFile /tmp/lectern-transitions21-worker-xcode/Build/Products/Debug/Lectern.app/Contents/PlugIns/LecternAppTests.xctest/Contents/Info.plist /tmp/lectern-transitions21-worker-xcode/Build/Intermediates.noindex/Lectern.build/Debug/LecternAppTests.build/empty-LecternAppTests.plist (in target 'LecternAppTests' from project 'Lectern')
    cd /path/to/user/.codex/worktrees/rostrum-metadata/rostrum/Lectern
    builtin-infoPlistUtility /tmp/lectern-transitions21-worker-xcode/Build/Intermediates.noindex/Lectern.build/Debug/LecternAppTests.build/empty-LecternAppTests.plist -producttype com.apple.product-type.bundle.unit-test -expandbuildsettings -platform macosx -scanforprivacyfile /tmp/lectern-transitions21-worker-xcode/Build/Products/Debug/Lectern.app/Contents/PlugIns/LecternAppTests.xctest/Contents/Resources/LecternCore_LecternCore.bundle -o /tmp/lectern-transitions21-worker-xcode/Build/Products/Debug/Lectern.app/Contents/PlugIns/LecternAppTests.xctest/Contents/Info.plist

CodeSign /tmp/lectern-transitions21-worker-xcode/Build/Products/Debug/Lectern.app/Contents/PlugIns/LecternAppTests.xctest/Contents/Frameworks/LecternCore_44D1C1332000B761_PackageProduct.framework/Versions/A (in target 'LecternAppTests' from project 'Lectern')
    cd /path/to/user/.codex/worktrees/rostrum-metadata/rostrum/Lectern

    Signing Identity:     "Apple Development: Local Developer"

    /usr/bin/codesign --force --sign 7B35F3DA522EE581F12475E7DD419B93C1AF1C6D --timestamp\=none --preserve-metadata\=identifier,entitlements,flags --generate-entitlement-der /tmp/lectern-transitions21-worker-xcode/Build/Products/Debug/Lectern.app/Contents/PlugIns/LecternAppTests.xctest/Contents/Frameworks/LecternCore_44D1C1332000B761_PackageProduct.framework/Versions/A
/tmp/lectern-transitions21-worker-xcode/Build/Products/Debug/Lectern.app/Contents/PlugIns/LecternAppTests.xctest/Contents/Frameworks/LecternCore_44D1C1332000B761_PackageProduct.framework/Versions/A: replacing existing signature

SwiftDriverJobDiscovery normal arm64 Compiling FileImportFailureTests.swift, GlyphPaintWebKitTests.swift (in target 'LecternAppTests' from project 'Lectern')

SwiftDriverJobDiscovery normal arm64 Compiling LibraryLabTests.swift, LibraryListMarkerTests.swift (in target 'LecternAppTests' from project 'Lectern')

SwiftDriver\ Compilation LecternAppTests normal arm64 com.apple.xcode.tools.swift.compiler (in target 'LecternAppTests' from project 'Lectern')
    cd /path/to/user/.codex/worktrees/rostrum-metadata/rostrum/Lectern
    builtin-Swift-Compilation -- /Applications/Xcode.app/Contents/Developer/Toolchains/XcodeDefault.xctoolchain/usr/bin/swiftc -module-name LecternAppTests -Onone @/tmp/lectern-transitions21-worker-xcode/Build/Intermediates.noindex/Lectern.build/Debug/LecternAppTests.build/Objects-normal/arm64/LecternAppTests.SwiftFileList -DDEBUG -plugin-path /Applications/Xcode.app/Contents/Developer/Toolchains/XcodeDefault.xctoolchain/usr/lib/swift/host/plugins/testing -enable-experimental-feature DebugDescriptionMacro -sdk /Applications/Xcode.app/Contents/Developer/Platforms/MacOSX.platform/Developer/SDKs/MacOSX27.0.sdk -target arm64-apple-macos26.0 -g -module-cache-path /tmp/lectern-transitions21-worker-xcode/ModuleCache.noindex -Xfrontend -serialize-debugging-options -enable-testing -index-store-path /tmp/lectern-transitions21-worker-xcode/Index.noindex/DataStore -Xcc -D_LIBCPP_HARDENING_MODE\=_LIBCPP_HARDENING_MODE_DEBUG -swift-version 6 -I /tmp/lectern-transitions21-worker-xcode/Build/Products/Debug -Isystem /Applications/Xcode.app/Contents/Developer/Platforms/MacOSX.platform/Developer/usr/lib -F /tmp/lectern-transitions21-worker-xcode/Build/Products/Debug/PackageFrameworks -F /tmp/lectern-transitions21-worker-xcode/Build/Products/Debug -F /Applications/Xcode.app/Contents/Developer/Platforms/MacOSX.platform/Developer/Library/Frameworks -c -j18 -enable-batch-mode -incremental -Xcc -ivfsstatcache -Xcc /tmp/lectern-transitions21-worker-xcode/SDKStatCaches.noindex/macosx27.0-26A425-e829b21a6f8c9b70876ba0858053c0447231f6df4def33e022ae2eb8f782df1a.sdkstatcache -output-file-map /tmp/lectern-transitions21-worker-xcode/Build/Intermediates.noindex/Lectern.build/Debug/LecternAppTests.build/Objects-normal/arm64/LecternAppTests-OutputFileMap.json -save-temps -no-color-diagnostics -explicit-module-build -module-cache-path /tmp/lectern-transitions21-worker-xcode/Build/Intermediates.noindex/SwiftExplicitPrecompiledModules -clang-scanner-module-cache-path /tmp/lectern-transitions21-worker-xcode/ModuleCache.noindex -sdk-module-cache-path /tmp/lectern-transitions21-worker-xcode/SDKExplicitPrecompiledModules -emit-dependencies -emit-module -emit-module-path /tmp/lectern-transitions21-worker-xcode/Build/Intermediates.noindex/Lectern.build/Debug/LecternAppTests.build/Objects-normal/arm64/LecternAppTests.swiftmodule -serialize-diagnostics -dependency-scan-serialize-diagnostics-path /tmp/lectern-transitions21-worker-xcode/Build/Intermediates.noindex/Lectern.build/Debug/LecternAppTests.build/Objects-normal/arm64/LecternAppTests-dependency-scan.dia -validate-clang-modules-once -clang-build-session-file /tmp/lectern-transitions21-worker-xcode/ModuleCache.noindex/Session.modulevalidation -Xcc -fmodules-prune-interval\=86400 -Xcc -fmodules-prune-after\=345600 -emit-const-values -const-gather-protocols-list /tmp/lectern-transitions21-worker-xcode/Build/Intermediates.noindex/Lectern.build/Debug/LecternAppTests.build/Objects-normal/arm64/LecternAppTests_const_extract_protocols.json -Xcc -iquote -Xcc /tmp/lectern-transitions21-worker-xcode/Build/Intermediates.noindex/Lectern.build/Debug/LecternAppTests.build/LecternAppTests-generated-files.hmap -Xcc -I/tmp/lectern-transitions21-worker-xcode/Build/Intermediates.noindex/Lectern.build/Debug/LecternAppTests.build/LecternAppTests-own-target-headers.hmap -Xcc -I/tmp/lectern-transitions21-worker-xcode/Build/Intermediates.noindex/Lectern.build/Debug/LecternAppTests.build/LecternAppTests-all-non-framework-target-headers.hmap -Xcc -ivfsoverlay -Xcc /tmp/lectern-transitions21-worker-xcode/Build/Intermediates.noindex/Lectern.build/Debug/Lectern-81dd8c5d5ffef3ab3b9caa0531f1f110-VFS/all-product-headers.yaml -Xcc -iquote -Xcc /tmp/lectern-transitions21-worker-xcode/Build/Intermediates.noindex/Lectern.build/Debug/LecternAppTests.build/LecternAppTests-project-headers.hmap -Xcc -I/tmp/lectern-transitions21-worker-xcode/Build/Products/Debug/include -Xcc -I/tmp/lectern-transitions21-worker-xcode/Build/Intermediates.noindex/Lectern.build/Debug/LecternAppTests.build/DerivedSources-normal/arm64 -Xcc -I/tmp/lectern-transitions21-worker-xcode/Build/Intermediates.noindex/Lectern.build/Debug/LecternAppTests.build/DerivedSources/arm64 -Xcc -I/tmp/lectern-transitions21-worker-xcode/Build/Intermediates.noindex/Lectern.build/Debug/LecternAppTests.build/DerivedSources -Xcc -DDEBUG\=1 -emit-objc-header -emit-objc-header-path /tmp/lectern-transitions21-worker-xcode/Build/Intermediates.noindex/Lectern.build/Debug/LecternAppTests.build/Objects-normal/arm64/LecternAppTests-Swift.h -working-directory /path/to/user/.codex/worktrees/rostrum-metadata/rostrum/Lectern -experimental-emit-module-separately -disable-cmo

Ld /tmp/lectern-transitions21-worker-xcode/Build/Products/Debug/Lectern.app/Contents/PlugIns/LecternAppTests.xctest/Contents/MacOS/LecternAppTests normal (in target 'LecternAppTests' from project 'Lectern')
    cd /path/to/user/.codex/worktrees/rostrum-metadata/rostrum/Lectern
    /Applications/Xcode.app/Contents/Developer/Toolchains/XcodeDefault.xctoolchain/usr/bin/clang -Xlinker -reproducible -target arm64-apple-macos26.0 -bundle -isysroot /Applications/Xcode.app/Contents/Developer/Platforms/MacOSX.platform/Developer/SDKs/MacOSX27.0.sdk -O0 -Xlinker -no_warn_duplicate_libraries -L/tmp/lectern-transitions21-worker-xcode/Build/Intermediates.noindex/EagerLinkingTBDs/Debug -L/tmp/lectern-transitions21-worker-xcode/Build/Products/Debug -L/Applications/Xcode.app/Contents/Developer/Platforms/MacOSX.platform/Developer/usr/lib -F/tmp/lectern-transitions21-worker-xcode/Build/Intermediates.noindex/EagerLinkingTBDs/Debug -F/tmp/lectern-transitions21-worker-xcode/Build/Products/Debug/PackageFrameworks -F/tmp/lectern-transitions21-worker-xcode/Build/Products/Debug -iframework /Applications/Xcode.app/Contents/Developer/Platforms/MacOSX.platform/Developer/Library/Frameworks -filelist /tmp/lectern-transitions21-worker-xcode/Build/Intermediates.noindex/Lectern.build/Debug/LecternAppTests.build/Objects-normal/arm64/LecternAppTests.LinkFileList -Xlinker -rpath -Xlinker @loader_path -Xlinker -rpath -Xlinker /tmp/lectern-transitions21-worker-xcode/Build/Products/Debug/PackageFrameworks -Xlinker -rpath -Xlinker @loader_path/../Frameworks -Xlinker -rpath -Xlinker @executable_path/../Frameworks -bundle_loader /tmp/lectern-transitions21-worker-xcode/Build/Products/Debug/Lectern.app/Contents/MacOS/Lectern -Xlinker -object_path_lto -Xlinker /tmp/lectern-transitions21-worker-xcode/Build/Intermediates.noindex/Lectern.build/Debug/LecternAppTests.build/Objects-normal/arm64/LecternAppTests_lto.o -rdynamic -Xlinker -no_deduplicate -Xlinker -dependency_info -Xlinker /tmp/lectern-transitions21-worker-xcode/Build/Intermediates.noindex/Lectern.build/Debug/LecternAppTests.build/Objects-normal/arm64/LecternAppTests_dependency_info.dat -fobjc-link-runtime -L/Applications/Xcode.app/Contents/Developer/Toolchains/XcodeDefault.xctoolchain/usr/lib/swift/macosx -L/usr/lib/swift -Xlinker -add_ast_path -Xlinker /tmp/lectern-transitions21-worker-xcode/Build/Intermediates.noindex/Lectern.build/Debug/LecternAppTests.build/Objects-normal/arm64/LecternAppTests.swiftmodule -Xlinker -needed_framework -Xlinker XCTest -framework XCTest -Xlinker -needed-lXCTestSwiftSupport -lXCTestSwiftSupport /tmp/lectern-transitions21-worker-xcode/Build/Products/Debug/PackageFrameworks/LecternCore_44D1C1332000B761_PackageProduct.framework/Versions/A/LecternCore_44D1C1332000B761_PackageProduct /tmp/lectern-transitions21-worker-xcode/Build/Products/Debug/PackageFrameworks/Rostrum.framework/Versions/A/Rostrum /tmp/lectern-transitions21-worker-xcode/Build/Products/Debug/Lectern.app/Contents/MacOS/Lectern.debug.dylib -Xlinker -no_adhoc_codesign -o /tmp/lectern-transitions21-worker-xcode/Build/Products/Debug/Lectern.app/Contents/PlugIns/LecternAppTests.xctest/Contents/MacOS/LecternAppTests

CopySwiftLibs /tmp/lectern-transitions21-worker-xcode/Build/Products/Debug/Lectern.app/Contents/PlugIns/LecternAppTests.xctest (in target 'LecternAppTests' from project 'Lectern')
    cd /path/to/user/.codex/worktrees/rostrum-metadata/rostrum/Lectern
    builtin-swiftStdLibTool --copy --verbose --sign 7B35F3DA522EE581F12475E7DD419B93C1AF1C6D --scan-executable /tmp/lectern-transitions21-worker-xcode/Build/Products/Debug/Lectern.app/Contents/PlugIns/LecternAppTests.xctest/Contents/MacOS/LecternAppTests --scan-folder /tmp/lectern-transitions21-worker-xcode/Build/Products/Debug/Lectern.app/Contents/PlugIns/LecternAppTests.xctest/Contents/Frameworks --scan-folder /tmp/lectern-transitions21-worker-xcode/Build/Products/Debug/Lectern.app/Contents/PlugIns/LecternAppTests.xctest/Contents/PlugIns --scan-folder /tmp/lectern-transitions21-worker-xcode/Build/Products/Debug/Lectern.app/Contents/PlugIns/LecternAppTests.xctest/Contents/Library/SystemExtensions --scan-folder /tmp/lectern-transitions21-worker-xcode/Build/Products/Debug/Lectern.app/Contents/PlugIns/LecternAppTests.xctest/Contents/Extensions --scan-folder /tmp/lectern-transitions21-worker-xcode/Build/Products/Debug/PackageFrameworks/LecternCore_44D1C1332000B761_PackageProduct.framework --platform macosx --toolchain /var/run/com.apple.security.cryptexd/mnt/com.apple.MobileAsset.MetalToolchain-v27.1.266.1.vjktuc/Metal.xctoolchain --toolchain /Applications/Xcode.app/Contents/Developer/Toolchains/XcodeDefault.xctoolchain --destination /tmp/lectern-transitions21-worker-xcode/Build/Products/Debug/Lectern.app/Contents/PlugIns/LecternAppTests.xctest/Contents/Frameworks --strip-bitcode --scan-executable /Applications/Xcode.app/Contents/Developer/Platforms/MacOSX.platform/Developer/usr/lib/libXCTestSwiftSupport.dylib --strip-bitcode-tool /Applications/Xcode.app/Contents/Developer/Toolchains/XcodeDefault.xctoolchain/usr/bin/bitcode_strip --emit-dependency-info /tmp/lectern-transitions21-worker-xcode/Build/Intermediates.noindex/Lectern.build/Debug/LecternAppTests.build/SwiftStdLibToolInputDependencies.dep --filter-for-swift-os

ExtractAppIntentsMetadata (in target 'LecternAppTests' from project 'Lectern')
    cd /path/to/user/.codex/worktrees/rostrum-metadata/rostrum/Lectern
    /Applications/Xcode.app/Contents/Developer/Toolchains/XcodeDefault.xctoolchain/usr/bin/appintentsmetadataprocessor --toolchain-dir /var/run/com.apple.security.cryptexd/mnt/com.apple.MobileAsset.MetalToolchain-v27.1.266.1.vjktuc/Metal.xctoolchain --module-name LecternAppTests --sdk-root /Applications/Xcode.app/Contents/Developer/Platforms/MacOSX.platform/Developer/SDKs/MacOSX27.0.sdk --xcode-version 27A266a --platform-family macOS --deployment-target 26.0 --bundle-identifier com.lectern.app.tests --output /tmp/lectern-transitions21-worker-xcode/Build/Products/Debug/Lectern.app/Contents/PlugIns/LecternAppTests.xctest/Contents/Resources --target-triple arm64-apple-macos26.0 --binary-file /tmp/lectern-transitions21-worker-xcode/Build/Products/Debug/Lectern.app/Contents/PlugIns/LecternAppTests.xctest/Contents/MacOS/LecternAppTests --dependency-file /tmp/lectern-transitions21-worker-xcode/Build/Intermediates.noindex/Lectern.build/Debug/LecternAppTests.build/Objects-normal/arm64/LecternAppTests_dependency_info.dat --stringsdata-file /tmp/lectern-transitions21-worker-xcode/Build/Intermediates.noindex/Lectern.build/Debug/LecternAppTests.build/Objects-normal/arm64/ExtractedAppShortcutsMetadata.stringsdata --source-file-list /tmp/lectern-transitions21-worker-xcode/Build/Intermediates.noindex/Lectern.build/Debug/LecternAppTests.build/Objects-normal/arm64/LecternAppTests.SwiftFileList --metadata-file-list /tmp/lectern-transitions21-worker-xcode/Build/Intermediates.noindex/Lectern.build/Debug/LecternAppTests.build/LecternAppTests.DependencyMetadataFileList --static-metadata-file-list /tmp/lectern-transitions21-worker-xcode/Build/Intermediates.noindex/Lectern.build/Debug/LecternAppTests.build/LecternAppTests.DependencyStaticMetadataFileList --swift-const-vals-list /tmp/lectern-transitions21-worker-xcode/Build/Intermediates.noindex/Lectern.build/Debug/LecternAppTests.build/Objects-normal/arm64/LecternAppTests.SwiftConstValuesFileList --compile-time-extraction --deployment-aware-processing --no-app-shortcuts-localization
2026-10-04 19:23:33.863 appintentsmetadataprocessor[89124:7845233] Starting appintentsmetadataprocessor export
2026-10-04 19:23:33.864 appintentsmetadataprocessor[89124:7845233] warning: Metadata extraction skipped, no AppIntents.framework dependency found

CodeSign /tmp/lectern-transitions21-worker-xcode/Build/Products/Debug/Lectern.app/Contents/PlugIns/LecternAppTests.xctest (in target 'LecternAppTests' from project 'Lectern')
    cd /path/to/user/.codex/worktrees/rostrum-metadata/rostrum/Lectern

    Signing Identity:     "Apple Development: Local Developer"

    /usr/bin/codesign --force --sign 7B35F3DA522EE581F12475E7DD419B93C1AF1C6D --timestamp\=none --generate-entitlement-der /tmp/lectern-transitions21-worker-xcode/Build/Products/Debug/Lectern.app/Contents/PlugIns/LecternAppTests.xctest

RegisterExecutionPolicyException /tmp/lectern-transitions21-worker-xcode/Build/Products/Debug/Lectern.app/Contents/PlugIns/LecternAppTests.xctest (in target 'LecternAppTests' from project 'Lectern')
    cd /path/to/user/.codex/worktrees/rostrum-metadata/rostrum/Lectern
    builtin-RegisterExecutionPolicyException /tmp/lectern-transitions21-worker-xcode/Build/Products/Debug/Lectern.app/Contents/PlugIns/LecternAppTests.xctest

Touch /tmp/lectern-transitions21-worker-xcode/Build/Products/Debug/Lectern.app/Contents/PlugIns/LecternAppTests.xctest (in target 'LecternAppTests' from project 'Lectern')
    cd /path/to/user/.codex/worktrees/rostrum-metadata/rostrum/Lectern
    /usr/bin/touch -c /tmp/lectern-transitions21-worker-xcode/Build/Products/Debug/Lectern.app/Contents/PlugIns/LecternAppTests.xctest

CodeSign /tmp/lectern-transitions21-worker-xcode/Build/Products/Debug/Lectern.app/Contents/MacOS/Lectern.debug.dylib (in target 'Lectern' from project 'Lectern')
    cd /path/to/user/.codex/worktrees/rostrum-metadata/rostrum/Lectern

    Signing Identity:     "Apple Development: Local Developer"

    /usr/bin/codesign --force --sign 7B35F3DA522EE581F12475E7DD419B93C1AF1C6D --timestamp\=none --generate-entitlement-der /tmp/lectern-transitions21-worker-xcode/Build/Products/Debug/Lectern.app/Contents/MacOS/Lectern.debug.dylib

CodeSign /tmp/lectern-transitions21-worker-xcode/Build/Products/Debug/Lectern.app/Contents/MacOS/__preview.dylib (in target 'Lectern' from project 'Lectern')
    cd /path/to/user/.codex/worktrees/rostrum-metadata/rostrum/Lectern

    Signing Identity:     "Apple Development: Local Developer"

    /usr/bin/codesign --force --sign 7B35F3DA522EE581F12475E7DD419B93C1AF1C6D --timestamp\=none --generate-entitlement-der /tmp/lectern-transitions21-worker-xcode/Build/Products/Debug/Lectern.app/Contents/MacOS/__preview.dylib

CodeSign /tmp/lectern-transitions21-worker-xcode/Build/Products/Debug/Lectern.app (in target 'Lectern' from project 'Lectern')
    cd /path/to/user/.codex/worktrees/rostrum-metadata/rostrum/Lectern

    Signing Identity:     "Apple Development: Local Developer"

    /usr/bin/codesign --force --sign 7B35F3DA522EE581F12475E7DD419B93C1AF1C6D --entitlements /tmp/lectern-transitions21-worker-xcode/Build/Intermediates.noindex/Lectern.build/Debug/Lectern.build/Lectern.app.xcent --timestamp\=none --generate-entitlement-der /tmp/lectern-transitions21-worker-xcode/Build/Products/Debug/Lectern.app

RegisterExecutionPolicyException /tmp/lectern-transitions21-worker-xcode/Build/Products/Debug/Lectern.app (in target 'Lectern' from project 'Lectern')
    cd /path/to/user/.codex/worktrees/rostrum-metadata/rostrum/Lectern
    builtin-RegisterExecutionPolicyException /tmp/lectern-transitions21-worker-xcode/Build/Products/Debug/Lectern.app

Validate /tmp/lectern-transitions21-worker-xcode/Build/Products/Debug/Lectern.app (in target 'Lectern' from project 'Lectern')
    cd /path/to/user/.codex/worktrees/rostrum-metadata/rostrum/Lectern
    builtin-validationUtility /tmp/lectern-transitions21-worker-xcode/Build/Products/Debug/Lectern.app -no-validate-extension -infoplist-subpath Contents/Info.plist

Touch /tmp/lectern-transitions21-worker-xcode/Build/Products/Debug/Lectern.app (in target 'Lectern' from project 'Lectern')
    cd /path/to/user/.codex/worktrees/rostrum-metadata/rostrum/Lectern
    /usr/bin/touch -c /tmp/lectern-transitions21-worker-xcode/Build/Products/Debug/Lectern.app

RegisterWithLaunchServices /tmp/lectern-transitions21-worker-xcode/Build/Products/Debug/Lectern.app (in target 'Lectern' from project 'Lectern')
    cd /path/to/user/.codex/worktrees/rostrum-metadata/rostrum/Lectern
    builtin-lsregisterurl --record-path /tmp/lectern-transitions21-worker-xcode/Build/Intermediates.noindex/XCBuildData/registered-launchservices.txt -- /System/Library/Frameworks/CoreServices.framework/Versions/Current/Frameworks/LaunchServices.framework/Versions/Current/Support/lsregister -f -R -trusted /tmp/lectern-transitions21-worker-xcode/Build/Products/Debug/Lectern.app

PruneExplicitPrecompiledModules /tmp/lectern-transitions21-worker-xcode/SDKExplicitPrecompiledModules

PruneExplicitPrecompiledModules /tmp/lectern-transitions21-worker-xcode/Build/Intermediates.noindex/ExplicitPrecompiledModules

PruneExplicitPrecompiledModules /tmp/lectern-transitions21-worker-xcode/Build/Intermediates.noindex/SwiftExplicitPrecompiledModules

2026-10-04 19:23:35.123839-0700 Lectern[89132:7845358] ApplePersistenceIgnoreState: Existing state will not be touched. New state will be written to /var/folders/f5/d9r1b8yn40dbl827trq2w67m0000gn/T/com.lectern.app.savedState
Test Suite 'Selected tests' started at 2026-10-04 19:23:35.406.
Test Suite 'LecternAppTests.xctest' started at 2026-10-04 19:23:35.406.
Test Suite 'LecternAppTests.xctest' passed at 2026-10-04 19:23:35.406.
	 Executed 0 tests, with 0 failures (0 unexpected) in 0.000 (0.000) seconds
Test Suite 'Selected tests' passed at 2026-10-04 19:23:35.406.
	 Executed 0 tests, with 0 failures (0 unexpected) in 0.000 (0.001) seconds
􀟈 Test run started.
􀄵 Testing Library Version: 2084
􀄵 Target Platform: arm64e-apple-macos14.0
􀟈 Suite LibraryTableTransitionsAppTests started.
􀟈 Test nativeTableTransitionsReachInspectorAndExport(alternative:) started.
􀟈 Test case passing 1 argument alternative → false to nativeTableTransitionsReachInspectorAndExport(alternative:) started.
​􀟈 Test case passing 1 argument alternative → true to nativeTableTransitionsReachInspectorAndExport(alternative:) started.
​􁁛 Test nativeTableTransitionsReachInspectorAndExport(alternative:) with 2 test cases passed after 12.213 seconds.
􁁛 Suite LibraryTableTransitionsAppTests passed after 12.213 seconds.
􁁛 Test run with 1 test in 1 suite passed after 12.214 seconds.
2026-10-04 19:23:47.895 xcodebuild[88755:7842740] [MT] IDETestOperationsObserverDebug: 13.749 elapsed -- Testing started completed.
2026-10-04 19:23:47.895 xcodebuild[88755:7842740] [MT] IDETestOperationsObserverDebug: 0.000 sec, +0.000 sec -- start
2026-10-04 19:23:47.895 xcodebuild[88755:7842740] [MT] IDETestOperationsObserverDebug: 13.749 sec, +13.749 sec -- end

Test session results, code coverage, and logs:
	/tmp/lectern-transitions21-worker-xcode/Logs/Test/Test-Lectern-2026.10.04_19-23-16--0700.xcresult

** TEST SUCCEEDED **

Testing started
